{
  "2024-6-22T14": {
    "HR": {
      "mean": 87.8,
      "max": 93,
      "min": 85,
      "median": 86
    },
    "RR": {
      "mean": 729.2,
      "max": 758,
      "min": 707,
      "median": 724,
      "median3dp": 724,
      "rmssd": 14.097872179871684,
      "sdnn": 19.33132173442882,
      "hf": null,
      "lf": null,
      "lfHfRatio": null
    }
  },
  "2024-6-22T13": {
    "HR": {
      "mean": 83,
      "max": 83,
      "min": 83,
      "median": 83
    },
    "RR": {
      "mean": 729.5,
      "max": 733,
      "min": 726,
      "median": 729.5,
      "median3dp": 729.5,
      "rmssd": 7,
      "sdnn": 4.949747468305833,
      "hf": 0,
      "lf": 0,
      "lfHfRatio": null
    }
  },
  "2024-6-22T12": {
    "HR": {
      "mean": 97.08,
      "max": 110,
      "min": 89,
      "median": 96
    },
    "RR": {
      "mean": 634.6533333333333,
      "max": 719,
      "min": 551,
      "median": 634,
      "median3dp": 634,
      "rmssd": 4.01012232744602,
      "sdnn": 36.12347194311789,
      "hf": null,
      "lf": null,
      "lfHfRatio": null
    }
  },
  "2024-6-22T11": {
    "HR": {
      "mean": 102.125,
      "max": 110,
      "min": 96,
      "median": 102
    },
    "RR": {
      "mean": 602.0694444444445,
      "max": 645,
      "min": 543,
      "median": 604,
      "median3dp": 604,
      "rmssd": 2.4609628254341867,
      "sdnn": 22.11323381023603,
      "hf": null,
      "lf": null,
      "lfHfRatio": null
    }
  },
  "2024-6-22T9": {
    "HR": {
      "mean": 96.09411764705882,
      "max": 106,
      "min": 87,
      "median": 96
    },
    "RR": {
      "mean": 646.3058823529411,
      "max": 722,
      "min": 561,
      "median": 649,
      "median3dp": 649,
      "rmssd": 2.954012605963366,
      "sdnn": 38.88445139415097,
      "hf": null,
      "lf": null,
      "lfHfRatio": null
    }
  },
  "2024-6-22T8": {
    "HR": {
      "mean": 92.70702179176756,
      "max": 101,
      "min": 85,
      "median": 92
    },
    "RR": {
      "mean": 664.0217917675545,
      "max": 727,
      "min": 593,
      "median": 666,
      "median3dp": 666,
      "rmssd": 0.8155050850174512,
      "sdnn": 25.055317628039873,
      "hf": null,
      "lf": null,
      "lfHfRatio": null
    }
  },
  "2024-6-22T5": {
    "HR": {
      "mean": 94.17021276595744,
      "max": 105,
      "min": 82,
      "median": 94
    },
    "RR": {
      "mean": 655.7253086419753,
      "max": 761,
      "min": 550,
      "median": 656,
      "median3dp": 656,
      "rmssd": 1.3753693565268441,
      "sdnn": 38.92743715789077,
      "hf": null,
      "lf": null,
      "lfHfRatio": null
    }
  },
  "DFA": 1.2438805965743212
}