{
  "2023-3-29T8": {
    "HR": {
      "mean": 73.45454545454545,
      "max": 79,
      "min": 71,
      "median": 73
    },
    "RR": {
      "mean": 804.060606060606,
      "max": 866,
      "min": 722,
      "median": 807,
      "median3dp": 807,
      "rmssd": 3.2910134048297692,
      "sdnn": 41.0065206026399,
      "hf": null,
      "lf": null,
      "lfHfRatio": null
    }
  },
  "2023-3-30T2": {
    "HR": {
      "mean": 92.5945945945946,
      "max": 99,
      "min": 88,
      "median": 93
    },
    "RR": {
      "mean": 680.7272727272727,
      "max": 737,
      "min": 618,
      "median": 676,
      "median3dp": 676,
      "rmssd": 9.265912953246586,
      "sdnn": 40.58874089505473,
      "hf": null,
      "lf": null,
      "lfHfRatio": null
    }
  },
  "2023-3-30T9": {
    "HR": {
      "mean": 121.75,
      "max": 130,
      "min": 115,
      "median": 121
    },
    "RR": {
      "mean": 505.75,
      "max": 537,
      "min": 470,
      "median": 508,
      "median3dp": 508,
      "rmssd": 24.610295948376294,
      "sdnn": 31.159535726109056,
      "hf": 334.06250000000006,
      "lf": 0,
      "lfHfRatio": 0
    }
  },
  "2023-4-7T9": {
    "HR": {
      "mean": 102.72222222222223,
      "max": 111,
      "min": 95,
      "median": 102.5
    },
    "RR": {
      "mean": 598.0555555555555,
      "max": 655,
      "min": 542,
      "median": 592.5,
      "median3dp": 592.5,
      "rmssd": 8.564633160647956,
      "sdnn": 32.077978926767564,
      "hf": null,
      "lf": null,
      "lfHfRatio": null
    }
  },
  "2023-4-8T21": {
    "HR": {
      "mean": 66.42857142857143,
      "max": 67,
      "min": 66,
      "median": 66
    },
    "RR": {
      "mean": 1173.1666666666667,
      "max": 2848,
      "min": 286,
      "median": 1056.5,
      "median3dp": 1056.5,
      "rmssd": 694.7117387809134,
      "sdnn": 950.9806342227305,
      "hf": null,
      "lf": null,
      "lfHfRatio": null
    }
  },
  "2023-4-8T22": {
    "HR": {
      "mean": 68.57598978288634,
      "max": 78,
      "min": 64,
      "median": 68
    },
    "RR": {
      "mean": 900.021711366539,
      "max": 971,
      "min": 762,
      "median": 908,
      "median3dp": 908,
      "rmssd": 0.626564537940509,
      "sdnn": 45.725225020830514,
      "hf": null,
      "lf": null,
      "lfHfRatio": null
    }
  }
}