{
  "2024-6-21T12": {
    "HR": {
      "mean": 81.7593220338983,
      "max": 87,
      "min": 76,
      "median": 82
    },
    "RR": {
      "mean": 755.4806629834254,
      "max": 866,
      "min": 649,
      "median": 756,
      "median3dp": 756,
      "rmssd": 0.9162332644223021,
      "sdnn": 39.021035744274556,
      "hf": null,
      "lf": null,
      "lfHfRatio": null
    }
  },
  "2024-6-21T11": {
    "HR": {
      "mean": 84.54111405835543,
      "max": 94,
      "min": 77,
      "median": 84
    },
    "RR": {
      "mean": 733.1253731343284,
      "max": 872,
      "min": 593,
      "median": 733,
      "median3dp": 733,
      "rmssd": 1.8724283761874834,
      "sdnn": 48.682483857297626,
      "hf": null,
      "lf": null,
      "lfHfRatio": null
    }
  }
}