window_start,activity,n_samples,coverage,quality_fraction,valid_window,hr_mean,delta_hr,hr_slope_bpm_min,rr_mean_ms,sdnn,rmssd,dfa_alpha1,acc_mean,ecg_mean,z_hr_mean,z_delta_hr,z_hr_slope_bpm_min,z_rmssd,z_sdnn,z_dfa_alpha1,D_feature,D_mahalanobis,C,V,A,L,D_reg,episode_id,phase,R,dD_dt,D_OP,dDOP_dt,d2DOP_dt2
2026-09-12 05:47:00,Berbaring,38,0.6333333333333333,1.0,1,77.02631578947368,3.0,0.7156143998249658,782.3947368421053,49.27558436785647,41.33743804088231,1.3369401028917682,0.9842128275540825,0.03463157894736842,0.28907846912605745,0.6744907594765952,0.1298335422161774,0.2990340163152965,0.5086840080862384,0.6680476420549101,0.4743116608425733,1.2527210549335577,0.3634154016377892,0.2296538536143116,0.20426417309061934,0.2275314289411049,0.5275472018614399,0,baseline,1.0,,0.5275472018614399,,
2026-09-12 05:48:00,Berbaring,60,1.0,1.0,1,75.55,-4.0,-1.7654904140037915,802.1666666666666,37.192657680121954,37.76510810034189,0.8373861419413445,0.9837530129432721,-0.005183333333333332,0.15947829237082145,-0.8993210126354603,-0.43473926341966296,0.17203519601761397,0.017907804254850283,-1.0667359520927642,0.6042974193603068,1.5476573859351823,-0.24237342621386132,0.06709967504114217,-0.365792870276838,0.27122490572986024,0.52020632210577,0,baseline,1.0,0.12998575851773347,0.52020632210577,-0.007340879755669882,
2026-09-12 05:49:00,Berbaring,60,1.0,1.0,1,77.68333333333334,-1.0,-6.860238955265302,774.5333333333333,55.0674368285837,33.9688291810625,1.333279171902713,0.9847696635428762,-0.011266666666666668,0.3467555531365577,-0.22483025315886507,-1.5940439658721242,0.03707483337078964,0.7439335827371089,0.6553344548608043,0.7848608356497666,1.9368184022698338,-0.11532473254867485,0.13617227748895464,-0.007256337185080399,0.21362291766472719,0.27844225339356565,0,baseline,1.0,0.18056341628945982,0.27844225339356565,-0.24176406871220435,-0.23442318895653447
2026-09-12 05:50:00,Berbaring,60,1.0,1.0,1,82.58333333333333,13.0,11.84495693248132,718.75,50.018513521647705,31.3122600129509,1.4281360837255825,0.9833660103027423,-0.0016666666666666696,0.7769080114578562,2.9227932910652457,2.662303796404219,-0.05736805292608208,0.5388598056588124,0.9847407398370078,1.707705258197759,2.4408514424728667,0.9358430596781449,-0.05217166747501378,0.6293603497369803,0.5139510011957087,1.2404693453229712,0,baseline,1.0,0.9228444225479924,1.2404693453229712,0.9620270919294055,1.2037911606416098
2026-09-12 05:51:00,Berbaring,60,1.0,1.0,1,84.83333333333333,-10.0,-1.270352875798815,721.5333333333333,48.553820100252494,31.055172335917884,1.4184099931711511,0.9808487500812186,-0.036733333333333326,0.974426997421718,-2.2483025315886507,-0.3220712344182488,-0.06650769910650334,0.47936787165089967,0.9509652848352673,1.098988469022409,3.0850233575776387,-0.18472148064594135,-0.11116137297312481,0.14862589539167276,0.44987904326404693,0.5205378820051906,0,baseline,1.0,-0.60871678917535,0.5205378820051906,-0.7199314633177806,-1.681958555247186
2026-09-12 05:52:00,Berbaring,60,1.0,1.0,1,80.28333333333333,-5.0,-16.55959988885793,764.4833333333333,74.45883669237601,34.89038525225607,1.148566864649009,0.9775554537198937,0.0031666666666666653,0.5749997146947976,-1.1241512657943253,-3.8011234026745875,0.06983679428362864,1.5315604431888166,0.013890476213839655,1.75088679326375,4.326797238817922,-0.5307322861017543,0.2970677067033538,-0.4239616005841573,0.3586200985487218,0.8235762233878293,0,baseline,1.0,0.651898324241341,0.8235762233878293,0.30303834138263874,1.0229698047004194
2026-09-12 05:53:00,Berbaring,60,1.0,1.0,1,85.31666666666666,4.0,5.2864684634621435,708.55,70.00203992185041,34.56190711938237,1.2430623044923654,0.976671670608728,0.007133333333333333,1.016857001813955,0.8993210126354603,1.16992660417649,0.05815916761898907,1.350537264217874,0.3420414900705623,0.9269870977899848,2.7743798921508023,0.7635011988764364,0.1647355269124033,0.3780044897165293,0.3528321092559109,0.9367228864934878,0,baseline,1.0,-0.8238996954737652,0.9367228864934878,0.11314666310565846,-0.18989167827698028
2026-09-12 05:54:00,Berbaring,60,1.0,1.0,1,76.65,2.0,6.363434287302098,789.2666666666667,54.661629918167776,37.64058393970574,0.8898443953490744,0.979173424384144,0.01711666666666667,0.25604312995315465,0.44966050631773014,1.4149890510954306,0.16760827527888802,0.7274507901050355,-0.8845660074961234,0.7756374666086071,2.4886591477943107,0.4526039461387721,0.21922194048529225,-0.048514981253246894,0.2468596581516841,0.5623184022235932,0,baseline,1.0,-0.15134963118137768,0.5623184022235932,-0.3744044842698946,-0.48755114737555305
2026-09-12 05:55:00,Berbaring,60,1.0,1.0,1,74.81666666666666,8.0,7.090302861906137,793.15,57.82200185314483,20.438829778435565,1.6979288622531057,0.978861955641914,0.020333333333333335,0.09510173398259973,1.7986420252709205,1.5803872350840613,-0.4439260795801648,0.8558166555139326,1.9216406997905076,1.3142790659249681,2.4182909103521317,0.6799153771296358,-0.04918580486850775,0.6557575125307876,0.465888371212996,1.0544069675082588,0,baseline,1.0,0.538641599316361,1.0544069675082588,0.4920885652846656,0.8664930495545602
2026-09-12 05:56:00,Berbaring,60,1.0,1.0,1,78.61666666666666,-10.0,-9.831064184495613,782.2833333333333,57.03644141877642,41.59795464332922,1.5218274192786307,0.9795085794897017,-0.026799999999999997,0.42868935472156616,-2.2483025315886507,-2.270052139880712,0.30829556318510004,0.8239092892091427,1.3100993688067075,1.4652649692944615,2.411868216221275,-0.6522584539043983,0.281952573528055,-0.2466063646516266,0.4629402231746572,0.8832138437142738,0,baseline,1.0,0.15098590336949336,0.8832138437142738,-0.171193123793985,-0.6632816890786506
2026-09-12 05:57:00,Berbaring,60,1.0,1.0,1,77.28333333333333,15.0,7.983884412336788,768.5666666666667,65.07788467249321,33.13454851185912,1.1520561894622956,0.9827159439694356,-0.010333333333333337,0.3116410667429818,3.372453797382976,1.783720782372836,0.007415573854026748,1.1505312323341332,0.02600773263439811,1.6318025875751119,3.46242602540714,0.8958305776731613,0.22544294469530654,0.35741114389708106,0.5506010726495485,1.1332436684984277,0,baseline,1.0,0.1665376182806504,1.1332436684984277,0.2500298247841539,0.4212229485781389
2026-09-12 05:58:00,Berbaring,60,1.0,1.0,1,89.91666666666667,-8.0,-3.6193387051958372,676.4166666666666,41.89263584274815,30.84680572974799,1.098170583513271,0.9826229210853591,-0.007350000000000001,1.4206735953400733,-1.7986420252709205,-0.8565805033172931,-0.07391527724554975,0.20880836174028092,-0.1611189292846161,1.0051683497261577,2.4721209769675814,0.11280858146668957,-0.2660294977404644,0.17433797123652844,0.40319289617113574,0.5257905566461871,0,baseline,1.0,-0.6266342378489542,0.5257905566461871,-0.6074531118522406,-0.8574829366363945
2026-09-12 05:59:00,Berbaring,60,1.0,1.0,1,78.3,-5.0,0.8135593220339511,778.9166666666666,63.10316859719209,63.63921081017876,0.914836762736495,0.9775209228140085,0.018666666666666668,0.40089038632665264,-1.1241512657943253,0.15212080683357918,1.0918775888267318,1.0703235405946072,-0.7977758860843722,0.8584681536569052,2.606566843322491,-0.09366220819641986,0.6572379011790582,-0.5172297222544373,0.3743538967812571,0.9210872345273262,0,baseline,1.0,-0.14670019606925244,0.9210872345273262,0.3952966778811391,1.0027497897333797
2026-09-12 06:00:00,Berbaring,60,1.0,1.0,1,79.16666666666667,2.0,-11.943317588218902,762.4166666666666,68.27320283968447,37.60567032613521,1.2791118695937407,0.9806554196506406,-0.017566666666666668,0.4769717735127334,0.44966050631773014,-2.7506931928935643,0.16636707197191805,1.2803165203405131,0.4672295558303505,1.2833031298070594,4.007796371721492,-0.015370141081408654,0.30605482521751626,-0.08314542238115476,0.2883807865088057,0.4289317388188531,0,baseline,1.0,0.4248349761501542,0.4289317388188531,-0.4921554957084731,-0.8874521735896121
2026-09-12 06:01:00,Berbaring,60,1.0,1.0,1,85.2,3.0,-2.3006390664072915,702.5,50.382099323106715,39.96778363649352,1.1361389747389097,0.9964420811770732,0.0008166666666666693,1.0066152766158294,0.6744907594765952,-0.5565117796131428,0.25034184720770647,0.553627689634156,-0.02926742305473082,0.5983238674036481,2.0870067242378516,0.5866277873380448,0.07463284822860725,0.2689612501512447,0.26152659869976347,0.7003131719611106,0,baseline,1.0,-0.6849792624034113,0.7003131719611106,0.27138143314225754,0.7635369288507307
2026-09-12 06:02:00,Berbaring,60,1.0,1.0,1,80.28333333333333,-11.0,-10.417893859405368,763.95,54.833314443697056,40.78779312241115,1.4396321650795774,0.9878318635538299,0.014033333333333335,0.5749997146947976,-2.4731327847475155,-2.4035846186972374,0.27949375620766126,0.7344241568954991,1.0246627800745718,1.5216032595583147,2.368902822629385,-0.6562667180965852,0.21873548118125574,-0.26949449940038855,0.4711038084675562,0.8792595177583011,0,baseline,1.0,0.9232793921546666,0.8792595177583011,0.1789463457971905,-0.09243508734506706
2026-09-12 06:03:00,Berbaring,60,1.0,1.0,1,79.83333333333333,-4.0,1.7904973603779302,761.7,49.06422632718003,29.072090407777115,1.3926119865913025,0.9883742283658808,0.03456666666666666,0.535495917502025,-0.8993210126354603,0.37442203577243127,-0.1370076444137478,0.5000992090939778,0.8613774483355051,0.6119051457492124,2.0418043595954547,0.08071379205665973,-0.057365534859728916,0.24324387954164112,0.2771319298705939,0.38180520204179597,0,baseline,1.0,-0.9096981138091023,0.38180520204179597,-0.49745431571650517,-0.6764006615136957
2026-09-12 06:04:00,Berbaring,60,1.0,1.0,1,78.18333333333334,1.0,-1.7588218949707841,771.6833333333333,52.372036679784564,34.53418841512748,1.3103903626719118,0.9870228027599125,0.013183333333333335,0.39064866112852703,0.22483025315886507,-0.43322184888767024,0.05717374835505106,0.6344536291612071,0.57584928639647,0.4336355680427899,1.2210554612642766,0.21396466806510628,0.11146414497828434,0.1698819909245289,0.1949566340412785,0.3536567754096305,0,baseline,1.0,-0.1782695777064225,0.3536567754096305,-0.02814842663216549,0.4693058890843397
2026-09-12 06:05:00,Berbaring,60,1.0,1.0,1,83.33333333333333,6.0,7.6121144762434705,714.3,52.457989648537826,37.8260962738958,1.0492081270820315,0.9913774532288061,-0.013550000000000003,0.84274767344581,1.3489815189531904,1.699124922213521,0.17420336811324214,0.6379448091379576,-0.33114914180556915,0.9969938505284535,2.1445125750036067,0.8086356458229201,0.08653157003523272,0.3193538527264159,0.3244541851715972,0.9320068249936714,0,baseline,1.0,0.5633582824856636,0.9320068249936714,0.5783500495840409,0.6064984762162065
2026-09-12 06:06:00,Berbaring,60,1.0,1.0,1,80.15,-5.0,-8.173937204779067,757.75,52.61617493135338,30.873717636170188,1.4294444503592225,0.9999197548671727,-0.028650000000000005,0.5632948858969398,-1.1241512657943253,-1.8929746286772742,-0.07295854020712729,0.6443698727511481,0.9892842589532422,1.045911800630726,1.8771402642880541,-0.3016914564875176,0.008306102870168974,0.027351370583775455,0.3202433872395414,0.4408975513721021,0,baseline,1.0,0.04891795010227251,0.4408975513721021,-0.49110927362156925,-1.0694593232056102
2026-09-12 06:07:00,Berbaring,60,1.0,1.0,1,77.26666666666667,2.0,4.2211725479300375,780.4666666666667,51.639055862742886,35.745332752113555,1.2988583551629418,1.0028837178294616,0.008049999999999995,0.3101779631432496,0.44966050631773014,0.9275196326885564,0.10023077404069683,0.6046819064515006,0.5358024866551818,0.5509791783036243,1.1502302782290743,0.41746990419910357,0.14326930432441348,0.2523966015546776,0.1968575112368336,0.5452193491433708,0,baseline,1.0,-0.49493262232710167,0.5452193491433708,0.10432179777126865,0.5954310713928379
2026-09-12 06:08:00,Berbaring,60,1.0,1.0,1,89.5,13.0,11.89663795498756,668.85,50.983156075215966,26.771791377480177,1.3904149343625622,0.9897813916744583,0.006199999999999998,1.3840960053467652,2.9227932910652457,2.6740637590272613,-0.21878487889154077,0.5780410092470973,0.8537478217889499,1.7663494811082479,2.736620863164417,0.9666949507496787,-0.24739928574867925,0.6850144858801084,0.5325999355550401,1.3223513419710748,0,baseline,1.0,1.2153703028046237,1.3223513419710748,0.7771319928277041,0.6728101950564354
2026-09-12 06:09:00,Berbaring,27,0.45,1.0,0,87.66666666666667,0.0,-3.406593406593353,687.7407407407408,46.33207278614857,33.0582236946596,1.0253183789616798,0.9825450954242455,0.002481481481481487,1.2231546093762116,0.0,-0.8081705331103154,0.004702173382874032,0.3891264309082888,-0.41411023579561224,0.6418950571137944,2.167868905031147,0.5016506620103832,-0.14376028818362252,0.26562797325554216,0.2603529449852362,0.640829371433946,0,baseline,1.0,-1.1244544239944534,0.640829371433946,-0.6815219705371288,-1.4586539633648328
2026-09-12 06:46:00,Lainnya,21,0.35,1.0,0,127.47619047619048,-1.0,2.4693819424665913,509.95238095238096,125.36047071963164,168.93445474502826,,0.9694698826949913,-0.5734761904761906,2.0100098866309546,-0.1686226898691488,0.34932387747269705,10.743210473142344,5.063746120633637,,5.389781008013832,18.21913077990336,0.8031120219743344,0.9999973797865018,-0.10786566283941032,0.932373694883514,1.589320416892105,0,baseline,1.0,4.747885950900038,1.589320416892105,0.9484910454581589,1.6300130159952877
2026-09-12 07:17:00,Lainnya,49,0.8166666666666667,1.0,1,120.42857142857143,-6.0,-9.87952629466072,499.44897959183675,12.045160204569363,7.760745239129208,1.0282125352662406,0.9749880643780708,-0.046204081632653056,1.6410406299222644,-1.011736139214893,-1.9320215532385059,-0.8991423101281176,-0.9314170421149918,-0.8154187863701561,1.2773823523125587,2.943607569059156,0.29975306733434276,-0.7839704054775077,0.4077955147046994,0.42324748378774624,1.024644871351457,0,baseline,1.0,-4.1123986557012735,1.024644871351457,-0.5646755455406478,-1.5131665909988068
2026-09-12 07:18:00,Lainnya,60,1.0,1.0,1,115.33333333333333,1.0,-7.185329258127167,521.3333333333334,18.316119293908866,11.434411340854606,1.0087216847316574,0.9773134938786454,-0.009583333333333333,1.3742858294639546,0.1686226898691488,-1.4342938204943114,-0.6337757258672793,-0.5996399613601845,-0.8910006379300224,0.9599840108792308,3.0913364953705322,0.5308298941862319,-0.6488696098890072,0.43871191691190087,0.3407591649522461,1.005682406000396,0,baseline,1.0,-0.3173983414333279,1.005682406000396,-0.018962465351061164,0.5457130801895866
2026-09-12 07:19:00,Lainnya,60,1.0,1.0,1,114.53333333333333,-5.0,-2.287302028341121,525.7833333333333,11.721473365285924,7.631335933871161,1.3475082359610258,0.9780229288373318,-0.020816666666666667,1.3324028327564819,-0.8431134493457441,-0.5294290481919105,-0.9084901671072174,-0.9485423132395912,0.4227498718316443,0.8822544107894517,2.1056626047954965,0.3803537486207429,-0.7629706316491125,0.6127909589271961,0.37406276323551035,1.114553214984011,0,baseline,1.0,-0.07772960008977914,1.114553214984011,0.10887080898361501,0.12783327433467617
2026-09-12 07:20:00,Lainnya,60,1.0,1.0,1,112.75,1.0,1.6221172547930547,532.35,10.478104693411959,9.460891848883549,1.169725615164728,0.9775814123695281,-0.03786666666666667,1.2390386525960735,0.1686226898691488,0.19279964174992653,-0.7763325375248703,-1.0143251101577857,-0.2666576853761771,0.7420103385523332,1.9038278491326956,0.6416526690836536,-0.7298339212892433,0.6049933129781812,0.3324378440275555,1.1920182587933017,0,baseline,1.0,-0.14024407223711843,1.1920182587933017,0.07746504380929076,-0.03140576517432425
2026-09-12 07:21:00,Lainnya,60,1.0,1.0,1,109.85,-2.0,3.6626840789109125,547.6833333333333,16.741799577923054,8.374699589856283,1.4855650370151843,0.975385979505336,-0.048783333333333324,1.087212789531484,-0.3372453797382976,0.5697752991012424,-0.854793432349594,-0.6829323560486538,0.9581081736969728,0.7890341854415734,2.128867673498691,0.5243058974871699,-0.695386967866543,0.69751921428209,0.3383147171648092,1.165954377907412,0,baseline,1.0,0.04702384688924022,1.165954377907412,-0.026063880885889734,-0.10352892469518049
2026-09-12 07:22:00,Lainnya,60,1.0,1.0,1,110.03333333333333,-4.0,-7.96888024451228,547.6666666666666,20.025125460718446,7.787430115038604,1.4052819187527925,0.9797002166836474,-0.06689999999999999,1.0968109762769467,-0.6744907594765952,-1.5790475451308439,-0.8972147331041266,-0.5092217224691113,0.6467853447365465,0.9690163031122626,1.9387658180541953,0.16258590912688117,-0.685880946606726,0.5342070337575825,0.3271735551884044,0.9430199048246266,0,baseline,1.0,0.17998211767068917,0.9430199048246266,-0.22293447308278536,-0.19687059219689562
2026-09-12 07:23:00,Lainnya,60,1.0,1.0,1,109.18333333333334,2.0,-1.3753820505695344,549.4333333333333,15.110179155929746,7.623558491137627,1.5320800728685589,0.9770051088198403,0.03814999999999999,1.0523102922752572,0.3372453797382976,-0.3609603516468442,-0.9090519692294933,-0.7692563541479435,1.1384847318637707,0.8231709096220751,2.0444055059223545,0.5551535654181137,-0.7176365512132041,0.7295344984709743,0.35826891827823093,1.2181029936327943,0,baseline,1.0,-0.14584539349018755,1.2181029936327943,0.2750830888081677,0.49801756189095303
2026-09-12 07:24:00,Lainnya,60,1.0,1.0,1,113.08333333333333,1.0,0.8485690469575625,530.0166666666667,11.466224042173202,7.2075760517925085,1.419480426554944,0.9736276296997921,0.0424,1.256489901224187,0.1686226898691488,0.04989383700237552,-0.9391003829897041,-0.9620467667179983,0.7018444868283553,0.8072297352430321,1.9440940672173044,0.634635804319805,-0.7650641394208995,0.7212300891069822,0.3572485350913711,1.2790172394501504,0,baseline,1.0,-0.015941174379042966,1.2790172394501504,0.06091424581735616,-0.21416884299081151
2026-09-12 07:25:00,Lainnya,60,1.0,1.0,1,109.93333333333334,-7.0,-10.072797999444177,549.0333333333333,21.69508783476555,9.373601590619318,1.3543584273292995,0.9787514036217353,0.010733333333333336,1.091575601688513,-1.1803588290840417,-1.9677266951123333,-0.7826379330162967,-0.4208691700862394,0.44931362523147056,1.1141714659033817,2.0298498007898664,-0.0488611324128997,-0.6375193088545694,0.3915460506958869,0.3448338479963168,0.8252496422068729,0,baseline,1.0,0.3069417306603496,0.8252496422068729,-0.45376759724327753,-0.5146818430606337
2026-09-12 07:26:00,Lainnya,60,1.0,1.0,1,113.28333333333333,8.0,7.617115865518292,529.3833333333333,27.041770367946853,7.890135441685117,1.9259037648522925,0.9723357934807267,0.010383333333333333,1.2669606504010553,1.3489815189531904,1.3003196285434788,-0.8897958330291365,-0.13799270776052996,2.665658919334885,1.4737869390687661,3.3526379767263452,0.8608377455247321,-0.651141580743965,0.8774833787899459,0.5290683817828736,1.488259861364547,0,baseline,1.0,0.35961547316538445,1.488259861364547,0.6630102191576741,1.1167778164009516
2026-09-12 07:27:00,Lainnya,60,1.0,1.0,1,106.9,-9.0,-11.299805501528123,565.0166666666667,24.484164143080537,13.88695278407465,1.3760313015669858,0.9799071627559073,-0.0009500000000000006,0.9327692391726783,-1.5176042088223392,-2.194404868160184,-0.45661685308899924,-0.2733077552544604,0.5333569542079035,1.1941705234036046,2.070671747377927,-0.26494464064979495,-0.46683842506825257,0.2143371736511363,0.3511047084828556,0.6762756228468123,0,baseline,1.0,-0.2796164156651615,0.6762756228468123,-0.8119842385177347,-1.4749944576754088
2026-09-12 07:28:00,Lainnya,60,1.0,1.0,1,106.21666666666667,5.0,4.22950819672136,564.5333333333333,12.84122950270896,7.5217199619794854,1.2132279275839162,0.9793377121506711,-0.09291666666666668,0.896994179485045,0.8431134493457441,0.6744907594765952,-0.9164082563499125,-0.8892994738048623,-0.09796390190356581,0.7757395614948256,1.4378058465468877,0.6897372740001056,-0.7190852829018776,0.6382762943852176,0.32781466908554224,1.2278763115529832,0,baseline,1.0,-0.41843096190877904,1.2278763115529832,0.5516006887061708,1.3635849272239056
2026-09-12 07:29:00,Lainnya,60,1.0,1.0,1,106.73333333333333,5.0,4.761322589608269,560.8166666666667,12.988249796195081,9.095538112685913,1.1936703149658145,0.9796077021608375,-0.012349999999999998,0.9240436148586212,0.8431134493457441,0.7727385002405379,-0.8027237963755771,-0.8815210840737824,-0.1738046442633673,0.7760449567824034,1.5162669948103569,0.7049478282838141,-0.6893347601150842,0.6243450677127882,0.32182660540935326,1.2105837350764217,0,baseline,1.0,0.000305395287577781,1.2105837350764217,-0.01729257647656146,-0.5688932651827323
2026-09-12 07:30:00,Lainnya,60,1.0,1.0,1,106.1,-5.0,-2.9974993053625454,566.8833333333333,9.846433866482101,7.554323041157923,1.2731448724763972,0.9789181500424987,-0.0016333333333333293,0.8908862424652048,-0.8431134493457441,-0.6606313603092826,-0.9140531790188768,-1.0477448630171264,0.13438273821605817,0.8054267618359516,1.469344912310074,0.13709006917321143,-0.7365256047134111,0.4678897254352762,0.3401102875324509,0.9464985242025876,0,baseline,1.0,0.02938180505354826,0.9464985242025876,-0.2640852108738341,-0.24679263439727261
2026-09-12 07:31:00,Lainnya,60,1.0,1.0,1,106.73333333333333,8.0,6.898582939705533,560.95,18.086819810222515,11.527417574296654,1.2673427969803495,0.9815380400085735,0.006300000000000001,0.9240436148586212,1.3489815189531904,1.167577383185292,-0.6270574379771819,-0.6117714889674001,0.11188338098671016,0.8959936720889806,1.7805416597952226,0.7961671656423216,-0.5932285762308616,0.6564469533897067,0.34002101853853905,1.237876890068813,0,baseline,1.0,0.09056691025302899,1.237876890068813,0.29137836586622545,0.5554635767400595
2026-09-12 07:32:00,Lainnya,60,1.0,1.0,1,106.76666666666667,-5.0,1.66379549874969,563.2333333333333,10.427094215806758,9.718059372431396,1.0985682528648895,0.9809013754660221,0.002716666666666668,0.9257887397214325,-0.8431134493457441,0.2004993079539938,-0.7577560895252388,-1.0170239170080062,-0.5425925495420739,0.7649688082257738,2.103322979668157,0.2787485413976594,-0.6942840537653392,0.402517380377943,0.34070562648669256,0.9153314492959184,0,baseline,1.0,-0.13102486386320678,0.9153314492959184,-0.3225454407728947,-0.6139238066391202
2026-09-12 07:33:00,Lainnya,60,1.0,1.0,1,113.45,9.0,11.608224506807563,527.2333333333333,17.377529487054435,6.693026981081992,1.536742097026949,0.9814724986666646,-0.013333333333333338,1.2756862747151125,1.5176042088223392,2.037639664245304,-0.9762687389447833,-0.6492978496844377,1.1565631844835136,1.3413177696694294,2.5088836014147007,0.8981476281294289,-0.741772831713147,0.8121350701739166,0.4380357029067967,1.486046683321121,0,baseline,1.0,0.5763489614436555,1.486046683321121,0.5707152340252026,0.8932606747980973
2026-09-12 07:34:00,Lainnya,60,1.0,1.0,1,118.31666666666666,5.0,1.3620450125035979,506.6666666666667,6.841217719602677,5.352015302352019,0.9908127349376236,0.9653119177634263,0.004800000000000002,1.5304745046855723,0.8431134493457441,0.14475372463653724,-1.0731364669267385,-1.2067415692695798,-0.9604481760209866,1.049162676394024,2.7404954209394794,0.8063158978785634,-0.8330451863298883,0.6104001943921346,0.4365844127574301,1.381051757326936,0,baseline,1.0,-0.29215509327540534,1.381051757326936,-0.10499492599418492,-0.6757101600193876
2026-09-12 07:35:00,Lainnya,60,1.0,1.0,1,117.01666666666667,-5.0,-3.972770213948253,513.7333333333333,7.925215425969353,4.347218085712489,1.1946158553830877,0.9725714507887724,-0.016516666666666673,1.462414635035929,-0.8431134493457441,-0.8408035494845377,-1.145717806077076,-1.1493905980003474,-0.17013801640967832,1.018099736815458,2.1306638133471467,0.4013637361700378,-0.8366721006815959,0.5695740357971961,0.4084365180866204,1.1629049936827833,0,baseline,1.0,-0.031062939578565985,1.1629049936827833,-0.21814676364415275,-0.11315183764996783
2026-09-12 07:36:00,Lainnya,60,1.0,1.0,1,112.85,-4.0,-6.26340650180593,533.7,13.710443872699404,7.20404782637829,1.2749619954750464,0.9777998864799696,-0.023616666666666668,1.2442740271845074,-0.6744907594765952,-1.2639772040602582,-0.9393552436930852,-0.8433120256143921,0.14142919934951334,0.9322338473220694,1.8837377109882485,0.28434862167435593,-0.7514720110512783,0.5356157466507312,0.3463924862211345,1.025883182731951,0,baseline,1.0,-0.08586588949338869,1.025883182731951,-0.13702181095083232,0.08112495269332043
2026-09-12 07:37:00,Lainnya,60,1.0,1.0,1,111.7,3.0,2.80744651292036,536.75,9.599832272546065,8.087445805754555,0.8667165569989778,0.9808150742409671,-0.02171666666666667,1.1840672194175155,0.5058680696074465,0.4117781485937093,-0.8755431557573022,-1.0607917918489005,-1.4416698078560515,0.9830010008250173,2.497370711151765,0.6987041309167518,-0.7546029274059093,0.47071224595032823,0.41167760254120866,1.2036035508137142,0,baseline,1.0,0.050767153502947915,1.2036035508137142,0.17772036808176317,0.3147421790325955
2026-09-12 07:38:00,Lainnya,60,1.0,1.0,1,117.23333333333333,3.0,2.874131703250991,511.4166666666667,14.518593183314934,6.297699337786184,1.4443118805539519,0.9853578785382325,0.02965,1.473757946644203,0.5058680696074465,0.4240976145202196,-1.0048251573726923,-0.8005553411471249,0.7981361938956573,0.9032633070263929,2.243156893419462,0.7722756693679519,-0.7808497837514853,0.767348175561456,0.3846499858691703,1.3938848332803926,0,baseline,1.0,-0.07973769379862439,1.3938848332803926,0.19028128246667841,0.012560914384915245
2026-09-12 07:39:00,Lainnya,60,1.0,1.0,1,106.41666666666667,-10.0,-10.824673520422289,565.8,20.18541174852837,15.491933384829668,0.8723039071544193,0.9808699562180089,-0.031400000000000004,0.9074649286619133,-1.6862268986914881,-2.1066286734337822,-0.34068137935957327,-0.5007414699436237,-1.4200031151013008,1.3221165346529598,2.607452183649889,-0.31199737694528445,-0.4574274076761052,-0.20122997405314041,0.4230519839120056,0.7252921342902673,0,baseline,1.0,0.41885322762656685,0.7252921342902673,-0.6685926989901253,-0.8588739814568037
2026-09-12 07:40:00,Lainnya,60,1.0,1.0,1,103.23333333333333,-2.0,-0.10669630452894327,582.4666666666667,16.15545945049218,13.408193801439072,1.3652601444911696,0.9794194069962517,-0.003266666666666665,0.7408055042634273,-0.3372453797382976,-0.12658251239492416,-0.4911999187210466,-0.7139538015782732,0.4915884334454127,0.5277652496743503,1.4489354935813004,0.2796312856459215,-0.5347753938302664,0.49769789152548666,0.24999832652551113,0.8212068754295586,0,baseline,1.0,-0.7943512849786094,0.8212068754295586,0.09591474113929133,0.7645074401294166
2026-09-12 07:41:00,Lainnya,60,1.0,1.0,1,103.38333333333334,1.0,2.5223673242567894,581.2166666666667,14.167391141329176,12.393956974732703,0.8393265806617968,0.9796499559044292,-0.0025666666666666676,0.7486585661460787,0.1686226898691488,0.3591124317578552,-0.5644631263403272,-0.8191363566800192,-1.5478829832160426,0.8269854614208118,2.142259567072169,0.4747741454941961,-0.5816617651369397,0.26498577738757867,0.359677950855501,0.8736856349976667,0,baseline,1.0,0.2992202117464614,0.8736856349976667,0.0524787595681081,-0.043435981571183224
2026-09-12 07:42:00,Lainnya,60,1.0,1.0,1,105.93333333333334,3.0,1.7871631008614042,566.0833333333334,10.302692862838759,10.335884503736304,0.8111131308312101,0.9778687265512607,-0.11853333333333334,0.8821606181511484,0.5058680696074465,0.22329031991804646,-0.7131276066351129,-1.0236056084433456,-1.6572894338634123,0.9475315403379623,2.3739665824470753,0.5852707577165743,-0.677540758057723,0.34793151643924175,0.40344096783831784,1.0418369802083223,0,baseline,1.0,0.12054607891715052,1.0418369802083223,0.16815134521065556,0.11567258564254745
2026-09-12 07:43:00,Lainnya,60,1.0,1.0,1,106.1,1.0,3.1975548763546193,565.7166666666667,13.025518196746928,9.475212980031063,1.2173458896272047,0.9781297300587668,-0.043283333333333326,0.8908862424652048,0.1686226898691488,0.48384702426380694,-0.7752980532930065,-0.8795493280850513,-0.0819952198117942,0.6373953717393147,1.3480537352236928,0.5463415711626228,-0.6775000776436603,0.5761723463030544,0.2824613011641124,1.0813206864234584,0,baseline,1.0,-0.31013616859864757,1.0813206864234584,0.03948370621513608,-0.12866763899551947
2026-09-12 07:44:00,Lainnya,60,1.0,1.0,1,105.26666666666667,-2.0,-1.1369824951374554,569.65,9.832193748004821,8.024327417826031,1.0542903399759067,0.9793886219736065,-0.02625,0.8472581208949208,-0.3372453797382976,-0.3169182609595565,-0.8801025007126798,-1.0484982637124087,-0.7142939657228505,0.7434337948492316,1.4851232508002843,0.30704597177124465,-0.72382474191973,0.40039570751380765,0.33033765023125194,0.942146045765676,0,baseline,1.0,0.10603842310991685,0.942146045765676,-0.1391746406577824,-0.17865834687291848
2026-09-12 07:45:00,Lainnya,60,1.0,1.0,1,107.6,4.0,1.7438177271465085,556.8166666666667,9.604892232724941,7.900868864470497,0.8846173392919078,0.9782481612338,-0.010666666666666665,0.9694168612917164,0.6744907594765952,0.21528266706581742,-0.8890205062402795,-1.0605240849809452,-1.3722539417978157,0.9344519907798907,2.294037043496657,0.6456593903033491,-0.7388652221196241,0.45186217009210816,0.3992350941844166,1.1516796194834582,0,baseline,1.0,0.19101819593065916,1.1516796194834582,0.20953357371778225,0.34870821437556465
2026-09-12 07:46:00,Lainnya,60,1.0,1.0,1,112.08333333333333,-8.0,-7.120311197554828,537.5666666666667,19.20925506691992,10.521970557209313,1.2762889325731754,0.9788084256810692,0.008033333333333332,1.204136155339846,-1.3489815189531904,-1.4222823412159686,-0.6996857153414214,-0.5523869056049594,0.14657481177941303,1.0090224350324997,2.0642113052872215,0.044209243055624334,-0.6432811250900179,0.3862923143184769,0.3636384595606451,0.8349968529532279,0,baseline,1.0,0.07457044425260895,0.8349968529532279,-0.3166827665302303,-0.5262163402480126
2026-09-12 07:47:00,Lainnya,60,1.0,1.0,1,100.4,-3.0,2.3306474020562002,599.8666666666667,24.72113393994774,15.697349446993176,0.9159760464631796,0.9767818551521639,0.010850000000000002,0.592469890924461,-0.5058680696074465,0.3236939672191335,-0.3258431885008449,-0.2607704150627001,-1.2506507749004576,0.6390100695004675,2.2739081318751926,0.2190443877827455,-0.3477661664046586,0.06153779368819187,0.2899602549691659,0.5067401699379127,0,baseline,1.0,-0.3700123655320322,0.5067401699379127,-0.3282566830153152,-0.011573916485084879
2026-09-12 07:48:00,Lainnya,60,1.0,1.0,1,101.06666666666666,4.0,4.938038343984522,593.6166666666667,13.459407480179584,9.363651323158873,1.263341781710278,0.9768641524154502,0.006733333333333336,0.6273723881806879,0.6744907594765952,0.8053850849458052,-0.7833566887266264,-0.8565935859446183,0.0963681964802802,0.6896697441132099,1.1233863450198835,0.5838010613907827,-0.6472021136490891,0.6020301729859959,0.2825527071944972,1.0963442054032757,0,baseline,1.0,0.050659674612742456,1.0963442054032757,0.589604035465363,0.9178607184806782
2026-09-12 07:49:00,Lainnya,60,1.0,1.0,1,106.53333333333333,4.0,2.397332592386879,564.5,19.37279238379854,11.449224679545416,1.2729810140452484,0.9774737074032198,0.003983333333333333,0.9135728656817528,0.6744907594765952,0.33601343314565263,-0.6327056871155176,-0.5437346511705938,0.1337473260467461,0.5939010014865262,1.468352359622798,0.6382494445422732,-0.5827629340991923,0.6032916012481353,0.2713027073766274,1.0883661635611641,0,baseline,1.0,-0.09576874262668367,1.0883661635611641,-0.007978041842111594,-0.5975820773074746
2026-09-12 07:50:00,Lainnya,60,1.0,1.0,1,107.3,1.0,-2.2839677688245574,559.4833333333333,14.837528766172811,8.443230163463527,1.4407093074714474,0.9800925339373296,-0.14783333333333332,0.9537107375264143,0.1686226898691488,-0.528813074895579,-0.8498431391732356,-0.7836814443281672,0.7841660932336934,0.7267447373681603,1.7433274418873628,0.458812213555013,-0.6931929951195775,0.6586560052134668,0.3161972592769947,1.1067220137722693,0,baseline,1.0,0.132843735881634,1.1067220137722693,0.018355850211105196,0.02633389205321679
2026-09-12 07:51:00,Lainnya,60,1.0,1.0,1,106.83333333333333,1.0,-0.7335370936370703,561.4833333333333,11.682946671874056,8.174992873059663,1.5612360696169938,0.976920592495446,-0.10623333333333332,0.929278989447055,0.1686226898691488,-0.24238549210415683,-0.869219209712805,-0.9505806416179495,1.2515462021372266,0.8342918419619603,2.121637646599174,0.48180509818207784,-0.71706221130883,0.7209816350695127,0.36474886121904315,1.1828654265762641,0,baseline,1.0,0.10754710459380001,1.1828654265762641,0.07614341280399484,0.05778756259288964
2026-09-12 07:52:00,Lainnya,60,1.0,1.0,1,105.65,-2.0,-5.023061961655929,569.25,13.575432695916398,9.548271651216451,1.332639263884315,0.9792685013346129,0.009016666666666675,0.8673270568172519,-0.3372453797382976,-1.0348351378271183,-0.7700206738343789,-0.8504550500647485,0.365090795417523,0.7512624210105016,1.5563477103134744,0.21711939474378986,-0.6693643220106328,0.5084107591066543,0.2884121117067753,0.9147964108528355,0,baseline,1.0,-0.08302942095145871,0.9147964108528355,-0.26806901572342867,-0.3442124285274235
2026-09-12 07:53:00,Lainnya,60,1.0,1.0,1,106.78333333333333,4.0,4.929702695193183,561.5333333333333,13.467432992683847,9.340090370847234,1.179243623029638,0.9812209205449947,-0.016799999999999995,0.926661302152838,0.6744907594765952,0.8038451517049895,-0.7850586097133857,-0.8561689808607243,-0.2297486414986495,0.748546676811162,1.4840408186827068,0.6818630413654201,-0.6810966321753241,0.6066972191502387,0.3082250703941841,1.1797940664729594,0,baseline,1.0,-0.0027157441993395093,1.1797940664729594,0.2649976556201239,0.5330666713435526
2026-09-12 07:54:00,Lainnya,60,1.0,1.0,1,109.16666666666667,-2.0,-3.1308696860238756,549.7166666666667,13.373502345001155,9.321926039437653,1.1903088014509158,0.9798339457421085,0.021600000000000005,1.0514377298438515,-0.3372453797382976,-0.6852702921623157,-0.7863707067978971,-0.861138561372667,-0.18683996127268715,0.7169029223838976,1.5532969475179557,0.35777032929414326,-0.695265089579985,0.4943504148077345,0.303391487983941,0.9735614417763233,0,baseline,1.0,-0.031643754427264414,0.9735614417763233,-0.20623262469663606,-0.47123028031675995
2026-09-12 07:55:00,Lainnya,60,1.0,1.0,1,105.13333333333334,-1.0,-1.5037510419560072,571.9166666666666,13.690639715484775,12.443090792667885,1.224916718743825,0.9797444842007887,0.021799999999999996,0.8402776214436757,-0.1686226898691488,-0.384675323555378,-0.5609139541847442,-0.8443598024175687,-0.052636968797442195,0.5646258034622232,1.3585453826330207,0.33979839188824734,-0.5964690056095591,0.4655858933790121,0.2569971805052882,0.8683639770763729,0,baseline,1.0,-0.1522771189216744,0.8683639770763729,-0.1051974646999504,0.10103515999668566
2026-09-12 07:56:00,Lainnya,60,1.0,1.0,1,107.56666666666666,5.0,3.7410391775493825,557.35,9.340680118960599,7.458358977956733,0.9950528947216026,0.9801202234441079,0.043533333333333334,0.9676717364289052,0.8431134493457441,0.584250671564888,-0.9209851251888161,-1.0745027320357172,-0.9440056340798751,0.9020803811487514,1.9573584210306614,0.7027894381288021,-0.748133270436799,0.5435681960597915,0.37905033743165084,1.221786367068565,0,baseline,1.0,0.3374545776865282,1.221786367068565,0.353422389992192,0.4586198546921424
2026-09-12 07:57:00,Lainnya,60,1.0,1.0,1,104.85,-2.0,0.5784940261184587,574.3,15.27743433957417,10.873697077608574,1.4763162029914936,0.9794485378731489,0.08406666666666666,0.8254440601097783,-0.3372453797382976,0.0,-0.6742788158770241,-0.7604073988637365,0.9222429353360251,0.6681436607110015,1.7345885954275788,0.3388746368965481,-0.6206391488984718,0.6120427653484946,0.30646762347294465,0.9841482223373539,0,baseline,1.0,-0.23393672043774993,0.9841482223373539,-0.23763814473121103,-0.591060534723403
2026-09-12 07:58:00,Lainnya,60,1.0,1.0,1,114.08333333333333,4.0,7.15698805223682,527.1166666666667,22.43566445523784,7.128363018395871,1.293687850248969,0.967582296451574,0.010183333333333334,1.308843647108528,0.6744907594765952,1.2153153136505364,-0.9448223216524293,-0.3816875479906251,0.21404454126817216,0.8878053895439448,2.256412806776345,0.8021126572938201,-0.7048341691596458,0.7022011747266079,0.33185445646551204,1.3203748676301628,0,baseline,1.0,0.21966172883294333,1.3203748676301628,0.3362266452928089,0.5738647900240199
2026-09-12 07:59:00,Lainnya,60,1.0,1.0,1,103.35,-9.0,-12.12503473186989,583.5833333333334,29.16074193254515,17.030879233252378,1.3302526036571687,0.978391253187607,0.009783333333333333,0.7469134412832666,-1.5176042088223392,-2.3468582590007876,-0.22951591362317236,-0.025884465641712914,0.3558357760589815,1.1936437611320245,2.022935913766584,-0.3769567786261971,-0.274836059453108,0.014999634596930099,0.32289836864069754,0.5675558281233815,0,baseline,1.0,0.3058383715880797,0.5675558281233815,-0.7528190395067813,-1.0890456847995902
2026-09-12 08:00:00,Lainnya,60,1.0,1.0,1,98.3,-4.0,0.9936093359266769,611.85,16.221794295622527,19.669730681550924,0.7195107486399218,0.9819019304308855,-0.030916666666666672,0.48252702456734414,-0.6744907594765952,0.07668867539253386,-0.038898972448833974,-0.7104442297637987,-2.012506238847245,0.9354211851755985,2.5392971184764086,0.0744081569054262,-0.2871991168358507,-0.20084915496150169,0.40074270650151556,0.5375453528664017,0,baseline,1.0,-0.25822257595642606,0.5375453528664017,-0.03001047525697975,0.7228085642498016
2026-09-12 08:01:00,Lainnya,60,1.0,1.0,1,99.23333333333333,11.0,7.348707974437428,603.2333333333333,25.199116655668483,14.727467707815412,1.3022786344891748,0.9829708599570814,0.00021666666666666639,0.5313905207260627,1.8548495885606369,1.2507337781892613,-0.39590241466233095,-0.23548182558000494,0.24735798636765532,0.9626832510521899,1.8730771997251396,0.7764345696712112,-0.365218870188001,0.589814126027232,0.36045749625716816,1.101837453525325,0,baseline,1.0,0.027262065876591413,1.101837453525325,0.5642921006589233,0.5943025759159031
2026-09-12 08:02:00,Duduk,60,1.0,1.0,1,101.03333333333333,-6.0,1.7304806890803965,597.4666666666667,15.156211085336494,12.667187024696686,1.5004967150951127,0.9812644480135362,-0.022949999999999995,-1.023607880092252,-1.3489815189531904,0.4250747520154677,1.4131128366769394,0.3750691909486213,1.0240958194088556,1.0193584428433338,3.6639118598059843,-0.7182000588602501,0.7915994069769297,-0.5549946517750315,0.42315142623068813,1.2765254163913256,0,baseline,1.0,0.056675191791143886,1.2765254163913256,0.17468796286600052,-0.3896041377929228
2026-09-12 08:03:00,Duduk,60,1.0,1.0,1,100.45,1.0,2.5323701028064125,595.9833333333333,13.258181569546915,14.104332787829083,0.8456477592396195,0.9822695333252701,0.006616666666666667,-1.0851650550118885,0.22483025315886507,0.6117970860058191,1.8199689328763589,0.053940359603545936,-2.121718545327263,1.2529507557771078,2.755617456927429,-0.4116715024596219,0.8430141596242973,-0.8056195350270258,0.48956706372956527,1.3299793398283946,0,baseline,1.0,0.23359231293377403,1.3299793398283946,0.053453923437069006,-0.12123403942893152
2026-09-12 08:04:00,Duduk,60,1.0,1.0,1,103.63333333333334,1.0,-0.8902472909140378,579.3333333333334,18.56246136026719,12.537401671716756,1.4391468185728868,0.9784755574418339,-0.0359,-0.749238757593297,0.22483025315886507,-0.18516954950810455,1.3763705914490185,0.9513748600426536,0.7293784131597094,0.8142172232263674,1.9801399852673987,-0.3560958823476912,0.8159891036251268,-0.4611501111976844,0.3585595123084566,1.0648318381718465,0,baseline,1.0,-0.43873353255074043,1.0648318381718465,-0.2651475016565481,-0.3186014250936171
2026-09-12 08:05:00,Duduk,60,1.0,1.0,1,101.13333333333334,2.0,2.2973048068909088,592.6166666666667,15.922579284570899,10.424872474121443,1.210492168936052,0.9782962036726486,-0.03128333333333334,-1.013055221534599,0.44966050631773014,0.5570614330065737,0.778313383551353,0.5047315181953056,-0.36905058326674295,0.6500662600135706,1.2946140631214855,-0.32633687026201846,0.6392274296629735,-0.5405062245291836,0.28362861187635646,0.942178129631357,0,baseline,1.0,-0.16415096321279676,0.942178129631357,-0.1226537085404894,0.1424937931160587
2026-09-12 08:06:00,Duduk,60,1.0,1.0,1,109.95,1.0,-0.8719088635731005,546.3333333333334,16.33304507989618,9.109503326057773,1.507492349948917,0.9671386922538052,-0.023216666666666674,-0.08266249203494108,0.22483025315886507,-0.1808993921819196,0.4059322581490867,0.5741784894164569,1.0577019944157262,0.5328073080896257,1.3813682221050323,-0.005150157963639965,0.36560442884610217,0.00762522834526598,0.2509979782129498,0.44356651326857494,0,baseline,1.0,-0.11725895192394487,0.44356651326857494,-0.4986116163627821,-0.3759579078222927
2026-09-12 08:07:00,Duduk,60,1.0,1.0,1,103.86666666666666,-6.0,-7.468741317032455,580.0666666666667,20.39846011691184,14.852951541411741,1.0171046920684066,0.9704072367711831,0.004700000000000002,-0.7246158876254436,-1.3489815189531904,-1.7169914412460452,2.0319029700755182,1.2620086674558315,-1.2980603911781734,1.4548273246946768,2.447277469428275,-0.7859629374753407,0.9182845848174644,-0.832721380357834,0.5025451677180004,1.551438319979244,0,baseline,1.0,0.9220200166050511,1.551438319979244,1.1078718067106692,1.6064834230734513
2026-09-12 08:08:00,Duduk,60,1.0,1.0,1,99.73333333333333,2.0,2.350652959155391,600.0166666666667,18.25663721115932,17.005482665245527,1.1887906709259728,0.9734411341656323,0.0463,-1.1607924413417288,0.44966050631773014,0.5694837088645517,2.6412847269280295,0.8996322760716885,-0.4733019278950824,1.2834642777318566,3.2442076419658203,-0.39534134716880015,0.9570663644600563,-0.6850055863636656,0.49910196330307854,1.338135355591671,0,baseline,1.0,-0.17136304696282023,1.338135355591671,-0.213302964387573,-1.3211747710982422
2026-09-12 08:09:00,Duduk,60,1.0,1.0,1,104.76666666666667,7.0,8.605723812170137,569.75,17.50121061187928,10.94903447488423,1.284703768244069,0.9812291777091287,-0.026766666666666664,-0.6296419606065743,1.5738117721120555,2.025995553213443,0.9267036936209507,0.77182116514022,-0.012547128468964951,1.185512234675906,1.8502993306227846,0.4051038213431513,0.6797078014111644,-0.15234630267869034,0.37198230021721534,0.8875201569433679,0,baseline,1.0,-0.09795204305595062,0.8875201569433679,-0.45061519864830313,-0.23731223426073011
2026-09-12 08:10:00,Duduk,60,1.0,1.0,1,105.28333333333333,2.0,1.4954153931648229,569.4666666666667,16.209922329268082,12.424688380636844,1.0458897590914025,0.9792705883495075,-0.018333333333333333,-0.5751198913920386,0.44966050631773014,0.37033909901620615,1.344461448497082,0.5533472722555665,-1.1597804465876917,0.8295549994998861,1.7338706480338306,-0.12520642725415362,0.7585599171483285,-0.6156860530856144,0.3603000047917774,1.0487970283839125,0,baseline,1.0,-0.35595723517601985,1.0487970283839125,0.1612768714405446,0.6118920700888477
2026-09-12 08:11:00,Duduk,60,1.0,1.0,1,107.08333333333333,-2.0,-11.82828563489852,561.4333333333333,26.809033809246294,13.4366057053616,1.5494893886936068,0.975314906837584,-0.05598333333333334,-0.3851720373543015,-0.44966050631773014,-2.7321242965158565,1.6309353351240894,2.3466177427864983,1.2594506367218434,1.7111319862092087,3.897988861716315,-0.6390470992238269,0.9155343177358529,-0.5392728137107071,0.5087247711089046,1.3402239896098382,0,baseline,1.0,0.8815769867093226,1.3402239896098382,0.2914269612259257,0.13015008978538112
2026-09-12 08:12:00,Duduk,60,1.0,1.0,1,102.68333333333334,-5.0,0.12836899138653807,587.9833333333333,25.116333848487933,16.259547390869532,1.1491729298518,0.9790928443643664,-0.02771666666666667,-0.8494890138909921,-1.1241512657943253,0.05201828015530559,2.4301103829362423,2.060228750574193,-0.663620714930044,1.4478964618720775,2.943326734080463,-0.6621662782975045,0.9655165681574034,-0.7730847322073708,0.5474967110922471,1.5060209411989556,0,baseline,1.0,-0.26323552433713115,1.5060209411989556,0.16579695158911734,-0.12563000963680837
2026-09-12 08:13:00,Duduk,60,1.0,1.0,1,102.48333333333333,-1.0,-1.4820783550985348,586.3,11.85548575018676,10.286571796377737,1.2353204283499797,0.9790430588940605,0.0008833333333333364,-0.8705943310062965,-0.22483025315886507,-0.32297917230763973,0.7391604491086453,-0.18338264589058306,-0.24977865892856888,0.5091128592065464,1.5221604883668525,-0.5332838153550636,0.4890503917631549,-0.5457016512512497,0.2361150314576329,0.9365375132165975,0,baseline,1.0,-0.9387836026655312,0.9365375132165975,-0.5694834279823581,-0.7352803795714754
2026-09-12 08:14:00,Duduk,60,1.0,1.0,1,105.06666666666666,2.0,6.805223673242596,571.0666666666667,19.11594122818827,12.131343352053957,1.2158608957857735,0.974643842958248,0.020950000000000007,-0.5979839849336183,0.44966050631773014,1.6067437430063933,1.2614154442361032,1.0450184739485122,-0.34325987551164727,0.995193846180776,2.1032698711874738,0.046983903647951276,0.7911991791249192,-0.44461668130096976,0.33630277442820344,0.9690135074544323,0,baseline,1.0,0.48608098697422963,0.9690135074544323,0.03247599423783476,0.6019594222201928
2026-09-12 08:15:00,Duduk,60,1.0,1.0,1,104.15,-3.0,-2.5523756599054717,576.8,12.155489796934958,7.413912711579173,1.460898446982329,0.9780460146224692,0.03921666666666667,-0.6947166883787613,-0.6744907594765952,-0.5722010817084995,-0.07408959896269225,-0.13262476877139362,0.83387057810091,0.5749495454136401,1.688464109647847,-0.5851584920005288,0.0649463192008361,-0.1885020066879497,0.250050067623215,0.6668482046026877,0,baseline,1.0,-0.4202443007671359,0.6668482046026877,-0.3021653028517446,-0.33464129708957935
2026-09-12 08:16:00,Duduk,60,1.0,1.0,1,102.81666666666666,4.0,-0.775215337593695,583.65,15.779008797895631,10.327682070491546,1.4174632664634532,0.9711384920013636,-0.010433333333333324,-0.83541880248079,0.8993210126354603,-0.1583840171893273,0.7507987714477631,0.4804407354555584,0.6252132784451737,0.6729539478106763,2.0929792056368797,-0.21025835896896025,0.6044523611962518,-0.31226055040052425,0.3071118356106335,0.7754969796076676,0,baseline,1.0,0.09800440239703623,0.7754969796076676,0.10864877500497994,0.4108140778567245
2026-09-12 08:17:00,Duduk,60,1.0,1.0,1,110.7,4.0,-0.5901639344261987,541.9833333333333,10.466235731889485,9.000941570332648,1.1760167738238512,0.9787438419268978,0.009533333333333333,-0.003517552852550493,0.8993210126354603,-0.11529424780694922,0.3751984152335227,-0.4184307476775247,-0.5346661686687714,0.4871360990246587,1.9642682197360413,0.24545205843191195,0.10209796042906129,-0.02808109524168852,0.23322893830622127,0.35476047142495576,0,baseline,1.0,-0.1858178487860176,0.35476047142495576,-0.42073650818271185,-0.5293852831876917
2026-09-12 08:18:00,Duduk,60,1.0,1.0,1,108.21666666666667,2.0,1.542095026396282,552.4166666666666,16.651249931875544,11.603623046127023,1.3196858124813953,0.9876250845345982,0.009433333333333339,-0.26557524036757724,0.44966050631773014,0.3812085903919455,1.112017777651036,0.6280157724483579,0.15550233742023434,0.5878226906454361,1.4995353405062322,0.045980612756688216,0.6760097125558059,-0.30535576398719994,0.26690126523249025,0.7896719421393763,0,baseline,1.0,0.10068659162077742,0.7896719421393763,0.43491147071442054,0.8556479788971324
2026-09-12 08:19:00,Duduk,60,1.0,1.0,1,106.8,-4.0,5.8382884134483035,564.4333333333333,23.173162930985246,16.63873365455192,1.0142818183354438,0.9631217254552493,0.007283333333333334,-0.41507123660098216,-0.8993210126354603,1.3815899930804147,2.537458048658058,1.731462416515479,-1.311621131650592,1.530079451406508,4.1679784690757655,-0.28291419115179467,0.957209695073332,-0.7372338077288214,0.5411537286014263,1.3537547359603284,0,baseline,1.0,0.9422567607610718,1.3537547359603284,0.564082793820952,0.1291713231065315
2026-09-12 08:20:00,Duduk,60,1.0,1.0,1,109.23333333333333,-5.0,-5.374826340650078,551.0666666666667,17.250759419949365,11.831443312100921,1.0645262252854577,0.9777774108242632,-0.021883333333333334,-0.15828987836478117,-1.1241512657943253,-1.2294171138200738,1.1765137156602932,0.7294471673154406,-1.070253140272317,0.9884295347534446,1.7216784128755755,-0.5432235995456127,0.6968251754260362,-0.7143825428992272,0.37274071094601435,1.1957990046017453,0,baseline,1.0,-0.5416499166530633,1.1957990046017453,-0.1579557313585831,-0.7220385251795352
2026-09-12 08:21:00,Duduk,60,1.0,1.0,1,102.93333333333334,-3.0,-1.5437621561543828,585.2,22.243490763725287,15.423952317248188,1.4299838858501381,0.9784125892077498,-0.005050000000000001,-0.8231073674968619,-0.6744907594765952,-0.3373424287684362,2.1935533416267683,1.574170586160544,0.6853608040231464,1.2251293922058848,2.726201562564813,-0.6079466325707105,0.9430165955926537,-0.6143991105866156,0.48663992708720993,1.3686431577815652,0,baseline,1.0,0.23669985745244015,1.3686431577815652,0.17284415317981994,0.33079988453840303
2026-09-12 08:22:00,Duduk,60,1.0,1.0,1,99.95,-4.0,-1.6687968880243411,602.4666666666667,19.764260388402217,18.35432798912026,0.9056122123664824,0.9783287890598483,0.03189999999999999,-1.137928347800149,-0.8993210126354603,-0.3664571378105901,3.02314296074586,1.1547080085559427,-1.8336566398553427,1.636713712563646,3.4579319947593374,-0.7400660817803674,0.9747153637829189,-0.8642402688647405,0.5904565002466825,1.6103782061389098,0,baseline,1.0,0.41158432035776116,1.6103782061389098,0.2417350483573446,0.06889089517752467
2026-09-12 08:23:00,Duduk,60,1.0,1.0,1,104.11666666666666,12.0,5.459849958321782,572.4333333333333,12.49592023817654,8.309683956542939,1.2307505845686395,0.9765051087253531,-0.04005,-0.6982342412313134,2.697963037906381,1.293469473712802,0.17950332192467677,-0.07502712403470495,-0.27173163004258605,1.2616977635744282,2.9873729147916652,0.5506965493363981,0.2161528855385402,0.12893106141851332,0.46614096910829983,0.7641330911937937,0,baseline,1.0,-0.37501594898921775,0.7641330911937937,-0.8462451149451161,-1.0879801633024608
2026-09-12 08:24:00,Duduk,60,1.0,1.0,1,109.26666666666667,4.0,12.473464851347668,548.8166666666667,24.225278621592473,10.163910898161333,1.2836612013350004,0.9869165021064427,0.003583333333333333,-0.1547723255122307,0.8993210126354603,2.9266105529174418,0.7044351376719911,1.9094705451319427,-0.017555492503785478,1.5022425961536279,3.820888496410407,0.5536733462191713,0.7142277628537571,-0.09155888607874231,0.39272033187936395,0.9895896928707548,0,baseline,1.0,0.24054483257919967,0.9895896928707548,0.22545660167696113,1.0717017166220772
2026-09-12 08:25:00,Duduk,60,1.0,1.0,1,109.88333333333334,-6.0,-3.6093359266462315,549.0166666666667,16.38570239378993,11.383901806453842,1.4017160358627594,0.9795458734373745,-0.004299999999999999,-0.08969759774004207,-1.3489815189531904,-0.8183174221448516,1.0498146747238266,0.5830876141333274,0.5495655068704925,0.8407897541663233,2.088208384020203,-0.5203180282212897,0.6298150237145433,-0.47975045654733584,0.34466338703339194,1.0081424331449145,0,baseline,1.0,-0.6614528419873046,1.0081424331449145,0.01855274027415965,-0.20690386140280148
2026-09-12 08:26:00,Duduk,60,1.0,1.0,1,109.46666666666667,3.0,8.635732147818903,548.6166666666667,19.60205079781771,10.450042575535685,1.3592052867693631,0.9929695859258316,0.04086666666666667,-0.13366700839692622,0.6744907594765952,2.0329830833835545,0.785439041550039,1.1272636638689761,0.34534906282196676,1.049819722788883,2.38776997021387,0.4084736593122546,0.6294717830923046,-0.05243103158325559,0.29680120094251206,0.808656553807085,0,baseline,1.0,0.20902996862255974,0.808656553807085,-0.19948587933782946,-0.21803861961198912
2026-09-12 08:27:00,Duduk,60,1.0,1.0,1,106.26666666666667,5.0,6.311753264795853,564.5833333333334,29.45682946720314,18.29559546883681,1.3662659768433136,0.9792689296237469,-0.022116666666666666,-0.47135208224179304,1.1241512657943253,1.4918376913200317,3.0065157789140087,2.794599988693,0.3792677551570045,1.8576077271061742,3.8788750106922953,0.29293832262696584,0.9851139665457055,-0.29573839069511576,0.6175717836423238,1.234956878449208,0,baseline,1.0,0.8077880043172911,1.234956878449208,0.426300324642123,0.6257862039799524
2026-09-12 08:28:00,Duduk,60,1.0,1.0,1,116.33333333333333,6.0,2.6807446512921413,516.1166666666667,23.69087049124131,9.708462148462834,1.6458983673822118,0.9940220402328777,-0.017316666666666668,0.5909488792285158,1.3489815189531904,0.6463465407358522,0.5754975552256885,1.819053690739884,1.7225875896577183,1.237887807043906,2.8897820730601866,0.6786829943703605,0.5737513576077231,0.3818553483598202,0.4844062687813382,1.0817874872219044,0,baseline,1.0,-0.6197199200622681,1.0817874872219044,-0.15316939122730355,-0.5794697158694265
2026-09-12 08:29:00,Duduk,60,1.0,1.0,1,113.6,2.0,7.071964434565195,528.4333333333333,23.573445752218078,8.188458185618774,1.7046014916429484,0.9946353594323906,0.0001333333333333316,0.3025095453193589,0.44966050631773014,1.6688551222963266,0.1451842951549288,1.7991865238176437,2.004590225384705,1.3137298437350353,3.230061361051895,0.5017234089597723,0.4375091087065221,0.4105195439646207,0.4594851979131356,0.9070796780755171,0,baseline,1.0,0.07584203669112921,0.9070796780755171,-0.17470780914638728,-0.02153841791908373
2026-09-12 08:30:00,Duduk,60,1.0,1.0,1,117.8,-11.0,-9.509308141150276,512.7,18.407165148755507,9.575746198298976,1.0070817462887962,0.9836420699881779,0.0091,0.7457212047407465,-2.4731327847475155,-2.1921434928140213,0.5379256576685654,0.9251001943958876,-1.3462093979507024,1.5510981650248161,3.008129811408359,-0.5787723456850056,0.36096055526454024,-0.6561911578364727,0.5003761926880286,1.0706227722304185,0,baseline,1.0,0.2373683212897808,1.0706227722304185,0.16354309415490131,0.3382509033012886
2026-09-12 08:31:00,Duduk,60,1.0,1.0,1,109.48333333333333,4.0,0.025006946374058352,548.3666666666667,12.158510539168581,12.004236540290858,0.9370078790633838,1.0119902653147486,-0.033900000000000007,-0.131908231970651,0.8993210126354603,0.027950120680462775,1.2254314942701838,-0.1321136874551083,-1.682835693433349,0.9289807693857184,2.766483183909417,0.19875815013002707,0.5832277765123326,-0.49903885169599205,0.39877457906200997,0.887536129938814,0,baseline,1.0,-0.6221173956390977,0.887536129938814,-0.18308664229160443,-0.34662973644650574
2026-09-12 08:32:00,Duduk,60,1.0,1.0,1,119.7,8.0,7.7554876354544,500.6166666666667,13.466961036106943,4.69041575982343,1.2618265205162773,0.9642270803175396,-0.027916666666666666,0.9462217173361366,1.7986420252709205,1.8280155317267914,-0.8451118336086844,0.08926389148096209,-0.12244663107059225,1.1697054250787464,2.365316151464413,0.8702761926179868,-0.5592490942298746,0.6421063446645597,0.38941440893343116,1.278313083942291,0,baseline,1.0,0.24072465569302803,1.278313083942291,0.3907769540034769,0.5738635962950813
2026-09-12 08:33:00,Duduk,60,1.0,1.0,1,116.93333333333334,-4.0,-5.261461517087986,514.65,10.22762129178313,7.665684044128533,0.9572245876442814,0.9767941958005727,-0.0463,0.6542648305744292,-0.8993210126354603,-1.2030197776218552,-0.0028131118284350554,-0.45880207786810756,-1.585717095789122,0.949482605227336,2.0150518510310973,-0.09015813214289248,-0.24219134560708602,-0.22937073120205953,0.3592242017850925,0.4984356489646086,0,baseline,1.0,-0.22022281985141046,0.4984356489646086,-0.7798774349776822,-1.1706543889811591
2026-09-12 08:34:00,Duduk,60,1.0,1.0,1,116.96666666666667,0.0,3.1408724645735537,513.5833333333334,11.592358188116082,7.609093578393274,1.3017652811399623,0.9803949832204018,-0.023116666666666664,0.6577823834269797,0.0,0.7534886700109709,-0.018833877822951265,-0.2279013669112542,0.06941429465327895,0.4198283244529562,1.4951818241250532,0.44207236097958447,-0.1963087630158883,0.34960394177749315,0.1448609356168562,0.6141438834288298,0,baseline,1.0,-0.5296542807743798,0.6141438834288298,0.11570823446422113,0.8955856694419033
2026-09-12 08:35:00,Duduk,60,1.0,1.0,1,119.61666666666666,4.0,1.9655459849959074,500.55,8.120751822922033,6.476816543825591,1.3604401126163952,0.97797878136758,0.003816666666666665,0.9374278352047589,0.8993210126354603,0.4798104050147146,-0.33938160924887145,-0.8152646748422796,0.3512810153017048,0.6856872432334066,1.9104506877662175,0.6948914464509216,-0.5211823151720567,0.6285991422418157,0.30226474714067497,1.11400448248197,0,baseline,1.0,0.26585891878045037,1.11400448248197,0.4998605990531402,0.38415236458891905
2026-09-12 08:36:00,Duduk,60,1.0,1.0,1,120.08333333333333,-1.0,-3.866073909419192,500.15,9.773407365163068,6.049233037252165,1.473589420736525,0.975415530997179,-0.01568333333333334,0.9866735751404687,-0.22483025315886507,-0.8780996247114029,-0.4604305388331258,-0.5356508234870502,0.8948364652439735,0.7181901701333598,1.9317928958319923,0.3306042018055742,-0.5259170096089517,0.5717062900299507,0.2888422135988068,0.8922812032448021,0,baseline,1.0,0.032502926899953266,0.8922812032448021,-0.22172327923716784,-0.721583878290308
2026-09-12 08:37:00,Duduk,60,1.0,1.0,1,119.2,-1.0,0.9335926646291401,503.48333333333335,6.458450427223543,4.694027940381773,1.2113121779433484,0.9772232037004321,0.0006500000000000025,0.8934584245478762,-0.22483025315886507,0.23951700638679355,-0.8440892249642198,-1.0965105143317029,-0.3651113601965979,0.7017018869107718,1.396668457710164,0.42998689905088244,-0.7245075945387387,0.5094225966737672,0.3165405973457428,1.0341708367912656,0,baseline,1.0,-0.016488283222587996,1.0341708367912656,0.14188963354646356,0.3636129127836314
2026-09-12 08:38:00,Duduk,60,1.0,1.0,1,120.45,5.0,4.5829397054738035,497.25,8.724842769696897,4.95402592659303,1.10573728263868,0.9785546627888017,-0.002183333333333333,1.025366656518527,1.1241512657943253,1.0892783142971614,-0.7704837714303616,-0.7130581400386035,-0.8722802565279028,0.9455677389560098,1.9802377791300754,0.7874138150999592,-0.6679895521082231,0.5553026859108597,0.36685716393929735,1.228485168672954,0,baseline,1.0,0.24386585204523792,1.228485168672954,0.19431433188168845,0.052424698335224895
2026-09-12 08:39:00,Duduk,60,1.0,1.0,1,123.35,-8.0,-10.784662406223843,488.15,18.3255170805952,11.931300524393384,0.6330266955294489,0.9897298175133632,0.00875,1.3313937546904366,-1.7986420252709205,-2.48911352504399,1.2047833015387057,0.911286105367354,-3.1431241541842283,1.9733467014091703,4.7173137254133275,-0.1787518772231107,0.5540272388530786,-0.7745705920171184,0.6040720353429724,1.1418235594447605,0,baseline,1.0,1.0277789624531606,1.1418235594447605,-0.08666160922819355,-0.280975941109882
2026-09-12 08:40:00,Duduk,60,1.0,1.0,1,111.83333333333333,-8.0,-10.953042511808762,539.55,19.711843639320424,9.11229380041517,1.2523369093372734,0.978961677166174,-0.02156666666666667,0.11607924413417227,-1.7986420252709205,-2.5283213332207675,0.40672224169335885,1.1458395851539274,-0.16803356359256857,1.3630604599757665,2.2331914964870627,-0.6936711278592124,0.45178539546235374,-0.5807593791533427,0.38590528161606874,1.0823557733168427,0,baseline,1.0,-0.6102862414334038,1.0823557733168427,-0.05946778612791781,0.027193823100275738
2026-09-12 08:41:00,Duduk,60,1.0,1.0,1,107.53333333333333,6.0,5.274798555154251,557.3,17.694488273308085,7.89765036931442,1.7104555407097612,0.9796785888964075,-0.004483333333333334,-0.33768507384486685,1.3489815189531904,1.250379704330416,0.06285657592067087,0.8045219366632179,2.0327123617668144,1.174759393376981,2.286170277926779,0.38551779651815077,0.29427358549470684,0.4274127024214818,0.43983377901816956,0.7818927585729126,0,baseline,1.0,-0.18830106659878543,0.7818927585729126,-0.3004630147439301,-0.2409952286160123
2026-09-12 08:42:00,Duduk,60,1.0,1.0,1,116.76666666666667,3.0,6.4517921644902705,513.5333333333333,11.095069399140836,5.967425700545037,1.0710915395489113,0.9869782588510032,0.0002499999999999992,0.6366770663116752,0.6744907594765952,1.524446165447259,-0.4835902032923442,-0.312037976124202,-1.0387141727985154,0.8750605596919115,2.1284852497326185,0.6533872211686694,-0.43926484495263635,0.37412922719906067,0.28604188873926706,0.917420898800476,0,baseline,1.0,-0.29969883368506955,0.917420898800476,0.13552814022756332,0.43599115497149343
2026-09-12 08:43:00,Duduk,60,1.0,1.0,1,117.63333333333334,3.0,-0.5868296749095979,509.48333333333335,7.572232204903107,5.115612526904645,1.6220970585978214,0.9837238447802246,-0.04253333333333333,0.728133440477994,0.6744907594765952,-0.11451785556580914,-0.724738590191663,-0.9080690608852378,1.608249010655726,0.9068747391205821,2.480184183837406,0.5267547331363204,-0.6476558189096604,0.7476369713276486,0.39107200909527995,1.1869401694453081,0,baseline,1.0,0.0318141794286706,1.1869401694453081,0.26951927064483217,0.13399113041726884
2026-09-12 08:44:00,Duduk,60,1.0,1.0,1,120.08333333333333,2.0,6.936926924145701,499.55,12.912252754126241,4.7120473077536555,1.5368399344891852,1.0478369506560545,-0.034083333333333334,0.9866735751404687,0.44966050631773014,1.6374112365308147,-0.8389879404230274,-0.004587558587660305,1.19868420442242,0.9998000220161231,2.4472041704329235,0.7273984601462943,-0.5783134800003218,0.7433290318494744,0.33449906397569673,1.2361159631540144,0,baseline,1.0,0.09292528289554092,1.2361159631540144,0.049175793708706284,-0.22034347693612588
2026-09-12 08:45:00,Duduk,60,1.0,1.0,1,118.71666666666667,-2.0,-1.4920811336481041,505.9166666666667,7.576260127142171,6.295007437967631,1.331128066116934,0.9842629417789764,0.021300000000000003,0.842453908185891,-0.44966050631773014,-0.3253083490310057,-0.39085178364624895,-0.9073875741377351,0.21046952570048105,0.582832655805032,1.5297227442774444,0.2725859721670651,-0.5443425741525918,0.45533053898004294,0.26716344586885055,0.8058003206711378,0,baseline,1.0,-0.4169673662110911,0.8058003206711378,-0.43031564248287657,-0.47949143619158285
2026-09-12 08:46:00,Duduk,60,1.0,1.0,1,118.2,1.0,0.5301472631286991,507.8833333333333,6.817454335440701,7.31842346642351,1.3582101287190618,0.9803623093597129,-0.0059666666666666635,0.7879318389713554,0.22483025315886507,0.1455735452107669,-0.10112261294756769,-1.0357704128027068,0.3405684451515437,0.5614875895608714,2.0928967265054754,0.47974086580867625,-0.4399319402930068,0.518242370288755,0.2634748446841958,0.8727459874217103,0,baseline,1.0,-0.02134506624416055,0.8727459874217103,0.06694566675057245,0.497261309233449
2026-09-12 08:47:00,Duduk,60,1.0,1.0,1,117.16666666666667,0.0,-3.371947218305991,512.3,12.607907123464157,7.117655298562339,1.6645796746645833,0.999251966267975,-0.022150000000000003,0.6788877005422841,0.0,-0.7630407556550388,-0.15796009952169776,-0.056079991074326666,1.8123303070820125,0.852032589864377,2.4960818211051747,0.25329643928044515,-0.2323532593337993,0.5577583953786561,0.3523266848698392,0.7438922259050275,0,baseline,1.0,0.2905450003035056,0.7438922259050275,-0.12885376151668282,-0.19579942826725527
2026-09-12 08:48:00,Duduk,60,1.0,1.0,1,119.86666666666666,1.0,3.5876632397888804,500.76666666666665,11.44532569331204,7.931913655435751,1.560967620299497,0.9767920266152906,-0.049466666666666666,0.963809481598889,0.22483025315886507,0.8575252303216031,0.07255651533663113,-0.2527778890271556,1.3145906587753353,0.7650856803251632,2.6430123064797804,0.6207184925555052,-0.21275030701425102,0.6177299682276337,0.3110671904672593,0.9533662731430896,0,baseline,1.0,-0.0869469095392138,0.9533662731430896,0.20947404723806218,0.338327808754745
2026-09-12 08:49:00,Duduk,60,1.0,1.0,1,118.08333333333333,-1.0,-0.7752153375936868,508.5,6.6447379461406415,6.385895474947046,1.099936124854522,0.9815123816917626,0.007550000000000005,0.7756204039874272,-0.22483025315886507,-0.15838401718932538,-0.36512137211438367,-1.0649924095043735,-0.9001483096511818,0.6776196793141205,1.5104707602562624,0.3233506986546334,-0.5526502549686592,0.29293235695872133,0.30888842167720176,0.7688949222338434,0,baseline,1.0,-0.08746600101104274,0.7688949222338434,-0.18447135090924627,-0.39394539814730845
2026-09-12 08:50:00,Duduk,60,1.0,1.0,1,117.08333333333333,-3.0,-6.310086135037486,513.4166666666666,13.647240568746597,9.339182993337847,1.3360075529353184,0.9750237337391652,-0.009999999999999993,0.6700938184109064,-0.6744907594765952,-1.4471951374554133,0.47095459283716773,0.1197655012559423,0.23390998412766276,0.74040452461774,2.0564853271178314,-0.05083105132154926,0.15371939767106702,-0.06562629258311226,0.2168410944291712,0.2784606247034841,0,baseline,1.0,0.0627848453036195,0.2784606247034841,-0.4904342975303593,-0.305962946621113
2026-09-12 08:51:00,Duduk,60,1.0,1.0,1,113.53333333333333,-8.0,-4.834676298971845,531.0166666666667,16.984032048744147,8.40298574862087,1.3610560895693138,0.9912781191783274,0.011133333333333334,0.2954744396142579,-1.7986420252709205,-1.1036415707579654,0.205917067744376,0.684319392278052,0.35424009331429207,0.9288544835251564,1.9451990704111373,-0.49497461213306637,0.22150608380030368,-0.3124122729537,0.35910728044435314,0.7215429848436357,0,baseline,1.0,0.18844995890741645,0.7215429848436357,0.44308236014015157,0.9335166576705108
2026-09-12 08:52:00,Duduk,60,1.0,1.0,1,109.5,2.0,-3.324256737982737,547.1166666666667,12.814308298739393,6.035207437492047,1.440728206436945,0.9893656380108599,0.010116666666666666,-0.13014945554437574,0.44966050631773014,-0.7519358855287429,-0.4644011874003383,-0.021158843825036664,0.7369752072211351,0.5072457726546047,1.8323184109893305,-0.04943410445853765,-0.23046497938428703,0.2420608009667763,0.19842491751555602,0.39182102631424715,0,baseline,1.0,-0.42160871087055174,0.39182102631424715,-0.3297219585293885,-0.7728043186695401
2026-09-12 08:53:00,Duduk,60,1.0,1.0,1,111.33333333333333,5.0,4.387885523756659,537.6833333333333,11.77255018477761,6.103624930165319,1.482718623035366,0.9857340445850877,-0.027016666666666665,0.06331595134591188,1.1241512657943253,1.043859368191399,-0.44503218900442854,-0.19741456740456645,0.938692037545769,0.7610887224527114,1.2776456315204407,0.48434698131340986,-0.29750905033752983,0.5495659447060492,0.2920562515019667,0.842866071782572,0,baseline,1.0,0.25384294979810673,0.842866071782572,0.45104504546832486,0.7807670039977134
2026-09-12 08:54:00,Duduk,60,1.0,1.0,1,116.88333333333334,5.0,6.506807446513035,512.3833333333333,10.071089124726882,3.2547227745205967,1.3590233455675986,0.9784706951735377,0.018700000000000005,0.6489885012956035,1.1241512657943253,1.5372566374258028,-1.2515566482724767,-0.4852858556263128,0.3444750395209745,0.9973815360624337,1.8042741399395974,0.7281497168456543,-0.734981096937481,0.703207155086758,0.3459593507895756,1.2979165606316092,0,baseline,1.0,0.23629281360972232,1.2979165606316092,0.4550504888490372,0.004005443380712348
2026-09-12 08:55:00,Duduk,60,1.0,1.0,1,120.91666666666667,0.0,-0.038343984440046844,495.98333333333335,3.894766878716623,2.887729739925026,1.387189647893575,0.9804950991161191,-0.05503333333333333,1.0746123964542371,0.0,0.0131986680991064,-1.355452409731279,-1.5302617784832204,0.4797825141168563,0.9629909669044979,1.6900664611821936,0.532061722406269,-0.8723877620624055,0.7005621933364751,0.40988840640198054,1.3049697223619197,0,baseline,1.0,-0.03439056915793581,1.3049697223619197,0.007053161730310453,-0.44799732711872675
2026-09-12 08:56:00,Duduk,60,1.0,1.0,1,122.21666666666667,1.0,-2.078910808557864,490.81666666666666,8.024309815965413,3.3597820752573133,1.5314165891901081,0.9813161524869078,-0.02271666666666666,1.2117969577037138,0.22483025315886507,-0.46195338346886894,-1.2218143506825532,-0.8315817598659386,1.1726311163107157,0.9391329071497696,1.9912094318491786,0.5814459360680284,-0.8083510629810647,0.761137927392036,0.3958337574100722,1.3143538814233642,0,baseline,1.0,-0.023858059754728322,1.3143538814233642,0.00938415906144452,0.002330997331134066
2026-09-12 08:57:00,Duduk,60,1.0,1.0,1,123.45,4.0,1.9555432064463314,485.26666666666665,5.348424975402957,2.6902208339824485,1.8373339617204867,0.980797461206208,-0.08896666666666667,1.3419464132480896,0.8993210126354603,0.47748122829134715,-1.411367198959943,-1.284316432596439,2.6422207924081165,1.4977952445922391,3.432844931354504,0.7930095291639149,-0.8777131854827686,0.8951659738939965,0.5566513928964647,1.584432845956636,0,baseline,1.0,0.5586623374424695,1.584432845956636,0.27007896453327174,0.2606948054718272
2026-09-12 08:58:00,Duduk,60,1.0,1.0,1,125.35,1.0,1.425395943317675,478.98333333333335,4.040018739118593,2.2885122100598942,1.3922706215380705,0.9783955475127057,-0.056933333333333315,1.542446925843478,0.22483025315886507,0.35403486195260664,-1.5250909469133471,-1.5056865230440668,0.504190890636016,1.1107230829127481,2.01727466697842,0.7482205530311306,-0.9093421989939489,0.7667931106113127,0.4529392401592587,1.4764358640341886,0,baseline,1.0,-0.387072161679491,1.4764358640341886,-0.10799698192244733,-0.37807594645571907
2026-09-12 08:59:00,Duduk,60,1.0,1.0,1,124.05,-2.0,-1.365379272019958,483.9,5.673906973063891,3.2075123683659177,1.4061756196148736,0.9774879761841494,-0.04848333333333333,1.4052623645940014,-0.44966050631773014,-0.2958054438683079,-1.264921918546952,-1.2292479246184502,0.5709888022773199,0.9748131340102852,1.88719840144217,0.5324979742596427,-0.8575659266427058,0.7057839737237611,0.4112856930925224,1.2985608765233476,0,baseline,1.0,-0.13590994890246288,1.2985608765233476,-0.17787498751084097,-0.06987800558839363
2026-09-12 09:00:00,Duduk,60,1.0,1.0,1,124.63333333333334,-5.0,-3.4943039733258208,482.28333333333336,8.770311373145248,3.0670473848665836,1.5066868174690542,0.9805199790797927,0.01556666666666667,1.4668195395136396,-1.1241512657943253,-0.7915318898260585,-1.3046875681458439,-0.7053652778534824,1.053832314814415,1.1069560918663657,2.2541709429889294,0.33706319220289094,-0.8297344392214778,0.6923759585555503,0.44004341514657563,1.2145342771481429,0,baseline,1.0,0.13214295785608043,1.2145342771481429,-0.08402659937520474,0.09384838813563623
2026-09-12 09:01:00,Duduk,60,1.0,1.0,1,123.21666666666667,3.0,4.446235065296026,486.15,6.329444241541248,2.3325260911942003,1.1319979338902966,0.9832884353038635,-0.06788333333333331,1.3173235432802346,0.6744907594765952,1.0574462324110832,-1.512630613162748,-1.1183371536435829,-0.7461272968324292,1.1108485451007943,2.297269960486335,0.7952269110800417,-0.8798257585976245,0.6481219436501435,0.4291403611773431,1.417992492585927,0,baseline,1.0,0.003892453234428661,1.417992492585927,0.2034582154377842,0.28748481481298893
2026-09-12 09:02:00,Duduk,60,1.0,1.0,1,124.33333333333333,2.0,-0.5334815226451031,481.85,3.3437267344351382,2.162860629281257,1.0320296380286202,0.9792362388988624,-0.009199999999999996,1.435161563840682,0.44966050631773014,-0.10209557970782826,-1.5606629208552645,-1.6234926139814354,-1.2263627745373809,1.2143358587872364,2.557646226607344,0.7206147704530548,-0.9139948041008371,0.5741975497155108,0.485586177751992,1.3857015953810266,0,baseline,1.0,0.10348731368644204,1.3857015953810266,-0.032290897204900526,-0.23574911264268472
2026-09-12 09:03:00,Duduk,60,1.0,1.0,1,124.3,-3.0,-2.7240900250068747,483.2,4.839106234889081,2.2995946584605598,1.3897585826461272,0.9810061944081092,-0.02593333333333333,1.4316440109881317,-0.6744907594765952,-0.6121852821263895,-1.5219535047635693,-1.3704883970273116,0.492123362757427,1.1042402742526907,1.9598814932088104,0.45677563433025725,-0.8988165270798677,0.6879221089507975,0.4451861332714079,1.2992084708429914,0,baseline,1.0,-0.11009558453454571,1.2992084708429914,-0.08649312453803515,-0.05420222733313462
2026-09-12 09:04:00,Duduk,60,1.0,1.0,1,122.41666666666667,-2.0,-0.5518199499860023,490.5833333333333,6.071025006765198,4.389895948730216,1.1684381724160824,0.9814913648170598,-0.05749999999999999,1.2329022748190184,-0.44966050631773014,-0.10636573703400432,-0.9301890194506245,-1.1620592697489267,-0.5710728437653556,0.844128131211211,1.74034140388535,0.4832709898032427,-0.7813001324698505,0.5236093269734767,0.3698112257921605,1.1202266808991517,0,baseline,1.0,-0.26011214304147967,1.1202266808991517,-0.17898178994383973,-0.09248866540580458
2026-09-12 09:05:00,Duduk,60,1.0,1.0,1,122.3,4.0,5.778271742150695,490.1,10.21082841639955,3.288397683072091,1.3279233489861368,0.9750128260173775,-0.007183333333333336,1.22059083983509,0.8993210126354603,1.367614932740174,-1.2420232786000285,-0.46164327522673193,0.19507445620417668,0.9968936141769503,2.0304084612743876,0.8165124705860314,-0.7789291415948666,0.7242411471841702,0.36386852277406234,1.3893699159650181,0,baseline,1.0,0.15276548296573933,1.3893699159650181,0.26914323506586646,0.4481250250097062
2026-09-12 09:06:00,Duduk,60,1.0,1.0,1,127.68333333333334,2.0,-2.999166435120758,469.85,8.313405551541846,5.765178933527841,1.2746082073945284,0.9743083329693897,-0.018849999999999995,1.7886756255220277,0.44966050631773014,-0.6762376420191223,-0.5408462814219702,-0.7826694669114823,-0.06104496916424814,0.8914094733983421,2.9282602307146077,0.7687375683134049,-0.6915226331701788,0.6589378855168158,0.3713870664697412,1.281127820021639,0,baseline,1.0,-0.10548414077860824,1.281127820021639,-0.10824209594337919,-0.37738533100924565
2026-09-12 09:07:00,Duduk,60,1.0,1.0,1,121.05,-8.0,-9.227563212003231,497.51666666666665,12.398047504381646,7.777629807578194,1.0529847125888858,0.9788094877756867,-0.039300000000000015,1.0886826078644392,-1.7986420252709205,-2.1265383484390177,0.02887874398159843,-0.09158627464992981,-1.1256971569528174,1.3050494511606834,2.4515872704564,-0.254106515829963,-0.2210404875334015,-0.23863458648539182,0.4135700883072092,0.5843078831624077,0,baseline,1.0,0.4136399777623413,0.5843078831624077,-0.6968199368592313,-0.5885778409158521
2026-09-12 09:08:00,Duduk,60,1.0,1.0,1,122.75,4.0,1.8155043067519416,488.21666666666664,6.017183491895627,5.2156868992021055,1.2436209056790277,0.9745744833940979,0.018550000000000004,1.2680778033445248,0.8993210126354603,0.4448727541641262,-0.6964075262960926,-1.1711687501885506,-0.20990418011570514,0.867505121544,2.067295840451234,0.7754956895676712,-0.7303289136797488,0.6562638775612839,0.37162765121009633,1.3052062192735616,0,baseline,1.0,-0.43754432961668344,1.3052062192735616,0.720898336111154,1.4177182729703852
2026-09-12 09:09:00,Duduk,60,1.0,1.0,1,122.93333333333334,3.0,2.48068908030017,487.5833333333333,5.86657196893268,5.607198762849565,0.8365318650668744,0.9779224279817345,-0.009466666666666668,1.287424344033554,0.6744907594765952,0.5997630062683971,-0.585570482103596,-1.1966508103745708,-2.165510187017479,1.2204108059362142,2.952387168095876,0.7617600244642766,-0.7057731485489361,0.35752144726021906,0.48048257571090225,1.1987823667777726,0,baseline,1.0,0.35290568439221426,1.1987823667777726,-0.106423852495789,-0.827322188606943
2026-09-12 09:10:00,Duduk,60,1.0,1.0,1,127.8,5.0,7.432064462350764,468.98333333333335,10.53564034665783,3.2206957875484306,1.2205690735919543,0.9858186007518153,0.015533333333333333,1.8009870605059544,1.1241512657943253,1.752705484337751,-1.2611896913778253,-0.40668813638244056,-0.32064236464600604,1.2541965010344398,2.9454563643305867,0.9202556849820556,-0.8195757379359321,0.7127635272240047,0.43117600678776813,1.4874540364412172,0,baseline,1.0,0.0337856950982256,1.4874540364412172,0.2886716696634446,0.3950955221592336
2026-09-12 09:11:00,Duduk,60,1.0,1.0,1,126.41666666666667,-4.0,-1.4020561267017344,475.55,4.522729789160824,3.837813643120525,1.3969584177585794,0.9796006031144641,0.015550000000000001,1.6550086171251015,-0.8993210126354603,-0.30434575852065493,-1.0864835703607265,-1.4240163308326823,0.5267104908546151,1.0898127627849503,2.5334098726781304,0.5333437362949692,-0.8576982291522177,0.7015850113950627,0.4473458985359736,1.3086029476075223,0,baseline,1.0,-0.16438373824948949,1.3086029476075223,-0.17885108883369494,-0.46752275849713953
2026-09-12 09:12:00,Duduk,60,1.0,1.0,1,118.05,-12.0,-13.045290358432808,510.75,19.351017141400597,7.1402416518950975,1.4985962158973511,0.9755961573411631,-0.008383333333333335,0.7721028511348768,-2.697963037906381,-3.0155074645261615,-0.1515659008397787,1.0847911185039618,1.0149660534940923,1.7887767104029713,2.985323616712825,-0.684247885348494,0.033403531771366006,-0.18940028651747098,0.5087543970864751,0.8740792124438204,0,baseline,1.0,0.6989639476180209,0.8740792124438204,-0.4345237351637019,-0.25567264633000697
2026-09-12 09:13:00,Duduk,60,1.0,1.0,1,114.31666666666666,2.0,0.9319255348708709,524.8333333333334,7.876518775613936,5.331390889210743,1.522867390535815,0.9753833896389698,-0.013166666666666667,0.378136931649199,0.44966050631773014,0.23912881026623078,-0.6636517162055373,-0.8565866207896107,1.1315618106438485,0.6900448135887306,1.6507455035194154,0.36161515085301144,-0.574880701318172,0.6299812653822624,0.31212738147293084,0.9775240329896265,0,baseline,1.0,-1.0987318968142405,0.9775240329896265,0.10344482054580617,0.5379685557095081
2026-09-12 09:14:00,Duduk,60,1.0,1.0,1,115.4,2.0,0.8168935815505444,519.5666666666667,4.49242928758537,4.0651474424445615,1.0457388869667859,0.9753783106211806,0.005400000000000003,0.49245739935709754,0.44966050631773014,0.21234327794745728,-1.0221253511042718,-1.4291428921317288,-1.160505217838548,0.9058845151695766,1.8173520552736755,0.41165412090508235,-0.7690286661926058,0.3946318548186798,0.3897559304115328,1.0336866985758817,0,baseline,1.0,0.21583970158084598,1.0336866985758817,0.056162665586255156,-0.047282154959551015
2026-09-12 09:15:00,Duduk,60,1.0,1.0,1,117.8,0.0,-0.020005557099114217,509.56666666666666,5.1924543253555875,3.5819699153644873,1.1313388724835087,0.9780221854546247,-0.006149999999999998,0.7457212047407465,0.0,0.01746882542529024,-1.1589129529482318,-1.3107052069317038,-0.7492933472967043,0.8345530907172113,1.5357673719698866,0.390819569227844,-0.8055499755489371,0.468498285799936,0.3668746575253047,1.07505272286066,0,baseline,1.0,-0.07133142445236529,1.07505272286066,0.0413660242847782,-0.014796641301476954
2026-09-12 09:16:00,Duduk,60,1.0,1.0,1,115.78333333333333,-1.0,-2.5723812170046245,518.0833333333334,6.465794396293564,3.7687384932505563,1.6822363620129774,0.9808594404303431,-0.025249999999999995,0.5329092571614297,-0.22483025315886507,-0.5768594351552346,-1.1060387515688113,-1.0952679834936567,1.8971508755467956,1.0558900548240153,2.4997637420435566,0.13823142765064772,-0.756816068580872,0.7022400200714313,0.4309384167954813,1.1272654763243055,0,baseline,1.0,0.22133696410680403,1.1272654763243055,0.05221275346364562,0.01084672917886742
2026-09-12 09:17:00,Duduk,60,1.0,1.0,1,114.38333333333334,1.0,0.5218116143374171,524.35,10.552250944703694,5.2931039242152025,1.6130117824763932,0.9780059052354928,0.004483333333333335,0.3851720373543015,0.22483025315886507,0.14363256460796794,-0.6744907594765952,-0.4038777786435136,1.5646044543426672,0.7399975898565766,1.7111847711204473,0.29207984148263866,-0.4997506777073546,0.6342099895246639,0.33238183430126556,0.9207395767837027,0,baseline,1.0,-0.3158924649674387,0.9207395767837027,-0.20652589954060285,-0.2587386530042485
2026-09-12 09:18:00,Duduk,60,1.0,1.0,1,114.18333333333334,-2.0,-1.7188107807723711,526.05,4.931479648687981,6.030993397105671,0.6600481933445246,0.9744409627989749,0.021850000000000005,0.364066720238997,-0.44966050631773014,-0.37810302142746255,-0.46559418261683655,-1.3548596798899728,-3.013316180569457,1.391054644367597,3.208728323366624,0.008622877297298546,-0.5834022906135282,-0.27017203435245707,0.5310253602308858,0.8339145328272456,0,baseline,1.0,0.6510570545110205,0.8339145328272456,-0.08682504395645707,0.11970085558414578
2026-09-12 09:19:00,Duduk,60,1.0,1.0,1,115.33333333333333,1.0,1.1403167546541897,520.2833333333333,5.486784327808685,5.128848286483303,1.1232793653143205,0.9792199094297834,0.0042666666666666695,0.485422293651995,0.22483025315886507,0.2876533253365002,-0.7209915454516292,-1.26090732500665,-0.7880102349069228,0.7187493887154742,1.3148157291375104,0.360603415152419,-0.6689590433665182,0.3873320185817802,0.32184886080697417,0.9116763716049784,0,baseline,1.0,-0.6723052556521228,0.9116763716049784,0.0777618387777328,0.16458688273418987
2026-09-12 09:20:00,Duduk,60,1.0,1.0,1,114.31666666666666,-4.0,-4.186162823006305,525.9666666666667,11.003800062669669,3.476312092248316,1.479500050300246,0.9811982786931215,-0.03888333333333333,0.378136931649199,-0.8993210126354603,-0.9526332798593218,-1.1888246922781929,-0.3274798937102064,0.9232304074193821,0.8398588773993338,1.7868302079239746,-0.2019033346142271,-0.6703348304696529,0.4155353627004648,0.334833084819282,0.8802820989962968,0,baseline,1.0,0.12110948868385962,0.8802820989962968,-0.03139427260868155,-0.10915611138641435
2026-09-12 09:21:00,Duduk,60,1.0,1.0,1,113.4,4.0,1.4537371492081708,528.3,8.250937286253903,5.062323443248939,1.1759317985887368,0.9822800301388643,-0.017266666666666666,0.2814042282040559,0.8993210126354603,0.36063419600215496,-0.7398247346193159,-0.7932385127883723,-0.5350743793147218,0.6430262066029652,1.4403478162627172,0.4451728213082542,-0.5793568563480193,0.4272080717649847,0.29025102574259787,0.8947544927826833,0,baseline,1.0,-0.19683267079636868,0.8947544927826833,0.014472393786386428,0.04586666639506798
2026-09-12 09:22:00,Duduk,60,1.0,1.0,1,111.75,0.0,2.1222561822729444,536.8666666666667,13.99572170303127,5.930387131159629,1.6468860336974975,0.9733759371192598,-0.04465,0.10728536200279604,0.0,0.516300840347553,-0.4940758256526769,0.17872524791303795,1.7273322179485775,0.767876610481003,1.9182358745723829,0.13561146047691852,-0.2435245518682223,0.5035055918498667,0.3326415788485023,0.664727746207581,0,baseline,1.0,0.12485040387803781,0.664727746207581,-0.23002674657510225,-0.24449914036148868
2026-09-12 09:23:00,Duduk,60,1.0,1.0,1,108.55,-6.0,-7.7504862461793635,554.8833333333333,17.465793849758445,8.844226307769993,1.3331611261315817,0.9712070732054447,0.012283333333333334,-0.23039971184207078,-1.3489815189531904,-1.782596585621017,0.3308323101544273,0.7658289804374657,0.22023609758131113,0.9827625803620902,1.504747140751854,-0.6633674888024047,0.3965048760543992,-0.4921416562471063,0.30354459382917387,0.9652021923884581,0,baseline,1.0,0.2148859698810872,0.9652021923884581,0.30047444618087704,0.5305011927559793
2026-09-12 09:24:00,Duduk,58,0.9666666666666667,1.0,1,108.24137931034483,-2.0,1.1812113568549705,555.2586206896551,10.49069821038232,10.476372748471308,0.8432271210631005,0.9693467395042827,0.007896551724137932,-0.2629673994596521,-0.44966050631773014,0.2971757550379424,0.7928931159018945,-0.41429192524886505,-2.1333469953376536,0.9756319788210854,2.3001421885832514,-0.23072382787112447,0.36713844598660755,-0.6384149569479567,0.4115291747696632,0.8746165115125754,0,baseline,1.0,-0.007130601541004755,0.8746165115125754,-0.0905856808758827,-0.39106012705675974
2026-09-12 09:25:00,Duduk,62,1.0,1.0,1,107.56451612903226,2.0,6.569747237976599,558.1290322580645,15.280421278811612,10.124633164777451,1.0779791210246314,0.9744854522382649,-0.024451612903225808,-0.33439445988602906,0.44966050631773014,1.551912354987075,0.6933156077801191,0.39608439326238365,-1.005627073016391,0.8535515383645537,1.964402574170009,0.1817269610040374,0.4984364468345137,-0.35863246559419126,0.26895377302614276,0.6945624214510491,0,baseline,1.0,-0.12208044045653177,0.6945624214510491,-0.18005409006152628,-0.08946840918564358
2026-09-12 09:26:00,Duduk,60,1.0,1.0,1,109.48333333333333,6.0,9.360933592664706,547.5166666666667,17.263159231921215,7.401328327871231,1.1382478793313715,0.9766824028424893,0.026483333333333334,-0.131908231970651,1.3489815189531904,2.201848395828058,-0.07765223913450708,0.7315450994573242,-0.7161033226448774,1.1357287931716749,2.609926796370112,0.5799731103654187,0.1650358651789295,0.08479073911367933,0.3162799436909479,0.6861691611861386,0,baseline,1.0,0.2821772548071212,0.6861691611861386,-0.008393260264910496,0.1716608297966158
2026-09-12 09:27:00,Duduk,60,1.0,1.0,1,107.48333333333333,-6.0,-8.153931647679856,560.2833333333333,14.296013035128533,9.661210227028882,1.2285773875986896,0.9789934659260836,-0.029683333333333336,-0.34296140312369255,-1.3489815189531904,-1.8765400467970559,0.5621205319718764,0.22953173102472668,-0.2821714027326688,0.9922248752403695,1.5337103034894939,-0.7038068232839557,0.40960916696296706,-0.584198583362024,0.2920441984604135,1.0438876916688549,0,baseline,1.0,-0.14350391793130535,1.0438876916688549,0.3577185304827163,0.3661117907476268
2026-09-12 09:28:00,Duduk,60,1.0,1.0,1,107.25,5.0,4.766323978883085,558.25,19.772969908009543,12.230137823689505,1.2358518925138198,0.9809432887304624,-0.04275,-0.3675842730915475,1.1241512657943253,1.1319798875589893,1.2893841681379252,1.1561815777653837,-0.24722557002768414,0.9781445520587762,1.7859621368639367,0.29576390465653996,0.790109683932893,-0.31071380058752585,0.3763634767676418,0.9746497486083865,0,baseline,1.0,-0.014080323181593357,0.9746497486083865,-0.06923794306046838,-0.42695647354318467
2026-09-12 09:29:00,Duduk,60,1.0,1.0,1,112.28333333333333,0.0,0.46179494303983926,534.1333333333333,7.6412499347274165,7.321896577494483,0.9760106075321323,0.9828631456969206,0.005616666666666667,0.1635662076436069,0.0,0.12965750426773456,-0.10013937488762079,-0.8963919069020181,-1.4954713518034497,0.718046642162263,1.5866612973129477,0.10897555377552294,-0.30215359180526935,-0.07284398581803894,0.32444470740402975,0.4623235650427656,0,baseline,1.0,-0.26009790989651316,0.4623235650427656,-0.5123261835656209,-0.4430882405051525
2026-09-12 09:30:00,Duduk,60,1.0,1.0,1,117.31666666666666,3.0,7.467074187274358,511.3833333333333,14.033968073463956,5.769587125022062,1.4726539860100458,0.9968096041930259,0.009783333333333333,0.6947166883787613,0.6744907594765952,1.7608576028695553,-0.5395983220091902,0.1851961758612422,0.8903427511233076,0.9270349459847208,2.1406560051952614,0.6903216910093073,-0.37086301429431173,0.642089040461458,0.2742896934598136,1.0495697138677385,0,baseline,1.0,0.2089883038224578,1.0495697138677385,0.5872461488249728,1.0995723323905937
2026-09-12 09:31:00,Duduk,60,1.0,1.0,1,118.01666666666667,6.0,2.609058071686632,507.78333333333336,9.82403083875982,6.737197526306808,1.289927518296832,0.9696139435597548,-0.0252,0.7685852982823262,1.3489815189531904,0.6296541075516684,-0.2656677294361681,-0.527085805514719,0.012547128468964951,0.7252005485428799,1.8789718523883896,0.7267782594906113,-0.40666239368667617,0.5552238232095515,0.3102446270708151,1.047905608054905,0,baseline,1.0,-0.20183439744184095,1.047905608054905,-0.001664105812833494,-0.5889102546378063
2026-09-12 09:32:00,Duduk,60,1.0,1.0,1,116.83333333333333,1.0,0.6568491247569763,513.4833333333333,11.131710189877046,7.97559837827391,1.0211293664984638,0.9855942353726247,0.006816666666666669,0.6437121720167762,0.22483025315886507,0.17507645037349523,0.08492366434366584,-0.30583869723480944,-1.278726347010813,0.609843719686292,1.7051956712434153,0.42004959147837495,-0.15718015061543067,0.06165279464150392,0.2823139833304257,0.5335255488911834,0,baseline,1.0,-0.11535682885658782,0.5335255488911834,-0.5143800591637215,-0.512715953350888
2026-09-12 09:33:00,Duduk,60,1.0,1.0,1,121.96666666666667,5.0,2.6874131703252035,490.9,7.973898096129497,3.918664594398177,1.2821331623653571,0.992609486453556,0.007783333333333336,1.1854153113095836,1.1241512657943253,0.6478993252180999,-1.0635946587035416,-0.8401109510836361,-0.02489600499540364,0.906121669857341,1.8140755150032948,0.7955636163757952,-0.774744358132707,0.6955822072945764,0.37792060340106914,1.3637480990781314,0,baseline,1.0,0.29627795017104896,1.3637480990781314,0.830222550186948,1.3446026093506696
2026-09-12 09:34:00,Duduk,60,1.0,1.0,1,116.78333333333333,-16.0,-17.399833287024045,518.2833333333333,22.654435466982697,5.55862438780907,1.3954537870102897,0.9746816519638027,0.007916666666666669,0.6384358427379505,-3.597284050541841,-4.02947573143428,-0.5993218920936497,1.6436985841219471,0.5194824285980142,2.3422041362500963,4.332724412092818,-0.869850956582615,-0.04635631513846968,-0.3355110839662721,0.5987635722981033,1.1089973388589875,0,baseline,1.0,1.4360824663927554,1.1089973388589875,-0.2547507602191439,-1.084973310406092
2026-09-12 09:35:00,Duduk,60,1.0,1.0,1,109.98333333333333,2.0,-0.5084745762710796,545.45,12.841174506713333,7.886912566429811,1.0053670517192161,0.9819423526754231,-0.008233333333333334,-0.07914493918239059,0.44966050631773014,-0.09627263789939007,0.059816702947821626,-0.01661333286349813,-1.354446581136057,0.5853925314236799,1.7837585522339185,0.07677614955787257,0.04454534252418268,-0.24788902885638658,0.2737850340777285,0.37985007594291065,0,baseline,1.0,-1.7568116048264164,0.37985007594291065,-0.7291472629160769,-0.474396502696933
2026-09-12 09:36:00,Duduk,60,1.0,1.0,1,107.46666666666667,-4.0,-2.7641011392052657,560.7833333333333,11.773413983894313,10.880709099524468,0.9932773992256391,0.9799814596014836,0.07983333333333334,-0.3447201795499678,-0.8993210126354603,-0.6215019890198796,0.9073607736448703,-0.19726842067789233,-1.4125237944214901,0.8337982251385673,1.7299074803941337,-0.5024795527679942,0.47667700179961764,-0.6756359989365481,0.35275587167927425,1.029867648320787,0,baseline,1.0,0.2484056937148874,1.029867648320787,0.6500175723778763,1.3791648352939532
2026-09-12 09:37:00,Duduk,60,1.0,1.0,1,106.35,-4.0,-2.275632120033275,566.5833333333334,14.460104867128784,9.142932808403605,1.58315671837209,0.9754533286095532,0.037683333333333326,-0.4625582001104168,-0.8993210126354603,-0.5077605256951935,0.41539614764039906,0.2572945333442639,1.421184374521757,0.7680146034266364,2.158088067246309,-0.5373109438939729,0.36730407195699877,-0.21012429921110878,0.33305438774433027,0.7607185931861626,0,baseline,1.0,-0.06578362171193086,0.7607185931861626,-0.2691490551346243,-0.9191666275125006
2026-09-12 09:38:00,Duduk,60,1.0,1.0,1,105.61666666666666,1.0,-1.5254237288134693,566.9166666666666,9.592178428576572,7.18166214649789,0.8950510323036558,0.9825747601907909,-0.03578333333333333,-0.5399443628665321,0.22483025315886507,-0.33307227144225676,-0.13983975505202634,-0.5663130635248307,-1.8843912583549651,0.8509036131575095,2.421087315239604,-0.27242481836779064,-0.11005368492761626,-0.43510959131393806,0.36876042334068715,0.6415853033733362,0,baseline,1.0,0.0828890097308731,0.6415853033733362,-0.11913328981282645,0.15001576532179783
2026-09-12 09:39:00,Duduk,60,1.0,1.0,1,108.38333333333334,17.0,15.332592386774177,551.2166666666667,32.343019400711526,8.599369310732786,1.7514811192317379,0.983159240763007,-0.003749999999999998,-0.24798747610482325,3.822114303700706,3.5923668996813922,0.2615132720322705,3.282916315007823,2.229794227870489,2.6892708584987304,5.0782616061610595,0.9136362457909858,0.7674766932226569,0.4825834637055652,0.7090678701076585,1.4694950520924195,0,baseline,1.0,1.838367245341221,1.4694950520924195,0.8279097487190833,0.9470430385319097
2026-09-12 09:40:00,Duduk,60,1.0,1.0,1,121.45,0.0,-1.7188107807723831,494.1166666666667,6.600184041262114,4.288336566604186,1.279417746247869,0.9749301859730688,0.004116666666666667,1.130893242095048,0.0,-0.3781030214274654,-0.9589404897636711,-1.0725305132516953,-0.037940532213852615,0.7630213483882821,1.5205630105902046,0.5118813832033139,-0.7705696459086616,0.6029440096455555,0.3358735834715686,1.154189184019427,0,baseline,1.0,-1.9262495101104484,1.154189184019427,-0.31530586807299255,-1.1432156167920757
2026-09-12 09:41:00,Duduk,60,1.0,1.0,1,119.38333333333334,-10.0,-8.987496526812954,505.51666666666665,14.148715778899877,5.361507503665774,1.401063519800759,0.9832828255303185,0.017083333333333336,0.9128049652369055,-2.2483025315886507,-2.0706381070780924,-0.6551256999152968,0.2046104137535529,0.5464308994427689,1.350633257683519,2.381416538404143,-0.4486779298709913,-0.4555864708256211,0.11260626757533043,0.438398465669777,0.7834183450440284,0,baseline,1.0,0.5876119092952369,0.7834183450440284,-0.37077083897539853,-0.055464970902405986
2026-09-12 09:42:00,Duduk,60,1.0,1.0,1,110.98333333333333,-1.0,-2.925812725757094,542.2666666666667,14.084330356176714,10.960638358249897,1.3157295218512848,0.9915814857288562,0.032266666666666666,0.026381646394130195,-0.22483025315886507,-0.6591570127144024,0.929988754056726,0.1937170027803591,0.13649680067166706,0.484212304993775,1.7790748031112167,-0.15065709359528726,0.503994738746398,-0.3209978106754443,0.1978711174532275,0.6472254862992082,0,baseline,1.0,-0.866420952689744,0.6472254862992082,-0.13619285874482023,0.2345779802305783
2026-09-12 09:43:00,Duduk,60,1.0,1.0,1,111.03333333333333,-2.0,-4.624617949430309,541.2166666666667,12.02270685935529,7.389869382575407,1.270715661489912,0.9852112636124327,-0.026633333333333332,0.03165797567295594,-0.44966050631773014,-1.0547288595671456,-0.08089626758953317,-0.15509039915954195,-0.07974428404082133,0.4747992829305181,0.9757834735553145,-0.2689165941719691,-0.0893581580256798,-0.11420555029476424,0.10378905673527372,0.322670251251834,0,baseline,1.0,-0.009413022063256893,0.322670251251834,-0.32455523504737416,-0.18836237630255392
2026-09-12 09:44:00,Duduk,60,1.0,1.0,1,110.76666666666667,-2.0,-5.354820783550896,542.3666666666667,14.556688330154044,7.186380716091388,1.4715136310504,0.9829553928561617,-0.051899999999999995,0.003517552852550493,-0.44966050631773014,-1.2247587603733319,-0.1385039275711231,0.2736355514109189,0.8848646252427137,0.6556531251591451,1.4459228205670183,-0.30649944665187745,-0.008471580211309634,0.013056856446165941,0.20729055626527482,0.37034245595962473,0,baseline,1.0,0.180853842228627,0.37034245595962473,0.04767220470779071,0.37222743975516487
2026-09-12 09:45:00,Duduk,60,1.0,1.0,1,111.78333333333333,3.0,1.508752431230997,536.4333333333333,8.553652538618365,6.079975468282356,0.9962077443354131,0.9856273457145058,-0.004566666666666667,0.11080291485534653,0.6744907594765952,0.3734446679807131,-0.451727353813562,-0.7420219250517534,-1.3984467745873228,0.7435257798038545,1.8109168568612357,0.30887884383762393,-0.4269134525231789,0.12434946539524072,0.328735939270111,0.6333966714686872,0,baseline,1.0,0.08787265464470939,0.6333966714686872,0.26305421550906244,0.21538201080127173
2026-09-12 09:46:00,Duduk,60,1.0,1.0,1,112.71666666666667,-1.0,-4.042789663795407,532.8833333333333,10.486620477520297,5.013540986203163,1.3651795347152882,0.9784672092180912,-0.02036666666666666,0.20929439472676634,-0.22483025315886507,-0.9192484134909822,-0.7536350526439823,-0.414981839487619,0.3740486199316425,0.5506751192636489,1.2866769057950074,-0.08998039309313477,-0.5080543089818017,0.2956538184798145,0.198067391758192,0.6267834746351879,0,baseline,1.0,-0.1928506605402056,0.6267834746351879,-0.0066131968334992575,-0.2696674123425617
2026-09-12 09:47:00,Duduk,60,1.0,1.0,1,112.7,3.0,7.235343150875341,532.4666666666667,16.8678479298727,6.639634460022017,1.44219669165594,0.9813819596284983,-0.009250000000000005,0.20753561830049108,0.6744907594765952,1.7068983421114234,-0.2932878423712389,0.6646621266751384,0.7440296307718028,0.8653404301555667,2.0835100760602034,0.5172123857527193,-0.03663350453300964,0.4247071435683134,0.24498257378714305,0.7136128396320506,0,baseline,1.0,0.31466531089191785,0.7136128396320506,0.08682936499686267,0.09344256183036193
2026-09-12 09:48:00,Duduk,60,1.0,1.0,1,114.98333333333333,0.0,-4.306196165601476,523.4833333333333,12.53401022934713,5.99576121458926,1.409994538447336,0.9673231549657804,0.01645,0.44848798870021334,0.0,-0.980583400539792,-0.47556841669033023,-0.06858265399417059,0.589334421696117,0.5386509756482196,1.4797009166382504,0.09925302439845035,-0.3525965748816404,0.35082493772109474,0.1791367621908655,0.5379067056337374,0,baseline,1.0,-0.3266894545073471,0.5379067056337374,-0.17570613399831314,-0.2625354989951758
2026-09-12 09:49:00,Duduk,60,1.0,1.0,1,111.11666666666666,-1.0,4.299527646568583,540.45,12.210616386668319,7.10096675203872,1.1755938074657613,0.9676190955964717,-0.01594999999999999,0.04045185780433217,-0.22483025315886507,1.0232849738016165,-0.16268462855975657,-0.12329786569120148,-0.5366980473687093,0.4880250299671274,1.8263777314208474,0.10787084692779325,-0.12769052190446772,0.022215487647157427,0.12906190412256946,0.21234757353993727,0,baseline,1.0,-0.050625945681092244,0.21234757353993727,-0.32555913209380016,-0.14985299809548702
2026-09-12 09:50:00,Duduk,60,1.0,1.0,1,112.83333333333333,0.0,-1.25034731869957,531.8333333333334,8.499584569442634,6.820954751998693,1.3567003171510126,0.9870190297018221,-0.04236666666666667,0.22160582971069306,0.0,-0.2690199115495201,-0.2419560512280929,-0.7511697194407048,0.33331549486988826,0.37757532445477093,1.1828700288172982,0.08135005004855725,-0.3497768053043414,0.29477062885730754,0.17951896198696116,0.49807471881397725,0,baseline,1.0,-0.11044970551235644,0.49807471881397725,0.28572714527404,0.6112862773678401
2026-09-12 09:51:00,Duduk,60,1.0,1.0,1,114.73333333333333,-1.0,-1.5004167824395078,522.8333333333334,10.489973690272004,6.297699337786184,1.3556659510958826,0.9761048932524112,0.034216666666666666,0.4221063423060831,-0.22483025315886507,-0.327249329633833,-0.3900897065628854,-0.41441450727110235,0.32834652673528636,0.35766262858511594,0.7154602496384713,0.11510952414587931,-0.3821494195364199,0.32672881174698043,0.1661652235271336,0.5418957273650804,0,baseline,1.0,-0.019912695869654995,0.5418957273650804,0.04382100855110316,-0.24190613672293682
2026-09-12 09:52:00,Duduk,60,1.0,1.0,1,117.7,6.0,11.633231453181502,508.81666666666666,17.536878011649627,5.584482131582668,1.5949440675293218,0.9880927542489278,-0.012483333333333329,0.735168546183095,1.3489815189531904,2.730959708154156,-0.5920015624805139,0.7778557553876769,1.477809359519309,1.4695697095061322,3.142333191281238,0.8392646979367545,-0.27121111284541677,0.7193630006197456,0.4080828984065231,1.209105239243563,0,baseline,1.0,1.1119070809210163,1.209105239243563,0.6672095118784827,0.6233885033273795
2026-09-12 09:53:00,Duduk,60,1.0,1.0,1,112.31666666666666,-21.0,-18.016671297582533,541.7833333333333,35.23148229400472,9.412397162199598,1.5140472220281347,0.9769607290586005,0.011583333333333334,0.16708376049615742,-4.721435316336167,-4.173108296042246,0.4916815306981208,3.7716172048467205,1.0891907989124399,3.038307778567578,6.07810351486818,-0.9603583231171403,0.8274239837988008,-0.6442712980643269,0.7478966198414123,1.6066590855640617,0,baseline,1.0,1.5687380690614459,1.6066590855640617,0.3975538463204986,-0.26965566555798404
2026-09-12 09:54:00,Duduk,60,1.0,1.0,1,101.65,11.0,10.351208669074802,588.1166666666667,20.69888367305673,11.495761930941391,1.034165262965579,0.978095275894563,0.010650000000000008,-0.9585331523200633,2.4731327847475155,2.432436891441924,1.0814822861359006,1.3128375216389592,-1.2161034933026769,1.6992142696851154,3.088884491989837,0.5223834644354814,0.8057284668984698,-0.3791447599984283,0.5300940300935992,1.1605314627623475,0,baseline,1.0,-1.3390935088824627,1.1605314627623475,-0.44612762280171414,-0.8436814691222128
2026-09-12 09:55:00,Duduk,60,1.0,1.0,1,105.93333333333334,-1.0,5.151430953042582,567.6333333333333,16.495471044251854,7.795044057887472,1.4461591914665632,0.9776420574000221,-0.029000000000000005,-0.5065276107672995,-0.22483025315886507,1.2216531914088296,0.033808719827353735,0.6016594425205691,0.7630649956648227,0.6763826191838425,2.365988162670226,-0.1613683211909093,0.26391808547982576,-0.0811159102811023,0.2213956751818662,0.3889580013539705,0,baseline,1.0,-1.022831650501273,0.3889580013539705,-0.771573461408377,-0.3254458386066629
2026-09-12 09:56:00,Duduk,60,1.0,1.0,1,106.81666666666666,5.0,5.489858293970611,560.0166666666667,10.237007750491149,5.2931039242152025,1.3247031322821667,0.9770063112755806,-0.050183333333333344,-0.4133124601747069,1.1241512657943253,1.3004570038829282,-0.6744907594765952,-0.4572139768979702,0.17960492865231814,0.7981198753693156,1.5851170242959924,0.29587437497568825,-0.3821807475517585,0.3874968993574412,0.2784859302341631,0.6791995508806622,0,baseline,1.0,0.12173725618547315,0.6791995508806622,0.2902415495266917,1.0618150109350686
2026-09-12 09:57:00,Duduk,60,1.0,1.0,1,106.9,-2.0,-2.9841622672963806,562.9666666666667,14.958662437561186,7.287090977561227,1.43735682492233,0.9780376390335294,0.04853333333333334,-0.4045185780433292,-0.44966050631773014,-0.6727438769340679,-0.1099928433930412,0.3416458085058597,0.7207795023905051,0.4944285506201423,1.1983575814342113,-0.4286935312914726,0.10542588876318004,-0.14850344192320553,0.20163216151977115,0.50754464100691,0,baseline,1.0,-0.3036913247491733,0.50754464100691,-0.1716549098737522,-0.4618964594004439
2026-09-12 09:58:00,Duduk,60,1.0,1.0,1,107.73333333333333,-1.0,-2.444012225618132,558.0,7.5397253018341885,5.174906860702824,1.3479733424411913,0.9775561212997368,0.05031666666666666,-0.31657975672956234,-0.22483025315886507,-0.5469683338719561,-0.7079523589027148,-0.91356892466835,0.29139217475558865,0.558369630482277,1.5395141646259776,-0.31277032568270335,-0.5038480187480985,0.1619330512627278,0.24445129586203285,0.6615639438209528,0,baseline,1.0,0.06394107986213465,0.6615639438209528,0.15401930281404286,0.32567421268779506
2026-09-12 09:59:00,Duduk,60,1.0,1.0,1,107.0,-3.0,-5.111419838844041,562.6666666666666,16.541336681448676,5.828044414288145,1.3523825399504372,0.9775037639916041,0.055666666666666656,-0.3939659194856777,-0.6744907594765952,-1.1680821267712715,-0.5230490581033773,0.6094194791002877,0.3125734208086181,0.6729583131348361,2.0939083040745956,-0.5329387810738863,-0.05646879204815287,-0.19693686238800243,0.22900930764235472,0.6151762833545835,0,baseline,1.0,0.11458868265255917,0.6151762833545835,-0.04638766046636933,-0.2004069632804122
2026-09-12 10:00:00,Duduk,60,1.0,1.0,1,105.81666666666666,7.0,6.626840789108166,565.4333333333333,13.229866912825441,5.194521233709381,1.4465346717266032,0.9788442949426345,-0.008916666666666668,-0.5188390457512277,1.5738117721120555,1.5652067581062639,-0.7023995281213379,0.04914978466924558,0.7648687569522871,1.022802902066661,2.0407059473734748,0.3982464170456821,-0.26387092225413167,0.4754883176920424,0.35430562582203995,0.7614786202197179,0,baseline,1.0,0.3498445889318248,0.7614786202197179,0.14630233686513439,0.19268999733150372
2026-09-12 10:01:00,Duduk,60,1.0,1.0,1,106.03333333333333,-6.0,-1.417060294526181,567.4333333333333,11.155855294177707,6.711992808222243,1.2776545521503928,0.9768411512303287,0.038433333333333326,-0.495974952209648,-1.3489815189531904,-0.3078395236057254,-0.27280318741736953,-0.3017535715493162,-0.04641070120482645,0.6229149506131887,2.0673006809420817,-0.6191691817201705,-0.1256180812042824,-0.27358543043602396,0.28406693305179376,0.7447774084367678,0,baseline,1.0,-0.3998879514534722,0.7447774084367678,-0.016701211782950143,-0.16300354864808453
2026-09-12 10:02:00,Duduk,60,1.0,1.0,1,103.53333333333333,0.0,-1.3403723256459648,579.4,9.993557246580316,7.424193159380796,1.1343186620559988,0.9758644559217416,-0.0006666666666666663,-0.75979141615095,0.0,-0.28998250205987675,-0.07117920325541632,-0.4984035238259235,-0.7349788023055096,0.4924495302285957,1.5601492292086925,-0.4312104422501911,-0.01179061309985104,-0.3606880860973103,0.2303471549893613,0.6076488881970487,0,baseline,1.0,-0.13046542038459297,0.6076488881970487,-0.1371285202397191,-0.12042730845676897
2026-09-12 10:03:00,Duduk,60,1.0,1.0,1,103.63333333333334,0.0,-0.8469019171991549,579.0833333333334,9.200758381908521,5.9060440171237625,1.4317275816892043,0.9787411845159227,-0.0246,-0.749238757593297,0.0,-0.17507645037349953,-0.5009673634493599,-0.6325376723129909,0.6937373057633056,0.5360898766220085,1.875441436850397,-0.41226983786502364,-0.2764356931958961,0.06395128507653726,0.25248961175549134,0.5605567612591322,0,baseline,1.0,0.04364034639341274,0.5605567612591322,-0.04709212693791642,0.09003639330180269
2026-09-12 10:04:00,Duduk,60,1.0,1.0,1,105.28333333333333,1.0,3.209224784662515,569.6166666666667,7.611524862631881,4.161974759450745,1.201797876365151,0.9786505554775468,-0.012500000000000002,-0.5751198913920386,0.22483025315886507,0.7694047109540267,-0.9947135288568648,-0.9014211109182246,-0.41081690237925983,0.7004856282642936,2.204677609300688,-0.13266945284422763,-0.5766463685238845,0.16062085062113307,0.2903161156659847,0.6783839051152468,0,baseline,1.0,0.16439575164228515,0.6783839051152468,0.11782714385611459,0.16491927079403101
2026-09-12 10:05:00,Duduk,60,1.0,1.0,1,104.75,-2.0,-1.0019449847179185,573.5,11.995055478496269,7.2579588109670965,1.2936259470449671,0.9793516166412742,0.010433333333333333,-0.6314007370328495,-0.44966050631773014,-0.21117868958577402,-0.11824016240436061,-0.1597687540251886,0.03031392824592626,0.33810344216343463,1.2197911611375274,-0.4729358982698812,0.021302646300440386,-0.25968296250493456,0.1639486444064634,0.5643018391160862,0,baseline,1.0,-0.362382186100859,0.5643018391160862,-0.1140820659991606,-0.2319092098552752
2026-09-12 10:06:00,Duduk,60,1.0,1.0,1,109.11666666666666,9.0,10.711308696860321,548.7666666666667,20.306437708997077,7.292903446362505,1.7245836500802045,0.9812326472937218,-0.024700000000000003,-0.1706013133487094,2.0234722784297854,2.5162872534833363,-0.10834733294696464,1.246439337229197,2.1005820727997064,1.6549441895045605,2.9007406727582645,0.7117166288376173,0.2785773497621405,0.5772596418038258,0.5086903324294854,1.0845000912527312,0,baseline,1.0,1.3168407473411259,1.0845000912527312,0.520198252136645,0.6342803181358055
2026-09-12 10:07:00,Duduk,60,1.0,1.0,1,111.31666666666666,-2.0,-0.15170880800211323,539.6,7.776976014634697,6.594810491873805,1.256107102432477,0.977000040497764,-0.012533333333333336,0.06155717491963663,-0.44966050631773014,-0.013198668099106404,-0.30597751182912303,-0.8734283243754619,-0.14992201666152663,0.4252712758173544,1.098307695804657,-0.10265857606172707,-0.37905544758809534,0.12143167598517816,0.2077766925070481,0.4605850860231695,0,baseline,1.0,-1.229672913687206,0.4605850860231695,-0.6239150052295617,-1.1441132573662065
2026-09-12 10:08:00,Duduk,60,1.0,1.0,1,106.48333333333333,-3.0,-4.272853570436152,565.6,22.5367496490901,12.449899597988733,1.391597915689385,0.984218814560872,-0.03276666666666667,-0.44848798870021334,-0.6744907594765952,-0.9728194781285506,1.3515987464214536,1.623787245098319,0.5009592939401454,1.0260702867827838,1.7497405978081513,-0.5334381611218585,0.8451769258943269,-0.5770618575941622,0.4044060199782784,1.2228756781823535,0,baseline,1.0,0.6007990109654293,1.2228756781823535,0.762290592159184,1.3862055973887457
2026-09-12 10:09:00,Duduk,60,1.0,1.0,1,122.58333333333333,16.0,10.514587385384953,486.85,12.966482214423044,3.8134463260095757,1.504308696408033,0.9873793563106196,0.011716666666666669,1.2504900390817708,3.597284050541841,2.4704801112570216,-1.093381960050166,0.004587558587660305,1.0424081118315016,1.953184139045395,3.655959095812121,0.9725591295975409,-0.6912320109189565,0.8088059793534225,0.599940223599426,1.5613354340477157,0,baseline,1.0,0.9271138522626112,1.5613354340477157,0.33845975586536214,-0.4238308362938219
2026-09-12 10:10:00,Duduk,60,1.0,1.0,1,120.88333333333334,-7.0,-6.480133370380539,497.3333333333333,11.788628054715671,7.129551772347002,1.176261637242315,0.9839586502772498,-0.009233333333333324,1.0710948436016865,-1.5738117721120555,-1.4867911417527218,-0.1545922067117041,-0.194694342275939,-0.5334898747275291,1.0149787880336893,1.972436268393927,-0.10566413985243142,-0.33452806617040926,0.019174833979865368,0.3595369815481405,0.5027011566182947,0,baseline,1.0,-0.9382053510117057,0.5027011566182947,-1.0586342774294208,-1.397094033294783
2026-09-12 10:11:00,Duduk,60,1.0,1.0,1,119.75,1.0,-0.2917477076965486,501.8666666666667,11.9340939693827,6.04082158515949,1.3601929841014475,0.9767007683705002,-0.01845,0.9514980466149623,0.22483025315886507,-0.04580714222633796,-0.4628118216852806,-0.17008287085836596,0.35009384011373695,0.4696956695320859,1.2748317391423691,0.5254956476214337,-0.4521240201730995,0.5425128080586143,0.22667735705352388,0.9089909660689534,0,baseline,1.0,-0.5452831185016034,0.9089909660689534,0.4062898094506586,1.4649240868800795
2026-09-12 10:12:00,Duduk,60,1.0,1.0,1,112.65,-6.0,-7.196999166435037,534.7833333333333,14.059307390258788,9.463578711771689,1.0780331352307582,1.0252323033411765,0.021466666666666658,0.20225928902166534,-1.3489815189531904,-1.6537154735944208,0.506171032035098,0.18948335112470047,-1.005367595370418,0.991489778223007,1.6477332017293684,-0.49412950045914383,0.27781526158427483,-0.555044884708657,0.328146208431914,0.8585453051194384,0,baseline,1.0,0.521794108690921,0.8585453051194384,-0.05044566094951497,-0.4567354704001736
2026-09-12 10:13:00,Duduk,60,1.0,1.0,1,113.65,-2.0,-1.5921089191441204,527.7333333333333,11.938921773231646,8.08115615155175,1.209754747333914,0.9874228622834048,-0.01945000000000001,0.3077858745981861,-0.44966050631773014,-0.3486001162647404,0.11480707955529967,-0.16926605162817043,-0.3725930665342644,0.3159920915632469,0.7524060608652312,-0.0179040248684333,-0.040707286568984986,-0.061897587511508693,0.14318131904541453,0.16220307873042547,0,baseline,1.0,-0.6754976866597601,0.16220307873042547,-0.6963422263890129,-0.6458965654394979
2026-09-12 10:14:00,Duduk,60,1.0,1.0,1,110.48333333333333,0.0,2.242289524868141,542.8833333333333,11.155437477335187,7.685557664227723,1.1127826345129397,0.9892406716796134,-0.0038833333333333333,-0.026381646394130195,0.0,0.5442509610280293,0.002813111828435307,-0.3018242622489278,-0.83843524702993,0.42641618210945176,1.0958540300636919,0.06702709119982748,-0.06852496468310822,-0.09286507506473005,0.18073350878739813,0.2246704811605514,0,baseline,1.0,0.11042409054620483,0.2246704811605514,0.06246740243012594,0.7588096288191388
2026-09-12 10:15:00,Duduk,60,1.0,1.0,1,115.68333333333334,-3.0,-4.90302861906078,519.8166666666667,12.562375445597787,6.540616256664899,1.469074708820179,0.9658336230398681,0.0041333333333333335,0.5223565986037783,-0.6744907594765952,-1.1195576117010155,-0.3213199047437777,-0.06378352486069415,0.8731483408725564,0.6893120109982377,1.3873913396467432,-0.08279477306794589,-0.28869603159413165,0.2801781244973957,0.2461948708943248,0.4788653975880111,0,baseline,1.0,0.26289582888878593,0.4788653975880111,0.2541949164274597,0.1917275139973338
2026-09-12 10:16:00,Duduk,60,1.0,1.0,1,112.51666666666667,-2.0,-1.5054181717143083,533.5166666666667,10.90559126796685,5.964584745515875,1.196796409896664,1.0004324255888783,-0.04236666666666666,0.18818907761146186,-0.44966050631773014,-0.32841391799551967,-0.48439447791938234,-0.3440959026860231,-0.4348433361402451,0.38461975353956546,0.9193869442169923,-0.08048179964220079,-0.3714281190938322,0.07292213664759062,0.1791796899747482,0.4264494894356495,0,baseline,1.0,-0.30469225745867223,0.4264494894356495,-0.052415908152361634,-0.30661082457982136
2026-09-12 10:17:00,Duduk,60,1.0,1.0,1,111.78333333333333,2.0,2.018894137260478,536.5333333333333,9.943001399786596,7.446987788270105,1.2665853410341008,0.9832328726464815,-0.009016666666666668,0.11080291485534653,0.44966050631773014,0.4922326808727132,-0.06472604174450261,-0.5069570999760681,-0.0995858388065,0.3482999593234609,0.7545429663229248,0.2633220774041387,-0.18243385037708165,0.2215148752836746,0.14428497047155253,0.4153403651076516,0,baseline,1.0,-0.03631979421610454,0.4153403651076516,-0.011109124327997877,0.04130678382436376
2026-09-12 10:18:00,Duduk,60,1.0,1.0,1,113.91666666666667,0.0,2.118921922756348,526.3833333333333,8.074004460154754,6.035207437492047,1.1804041249520307,0.9899955659594472,0.004966666666666669,0.3359262974185916,0.0,0.5155244481064138,-0.4644011874003383,-0.8231738911368828,-0.5135898699608688,0.5059101050462571,1.0624258764777426,0.2562475925159427,-0.48415662218588884,0.29542927460970886,0.22274174821757486,0.661031622671795,0,baseline,1.0,0.1576101457227962,0.661031622671795,0.24569125756414345,0.2568003818921413
2026-09-12 10:19:00,Duduk,60,1.0,1.0,1,117.8,6.0,7.945540427896718,508.78333333333336,13.334156048064095,5.7179467690979155,1.4186485832629807,0.9717391437630964,-0.015950000000000002,0.7457212047407465,1.3489815189531904,1.8722698894708614,-0.5542177114661462,0.0667945303608032,0.6309073955104523,1.0480862492653895,1.8465811778228887,0.7989424763074704,-0.41137513391676156,0.6594592640023408,0.32482236912828677,1.161005888709428,0,baseline,1.0,0.5421761442191324,1.161005888709428,0.49997426603763284,0.2542830084734894
2026-09-12 10:20:00,Duduk,60,1.0,1.0,1,119.61666666666666,1.0,-0.39510975270900295,503.46666666666664,40.48371368150812,24.837096366769675,1.1989553872756085,0.9950947539113184,0.023650000000000004,0.9374278352047589,0.22483025315886507,-0.06987530170117487,4.858415277832669,4.660245602556989,-0.42447187262779074,2.7819797089309675,7.332257005460972,0.5172318117648689,0.9986490361825351,-0.33608626418192183,0.7820899533870797,1.4104776909723316,1,tau_in,0.0,1.733893459665578,1.729001826699625,0.5679959379901971,0.06802167195256426
2026-09-12 10:21:00,Duduk,60,1.0,1.0,1,110.33333333333333,-16.0,-13.61378160600159,548.5,20.243015116749508,9.756353861866948,1.1672310437141635,0.9748690256068753,0.01366666666666667,-0.04221063423060892,-3.597284050541841,-3.14788234163783,0.5890557036444194,1.2357088281618158,-0.5768717425444194,2.043613688708454,3.3181373414545554,-0.9177517600890583,0.5658180315068604,-0.7312169818507146,0.5811805709131602,1.4264878087381883,1,falling,0.41435153078452774,-0.7383660202225135,1.5420284037504315,-0.1869734229491935,-0.7549693609393906
2026-09-12 10:22:00,Lainnya,60,1.0,1.0,1,112.35,9.0,11.921644901361539,532.4166666666666,18.472417978940943,8.665145455369567,0.9960867563957654,0.9679280190862944,-0.03085,1.2180971542423369,1.5176042088223392,2.0955411540999043,-0.8338131295377126,-0.5913706805839931,-0.9399965130078441,1.2978657481705411,2.846308236695149,0.8936103011423457,-0.6911004598644095,0.5938493621620093,0.4140826150408815,1.341745390508882,1,falling,0.8328456004983162,-0.7457479405379128,1.3521173344886164,-0.1899110692618151,-0.0029376463126216112
2026-09-12 10:23:00,Lainnya,60,1.0,1.0,1,120.91666666666667,8.0,8.11850501367365,494.31666666666666,11.818531364590916,5.361507503665774,1.6175897713400953,1.0095456548242134,0.01721666666666667,1.6665942439848598,1.3489815189531904,1.3929465895823032,-1.0724507995389037,-0.9434072742105446,1.4700752555988497,1.3378388650842024,3.1075608845300815,0.9104696371464358,-0.8207197939397807,0.8472059406142609,0.48483668700908467,1.5669589845341065,1,plateau_persistent,0.8104137418675343,0.03997311691366123,1.5783863305556178,0.22626899606700146,0.4161800653288166
2026-09-12 10:24:00,Lainnya,60,1.0,1.0,1,120.35,-4.0,-11.284801333703678,499.73333333333335,17.308630811389207,7.699878933672941,1.013068772567957,0.959221707283238,0.020383333333333333,1.6369271213170657,-0.6744907594765952,-2.1916329883267096,-0.9035389763270191,-0.6529430658554284,-0.8741434491183835,1.2874113198761756,3.356401717304472,0.35330728874800266,-0.7563232429194363,0.4098809309511517,0.3977100978380923,1.0114477680742615,1,plateau_persistent,0.8387123498456683,-0.050427545208026725,1.0242266807863927,-0.5541596497692252,-0.7804286458362266
2026-09-12 10:25:00,Lainnya,60,1.0,1.0,1,118.36666666666666,1.0,3.264240066685315,507.23333333333335,9.467816433718964,7.242763776255861,1.3998050664651482,0.9845065997812312,0.01925,1.5330921919797893,0.1686226898691488,0.4961664901903292,-0.936558604289575,-1.0677763422175852,0.6255471419251526,0.9159315867533468,2.4696170903765844,0.7479177266407413,-0.796392109984305,0.7506663217465653,0.38691683308859914,1.3808786626639347,1,falling,1.0,-0.3714797331228288,1.3808786626639347,0.356651981877542,0.9108116316467672
2026-09-12 10:26:00,Lainnya,60,1.0,1.0,1,110.4,-16.0,-21.079188663517588,547.85,31.04934563572604,9.615488917296098,1.52660525214964,0.9771869770123371,-0.008366666666666665,1.1160073497678722,-2.697963037906381,-4.001054546283364,-0.7651652471818233,0.07403572430327866,1.1172544070936952,2.096510235093783,3.3797814768786756,-0.6616501689398755,-0.5549689666428819,0.1633009493839114,0.5131749465800739,1.017736324330611,1,falling,0.3846673844835228,1.1805786483404361,1.189294519276168,-0.19158414338776675,-0.5482361252653087
2026-09-12 10:27:00,Lainnya,60,1.0,1.0,1,102.18333333333334,2.0,-7.460405668241096,589.5666666666667,35.88322239874108,13.491365725994621,1.5459463290082065,0.9810998839570907,0.02026666666666667,0.6858340710848692,0.3372453797382976,-1.4851116174411805,-0.4851920102953625,0.32978121686884204,1.1922554645148866,0.8713303397673001,2.738379786772541,0.25019011397024354,-0.3109322608842333,0.4983198139444836,0.2901942762396058,0.7012911798382451,1,falling,1.0,-1.225179895326483,0.7012911798382451,-0.48800333943792285,-0.2964191960501561
2026-09-12 10:28:00,Lainnya,60,1.0,1.0,1,105.53333333333333,-6.0,-6.138371769935982,570.6,15.923759031551414,8.982091410228184,1.3422023071999323,0.9788166804691554,-0.02875,0.8612191197974117,-1.011736139214893,-1.2408782054480487,-0.810918597724759,-0.7262123552557347,0.4021744783003754,0.8805116672057035,1.4518901524922359,-0.015980696087115984,-0.6639261419297678,0.4109925258902058,0.32595830624466204,0.8462960346903886,1,tau_out,1.0,0.009181327438403386,0.8462960346903886,0.14500485485214354,0.6330081942900664
2026-09-12 10:29:00,Lainnya,60,1.0,1.0,1,103.46666666666667,3.0,-1.6604612392330749,579.45,13.567689685050675,8.392894492730246,1.180620511038518,0.9839438054054509,0.037483333333333334,0.7530213783031069,0.5058680696074465,-0.41362606848269273,-0.8534791269410666,-0.85086470885931,-0.2244093288341211,0.6450823131369139,1.6100003458782397,0.4651617410568115,-0.6819412896572374,0.5270305822670015,0.28894529448886785,1.021112131812336,0,baseline,1.0,-0.23542935406878962,1.021112131812336,0.17481609712194734,0.029811242269803806
2026-09-12 10:30:00,Lainnya,60,1.0,1.0,1,108.25,2.0,4.939705473742828,554.0166666666667,11.95257814422417,5.960320773986377,0.8063081064359233,0.9841274979085999,-0.04281666666666668,1.0034467961165385,0.3372453797382976,0.8056930715939753,-1.0291956348737188,-0.9363152730353324,-1.675922414499209,1.0419874542742118,2.7730044610981643,0.649204999915822,-0.7619407429163618,0.41442800436674254,0.4181478008609427,1.1613005561868484,0,baseline,1.0,0.3969051411372979,1.1613005561868484,0.1401884243745124,-0.034627672747434945
2026-09-12 10:31:00,Lainnya,60,1.0,1.0,1,109.2,2.0,0.2967490969715057,549.4166666666666,9.191543030244494,6.563897147481202,1.2504733610718541,0.9862929939278138,0.0018333333333333376,1.0531828547066628,0.3372453797382976,-0.05204974353951273,-0.9855964083409535,-1.0823931148657717,0.04646688218014149,0.7495300809827884,1.5666737162628461,0.5866985243995229,-0.7712124502264444,0.6388003258097639,0.3365949373719521,1.2084476860981375,0,baseline,1.0,-0.2924573732914234,1.2084476860981375,0.04714712991128911,-0.09304129446322329
2026-09-12 10:32:00,Lainnya,60,1.0,1.0,1,120.65,6.0,2.195609891636635,496.6,14.368279563925483,5.784256833737941,1.5198429905176507,0.9814668032139309,0.011833333333333336,1.6526332450823689,1.011736139214893,0.2987470487179433,-1.0419135806917363,-0.8085079705819908,1.0910316286689605,1.0625186680825227,2.8495171840754567,0.8503128230301665,-0.8025393226569278,0.8100845756044895,0.4390473317624596,1.488657395299608,0,baseline,1.0,0.3129885870997343,1.488657395299608,0.2802097092014706,0.23306257929018148
2026-09-12 10:33:00,Lainnya,60,1.0,1.0,1,122.15,6.0,5.190595132198587,490.71666666666664,9.716475029847487,6.098068602267943,1.1388285714266626,0.9832843310169975,-0.0004666666666666622,1.7311638639088804,1.011736139214893,0.8520425921297186,-1.0192454462424603,-1.05462058375181,-0.386470608332291,1.0837404597322677,2.813410228340369,0.8817253276832879,-0.8244237158948142,0.6968177372360832,0.4300362521452311,1.458629546490111,0,baseline,1.0,0.021221791649745025,1.458629546490111,-0.03002784880949716,-0.31023755801096775
2026-09-12 10:34:00,Lainnya,60,1.0,1.0,1,117.93333333333334,-7.0,-8.252292303417496,510.4,11.925190543195754,7.1319286858227215,0.9681738066352581,0.9794377757880164,0.013733333333333325,1.510405568763242,-1.1803588290840417,-1.631405275318519,-0.9445647563322633,-0.9377642664330939,-1.048237680916517,1.238713159820964,2.781591967019732,0.22783489025498163,-0.7841407426511816,0.3336581574231974,0.43563651231988043,0.9838152155686141,0,baseline,1.0,0.15497270008869624,0.9838152155686141,-0.47481433092149683,-0.44478648211199967
2026-09-12 10:35:00,Lainnya,60,1.0,1.0,1,119.2,3.0,3.73660219292835,503.4,9.215315181712727,8.021158460649401,1.2095395425715187,0.9837103433164728,0.029966666666666662,1.576720313550074,0.5058680696074465,0.5834309801073958,-0.8803314097420649,-1.081135403739766,-0.11226676508585841,0.9164043992964865,2.476354423075364,0.8028114884424754,-0.7893896987591359,0.6927673302783884,0.38410881044619305,1.3766294107877026,0,baseline,1.0,-0.32230876052447743,1.3766294107877026,0.39281419521908856,0.8676285261405854
2026-09-12 10:36:00,Lainnya,60,1.0,1.0,1,121.01666666666667,2.0,3.9890839618493428,495.21666666666664,9.744345020934226,5.130500355550624,1.244328625213518,0.9835517394906648,0.008700000000000001,1.6718296185732935,0.3372453797382976,0.6300746281777599,-1.089137557708451,-1.0531460685856784,0.0226387525305246,0.9662291421872827,2.495030283050654,0.8058897163018506,-0.8326385503069501,0.719070820114941,0.3995808961934526,1.4210816047088475,0,baseline,1.0,0.04982474289079619,1.4210816047088475,0.044452193921144856,-0.3483620012979437
2026-09-12 10:37:00,Lainnya,60,1.0,1.0,1,126.7,2.0,-1.8871908863572109,473.28333333333336,8.059296488342246,4.069314688482362,1.2953516407358618,1.003755087637636,-0.004183333333333334,1.9693734076826324,0.3372453797382976,-0.45551225263282596,-1.1657921060366738,-1.1422967830312454,0.2204964077674777,1.0733273280008202,3.037788725164071,0.8061738380929752,-0.8669416419687471,0.7461944311170178,0.4395385003980222,1.4668006988569435,0,baseline,1.0,0.10709818581353747,1.4668006988569435,0.04571909414809605,0.0012669002269511953
2026-09-12 10:38:00,Lainnya,60,1.0,1.0,1,110.16666666666667,-15.0,-19.252014448457853,550.25,31.185407821879597,12.691248819961316,1.21380146741176,0.9794942761909815,-0.04431666666666668,1.1037914757281926,-2.529340348037232,-3.6635011798969006,-0.5429883054632022,0.08123435441392392,-0.09573982235122126,1.886255574190836,3.2231537094007616,-0.6051555127994582,-0.4614037663581772,-0.09789687298356407,0.46716542337534084,0.8982950299420053,0,baseline,1.0,0.8129282461900158,0.8982950299420053,-0.5685056689149383,-0.6142247630630343
2026-09-12 10:39:00,Duduk,60,1.0,1.0,1,102.9,-4.0,-3.3009169213669702,584.9166666666666,22.99247604766089,12.79698057607367,1.6337092971827212,0.9793081315088389,0.051416666666666666,-0.8266249203494124,-0.8993210126354603,-0.7465011398408646,1.4498574028718116,1.7008918868168423,1.6640327858614115,1.2788976898236293,2.6255196891275214,-0.6839056342906179,0.8827233643809942,-0.48449341623149,0.49353590153896565,1.3134835404823668,0,baseline,1.0,-0.6073578843672067,1.3134835404823668,0.41518851054036154,0.9836941794552998
2026-09-12 10:40:00,Duduk,60,1.0,1.0,1,105.56666666666666,-4.0,-4.0077799388718445,570.2833333333333,18.27111424678881,9.623417765613494,1.5002974084074203,0.9836610013752686,0.051649999999999995,-0.545220692145358,-0.8993210126354603,-0.9110962949591851,0.5514214827093172,0.9020816550167283,1.0231383744354394,0.8267173481862813,1.5904975365885707,-0.6083716538142008,0.5634313854902404,-0.41353170296979636,0.33261817068311594,0.9844868268035687,0,baseline,1.0,-0.452180341637348,0.9844868268035687,-0.3289967136787981,-0.7441852242191597
2026-09-12 10:41:00,Duduk,60,1.0,1.0,1,104.65,9.0,0.901917199222096,572.5833333333334,24.744313961925226,13.14585711629462,1.5427331062596374,0.9821397261019748,-0.0023333333333333344,-0.6419533955905009,2.0234722784297854,0.23214128009611731,1.5486243831261164,1.9972864673192816,1.2269942814922186,1.4406792076987363,3.552877579739997,0.28101937475202665,0.9013659614499605,-0.09549984075108976,0.5449660837551553,1.0943220446804252,0,baseline,1.0,0.613961859512455,1.0943220446804252,0.10983521787685646,0.4388319315556546
2026-09-12 10:42:00,Duduk,60,1.0,1.0,1,106.03333333333333,-6.0,-5.598221728257741,568.0166666666667,14.21683373968764,8.032771858381984,1.2638253684097058,0.9825295353499874,0.004349999999999996,-0.495974952209648,-1.3489815189531904,-1.2814353939753897,0.1011094817601303,0.2161353352362856,-0.1128444100395526,0.7934618696936189,1.4199982129220383,-0.7012196375611602,0.20585500228561104,-0.4788260070296367,0.278741620561754,0.9170913248465238,0,baseline,1.0,-0.6472173380051174,0.9170913248465238,-0.17723071983390137,-0.28706593771075783
2026-09-12 10:43:00,Duduk,60,1.0,1.0,1,100.91666666666667,-4.0,-11.138093914976329,596.8,23.121491946466353,12.225979562848387,1.3118931763737947,0.9852617507838108,-0.04239999999999999,-1.0359193150761787,-0.8993210126354603,-2.571411102603162,1.2882069641157607,1.722720169498262,0.11806746577960374,1.4795970206430342,2.927977629294911,-0.8411999885701762,0.8731956100520656,-0.7255680304664406,0.4350959214470691,1.4784604904695584,0,baseline,1.0,0.6861351509494154,1.4784604904695584,0.5613691656230346,0.738599885456936
2026-09-12 10:44:00,Duduk,60,1.0,1.0,1,100.13333333333334,-3.0,1.4537371492082019,601.15,16.37880503081004,12.386433256331676,1.2722143976391684,0.9841150830386213,-0.028466666666666664,-1.1185818071111198,-0.6744907594765952,0.3606341960021622,1.3336314193283634,0.581920644866164,-0.07254453871768667,0.8122691648282214,2.137204012716186,-0.6431175438797918,0.8014645550416737,-0.6690542945585319,0.35437010992182716,1.2763845157738896,0,baseline,1.0,-0.6673278558148128,1.2763845157738896,-0.20207597469566885,-0.7634451403187035
2026-09-12 10:45:00,Duduk,60,1.0,1.0,1,98.98333333333333,0.0,-0.2250625173658679,607.0,11.300217487032596,11.874342087037917,1.0653610375852576,0.9839596727532741,0.017483333333333333,-1.2399373805241192,0.0,-0.030279297403847397,1.1886583627450549,-0.2773288395331665,-1.0662428039938725,0.8331721759938105,2.159443835851194,-0.5957336411583046,0.6817718822682557,-0.7239409001671555,0.366374355756667,1.2157434211832183,0,baseline,1.0,0.020903011165589125,1.2157434211832183,-0.06064109459067124,0.1414348801049976
2026-09-12 10:46:00,Duduk,60,1.0,1.0,1,97.81666666666666,0.0,2.632397888302335,613.5166666666667,13.020832937853102,13.082528133846354,1.1261117091121045,0.9842088779341105,-0.009949999999999995,-1.363051730363394,0.0,0.6350888532395319,1.5306959424375228,0.013783192350285639,-0.7744040014002969,0.9313224891810747,2.38776830909751,-0.574634696225645,0.8068508092230551,-0.7233794331727551,0.38733708314633586,1.2862818830909055,0,baseline,1.0,0.0981503131872642,1.2862818830909055,0.0705384619076872,0.13117955649835844
2026-09-12 10:47:00,Duduk,60,1.0,1.0,1,101.65,3.0,5.776604612392368,590.2833333333333,17.687582225158742,11.066823223996417,1.3113678347377353,0.9811018075003004,-0.02743333333333334,-0.9585331523200633,0.6744907594765952,1.3672267366195978,0.9600496992032544,0.8033534979466637,0.11554378875403618,0.8966098345774919,1.6637380377886468,-0.11919268194052411,0.7261680607146836,-0.415168164275267,0.31909132683746255,0.9031671092997612,0,baseline,1.0,-0.03471265460358286,0.9031671092997612,-0.38311477379114434,-0.45365323569883154
2026-09-12 10:48:00,Duduk,60,1.0,1.0,1,100.36666666666666,2.0,0.9335926646291497,597.4,17.05743041033408,11.065291589745916,1.0920666701124422,0.980694829459059,-0.033749999999999995,-1.0939589371432663,0.44966050631773014,0.23951700638679577,0.9596160934076906,0.696737708159833,-0.9379522086250065,0.7897647276045165,1.6693539722813102,-0.40603285154612695,0.726259145837779,-0.6697838650854141,0.34899868128735423,1.1237106072814156,0,baseline,1.0,-0.10684510697297533,1.1237106072814156,0.2205434979816544,0.6036582717727987
2026-09-12 10:49:00,Duduk,60,1.0,1.0,1,103.25,3.0,-0.9152542372880293,580.25,13.110514605473691,9.265390311644655,1.4710429420163522,0.9795420104339002,-0.04700000000000001,-0.7896906153976306,0.6744907594765952,-0.1909924913165353,0.4500638779410389,0.028956491224985496,0.8826034926389411,0.5912433343155684,2.114883308820624,-0.25488608633497234,0.39077330134426963,-0.17671714450441559,0.2745831867692051,0.5694695476219821,0,baseline,1.0,-0.19852139328894813,0.5694695476219821,-0.5542410596594335,-0.7747845576410879
2026-09-12 10:50:00,Duduk,60,1.0,1.0,1,100.55,-6.0,-6.316754654070505,599.65,14.090295975527486,9.497546516364554,1.2765802975425045,0.9775824286486485,0.03551666666666666,-1.0746123964542371,-1.3489815189531904,-1.448747921937651,0.5157873206034864,0.19472632974520654,-0.05157128907270246,0.9469273101156376,1.8813891501875484,-0.8375901069559695,0.498484179590195,-0.6322496639277476,0.3330502550713519,1.2085966136441326,0,baseline,1.0,0.35568397580006916,1.2085966136441326,0.6391270660221505,1.193368125681584
2026-09-12 10:51:00,Duduk,60,1.0,1.0,1,99.66666666666667,1.0,3.424284523478851,602.0666666666667,14.436144218142381,9.633099717613824,1.1726921028392117,0.9798655232239539,-0.01095,-1.1678275470468296,0.22483025315886507,0.8194820105065335,0.5541624442008354,0.2532406157717164,-0.5506374818211868,0.678275883932463,1.718421894590471,-0.42348727154474697,0.5382332898564409,-0.5642685874731449,0.27615040370898136,0.9293517244551028,0,baseline,1.0,-0.2686514261831746,0.9293517244551028,-0.2792448891890298,-0.9183719552111803
2026-09-12 10:52:00,Duduk,60,1.0,1.0,1,100.6,-2.0,-2.760766879688707,597.0333333333333,12.228012667040822,8.739157931742177,1.2641853583571625,0.9822901699671246,-0.035166666666666666,-1.0693360671754113,-0.44966050631773014,-0.6207255967787494,0.3010874433487686,-0.12035457785542227,-0.11111506232090142,0.5550465283841918,1.630766901898925,-0.6729644734696117,0.33582262095852544,-0.5205223153194284,0.23698479592099753,0.9448615187120811,0,baseline,1.0,-0.12322935554827119,0.9448615187120811,0.015509794256978293,0.2947546834460081
2026-09-12 10:53:00,Duduk,60,1.0,1.0,1,103.7,4.0,0.6068352320089968,578.3,17.233491240575226,11.096647837087513,1.0773573796912146,0.9753708987270343,0.026816666666666666,-0.742203651888196,0.8993210126354603,0.16343056675663453,0.9684930498808179,0.7265255529697504,-1.008613842408514,0.8030643544861723,1.9192923985309454,-0.11341109842076913,0.6976683900243312,-0.5701982047357117,0.3548908489039607,0.9750265468200086,0,baseline,1.0,0.24801782610198053,0.9750265468200086,0.030165028107927427,0.014655233850949134
2026-09-12 10:54:00,Duduk,60,1.0,1.0,1,109.85,-3.0,-16.989719366490604,549.9,35.19856507090662,9.894357234542614,1.4161536449185512,0.9694493430596843,-0.004483333333333335,-0.09321515059259407,-0.6744907594765952,-3.9339794857760197,0.628124470995336,3.7660479187546536,0.6189220165725202,2.269381089763003,6.062921598038423,-0.6877704354992233,0.8631638303813047,-0.6225937044404937,0.5844655930484035,1.3954579607754853,0,baseline,1.0,1.4663167352768305,1.3954579607754853,0.4204314139554768,0.39026638584754936
2026-09-12 10:55:00,Duduk,60,1.0,1.0,1,97.63333333333334,-4.0,-9.746040566824048,617.5333333333333,28.72397372695266,13.878406590510505,1.349802176104475,0.9878738282643043,-0.001499999999999999,-1.3823982710524216,-0.8993210126354603,-2.247267341933829,1.75600920587562,2.6706076558797434,0.30017766819988195,1.7356955370949554,3.1666991697112783,-0.8780537502254496,0.9570800980728549,-0.7394605816583877,0.5538142500878938,1.593892367081008,0,baseline,1.0,-0.5336855526680475,1.593892367081008,0.19843440630552256,-0.22199700764995423
2026-09-12 10:56:00,Duduk,60,1.0,1.0,1,99.38333333333334,3.0,4.836343428730308,602.5333333333333,14.292900533121943,8.422125823676021,1.4244856134358679,0.9880599289643597,-0.015216666666666672,-1.1977267462935104,0.6744907594765952,1.1482841246226063,0.21133562473258977,0.22900512481358992,0.6589477752057643,0.7894472579160569,1.9766107743483186,-0.27675074158008023,0.39104342410840565,-0.23123821518583482,0.2938364579735707,0.6077144960426196,0,baseline,1.0,-0.9462482791788985,0.6077144960426196,-0.9861778710383883,-1.184612277343911
2026-09-12 10:57:00,Duduk,60,1.0,1.0,1,98.11666666666666,-2.0,1.5387607668797383,613.7,15.17837444680614,11.766801907002773,1.0131141649470647,0.9871089697645431,0.004983333333333336,-1.331393754690438,-0.44966050631773014,0.3804321981508187,1.1582137280002,0.3788190242932651,-1.3172303958470921,0.9433620166721605,2.173678801018648,-0.6696453586247265,0.7607533724836413,-0.7818706460343189,0.3992942186002866,1.3408684425440882,0,baseline,1.0,0.1539147587561036,1.3408684425440882,0.7331539465014686,1.7193318175398569
2026-09-12 10:58:00,Duduk,60,1.0,1.0,1,98.8,1.0,1.5771047513198606,606.7166666666667,11.220579861548089,10.382514636131823,1.0119202594105343,0.9862423486553372,-0.023200000000000002,-1.2592839212131486,0.22483025315886507,0.3893607089237463,0.7663218757655722,-0.2908027804757012,-1.3229657721554329,0.8376554887819465,2.0381409969299265,-0.512970658074088,0.5374999284857761,-0.6870528158582735,0.3626691332632178,1.0749956005341852,0,baseline,1.0,-0.10570652789021395,1.0749956005341852,-0.265872842009903,-0.9990267885113716
2026-09-12 10:59:00,Duduk,60,1.0,1.0,1,97.13333333333334,0.0,-3.444290080577899,619.0166666666667,15.943216682717775,10.30139039488343,1.3088577707585851,0.9840961337527484,-0.018900000000000004,-1.435161563840682,0.0,-0.7798860062092112,0.7433555956928247,0.5082231728264784,0.10348574811518096,0.76261485824707,2.1266278746502416,-0.7193621288118066,0.6766634615229792,-0.6334258001634908,0.3158353939183911,1.2150454941660656,0,baseline,1.0,-0.07504063053487653,1.2150454941660656,0.14004989363188036,0.4059227356417834
2026-09-12 11:00:00,Duduk,60,1.0,1.0,1,97.66666666666667,-4.0,-0.23673242567372066,618.1166666666667,21.4745349127173,13.011077418616043,1.2531709348683626,0.9806929962779236,-0.01241666666666667,-1.3788807181998712,-0.8993210126354603,-0.03299667024777943,1.510468238459953,1.444070452450332,-0.16402700685487076,1.0881894541739727,2.1987605525152984,-0.775160718051814,0.8991093060059853,-0.7414327885287993,0.44897783336653596,1.4698895733072155,0,baseline,1.0,0.32557459592690274,1.4698895733072155,0.2548440791411499,0.11479418550926956
2026-09-12 11:01:00,Duduk,60,1.0,1.0,1,94.41666666666667,4.0,2.879133092525753,634.2666666666667,15.112983156445509,10.267605797534268,1.1716927969241508,0.9841062398062542,2.3707887505016364e-18,-1.7218421213235637,0.8993210126354603,0.6925418790827236,0.7337911731117845,0.36775542992923305,-0.5554380253270662,0.9341072182190475,2.3504189660291237,-0.5178047319480467,0.6857520802504082,-0.6486959124332807,0.3859219484022909,1.1437306470764075,0,baseline,1.0,-0.1540822359549252,1.1437306470764075,-0.326158926230808,-0.5810030053719579
2026-09-12 11:02:00,Duduk,60,1.0,1.0,1,98.41666666666667,1.0,0.8118921922757674,610.15,10.889000825743878,8.995290669972157,1.1191123685409643,0.983295106056579,0.006883333333333328,-1.2997357790174806,0.22483025315886507,0.2111786895857761,0.3735986448277218,-0.3469028502483452,-0.8080279782204293,0.6704830255673085,1.9681894708202372,-0.5481471724227732,0.36157856600255545,-0.5796628213593349,0.3052408871183241,0.9275696025973423,0,baseline,1.0,-0.263624192651739,0.9275696025973423,-0.21616104447906515,0.10999788175174285
2026-09-12 11:03:00,Duduk,60,1.0,1.0,1,97.36666666666666,3.0,0.34676298971948,616.0833333333334,14.583821622172449,11.465497246898805,1.2330329948734489,0.9843230648558693,0.0011666666666666733,-1.4105386938728286,0.6744907594765952,0.10287197194895348,1.0729143513319614,0.2782262504932724,-0.26076720983714946,0.7907480028037088,2.1005547173184014,-0.5065055819683453,0.7360331329714614,-0.6264488851874079,0.35111465104996475,1.1463037910307032,0,baseline,1.0,0.12026497723640028,1.1463037910307032,0.2187341884333609,0.43489523291242604
2026-09-12 11:04:00,Duduk,60,1.0,1.0,1,95.03333333333333,-8.0,-7.352042233953791,636.75,20.724688462421014,11.105808527561038,1.192555719355476,0.98685211614035,0.015866666666666668,-1.6567673935513767,-1.7986420252709205,-1.6898177128066931,0.9710864421867076,1.3172034505050394,-0.455215095309413,1.3976605349141902,2.7939042431810788,-0.9359428852060034,0.832046807305614,-0.7869758954237476,0.486127174366339,1.55690130180131,0,baseline,1.0,0.6069125321104814,1.55690130180131,0.4105975107706068,0.1918633223372459
2026-09-12 11:05:00,Duduk,60,1.0,1.0,1,99.46666666666667,11.0,9.372603500972529,600.3666666666667,21.224359738934027,8.498255055189322,1.280877717059488,0.9852694885549537,0.0030666666666666668,-1.1889328641621342,2.4731327847475155,2.204565768671983,0.2328878170952165,1.4017431543128462,-0.030927010835802328,1.5497383887230565,3.2142078247681933,0.3958444909638946,0.6146188389788292,-0.12584064449220103,0.49893258397750595,0.8939903631554605,0,baseline,1.0,0.1520778538088663,0.8939903631554605,-0.6629109386458495,-1.0735084494164564
2026-09-12 11:06:00,Duduk,59,0.9833333333333333,1.0,1,102.50847457627118,17.0,11.070718877849247,582.3728813559322,33.97712126035479,10.765526077444518,1.4158675489760753,0.9855684715163109,0.023474576271186442,-0.8679412614819155,3.822114303700706,2.5999769826472585,0.8747524496222896,3.5593910569023177,0.6175476466243268,2.447365308999303,5.300417417534518,0.7853816773900966,0.9128817470995578,0.05333383517359976,0.7011588591907061,1.394505542177427,0,baseline,1.0,0.8976269202762466,1.394505542177427,0.5005151790219665,1.163426117667816
2026-09-12 12:11:00,Berbaring,42,0.7,1.0,1,95.73809523809524,-3.0,-1.9009804715987169,628.452380952381,12.550779552025077,12.042607285961893,1.1724168277674347,0.9778487269614774,-0.01576190476190476,1.931714781246573,-0.6744907594765952,-0.4655698843292592,-0.7424176436991592,-0.9829794572113196,0.09671341021711552,0.9941496494149548,1.7013504035387317,0.6585565374936573,-0.7780528893843546,0.6693021247259201,0.4140224763755541,1.2878054809876198,0,baseline,1.0,-1.4532156595843482,1.2878054809876198,-0.10670006118980724,-0.6072152402117738
2026-09-12 12:12:00,Berbaring,60,1.0,1.0,1,96.18333333333334,1.0,-0.11169769380379765,624.4,12.178335863605488,12.041594578792296,1.125743824025061,0.9803361654354991,-0.02128333333333333,1.9708005488394218,0.22483025315886507,-0.05842045948223259,-0.7424536461451781,-0.9981071248921203,-0.06536629990632845,0.9565340557385197,1.8265693434913504,0.8152965603875513,-0.782596805845538,0.6992176188619561,0.4077061482859623,1.3900704384226612,0,baseline,1.0,-0.03761559367643508,1.3900704384226612,0.10226495743504138,0.20896501862484862
2026-09-12 12:13:00,Berbaring,60,1.0,1.0,1,96.11666666666666,-1.0,0.021672686857509275,624.0,13.061782783813449,12.606159376958873,0.9982310406571995,0.9794439266982143,0.006083333333333335,1.9649481344404918,-0.22483025315886507,-0.028072168842113342,-0.7223829739110484,-0.962223871025628,-0.5081754895478564,0.9676700649485742,2.1017364171412214,0.7653735976882807,-0.7742515171259646,0.6322518247540881,0.4113818162927839,1.3244770758648048,0,baseline,1.0,0.011136009210054532,1.3244770758648048,-0.06559336255785642,-0.1678583199928978
2026-09-12 12:14:00,Berbaring,60,1.0,1.0,1,98.51666666666667,2.0,3.4859683245346824,607.0833333333334,16.58188890169098,11.118011040268193,1.5571305847768209,0.9776137775910088,0.008783333333333336,2.175635052801945,0.44966050631773014,0.7602246805349216,-0.7752876849353285,-0.819246564098055,1.4326954387312103,1.2136979419784897,2.034213691052932,0.8948056803748091,-0.7880809291534207,0.8373163026140467,0.4741123419402886,1.5321977222048422,0,baseline,1.0,0.24602787702991546,1.5321977222048422,0.2077206463400374,0.2733140088978938
2026-09-12 12:15:00,Berbaring,60,1.0,1.0,1,97.98333333333333,1.0,-2.9358155043066474,612.35,28.179704801716152,17.06468252943806,1.1555533713552113,0.9817423135074564,-0.006283333333333332,2.1288157376105112,0.22483025315886507,-0.7010455137866838,-0.5638793670048222,-0.3481742645427165,0.03815227406098996,0.9586892749020878,2.3583985204515128,0.8120914947797645,-0.6766670839445678,0.6785639617547646,0.3941670387352527,1.3165058461721,0,baseline,1.0,-0.2550086670764019,1.3165058461721,-0.2156918760327422,-0.4234125223727796
2026-09-12 12:16:00,Berbaring,60,1.0,1.0,1,99.11666666666666,-5.0,-2.6657404834675695,607.0166666666667,12.073913140778902,12.364520044555041,0.9450370950269534,0.9768952209663925,-0.041183333333333336,2.2283067823923073,-1.1241512657943253,-0.6395902252404579,-0.7309734206680922,-1.0023484969393903,-0.69290024683287,1.20119927878812,2.6069182242372904,0.6597579082680647,-0.7998817353598044,0.5811661128333714,0.4738619567056921,1.2796056004891752,0,baseline,1.0,0.24251000388603228,1.2796056004891752,-0.036900245682924826,0.17879163034981738
2026-09-12 12:17:00,Berbaring,60,1.0,1.0,1,96.56666666666666,-1.0,0.40677966101699137,621.4666666666667,10.972178478541615,11.827144876604978,0.8931195482593505,0.9767616834300356,0.0019333333333333353,2.0044519316332643,-0.22483025315886507,0.0595585203812215,-0.7500774825892605,-1.0470980157551544,-0.8731924983635719,1.040305967011472,2.4622950642590915,0.7794365282919327,-0.7914151035151018,0.5975513426102675,0.4342728527451305,1.3339863887590184,0,baseline,1.0,-0.160893311776648,1.3339863887590184,0.05438078826984327,0.0912810339527681
2026-09-12 12:18:00,Berbaring,60,1.0,1.0,1,97.23333333333333,3.0,0.3267574326202315,616.5833333333334,11.532256407707354,11.922774105588068,1.0091199185805981,0.9758111930629376,-0.009816666666666668,2.062976075622557,0.6744907594765952,0.04134954599715548,-0.7466777968186364,-1.02434914645971,-0.47036206345821036,1.044076724114011,2.342493006419874,0.8724354824244512,-0.7929598936312615,0.676099991672648,0.43548573332357954,1.4271258131534923,0,baseline,1.0,0.0037707571025389353,1.4271258131534923,0.09313942439447387,0.0387586361246306
2026-09-12 12:19:00,Berbaring,60,1.0,1.0,1,99.1,-1.0,-1.677132536815709,606.55,10.57888046365998,9.267219428296892,1.1358758779437983,0.9739967541801945,-0.03766666666666667,2.226843678792575,-0.22483025315886507,-0.4146335208705916,-0.8410846172594587,-1.0630727304667786,-0.030181070106920557,1.081646910178244,2.0011553538979676,0.7987392296773925,-0.8254653476402671,0.7100458381090088,0.4429736240469835,1.4211854632657008,0,baseline,1.0,0.03757018606423301,1.4211854632657008,-0.005940349887791463,-0.09907977428226533
2026-09-12 12:20:00,Berbaring,60,1.0,1.0,1,99.7,2.0,4.384551264240141,601.5166666666667,15.32085281808576,9.610199384164192,1.1370928560097808,0.9776897846623459,0.03845,2.279515408382939,0.44966050631773014,0.9646962887227031,-0.8288914406755766,-0.8704664810933644,-0.02595491287800494,1.1383079965536067,2.2315488918079267,0.9109937549256766,-0.8108172373332745,0.7360504859425144,0.4428782253104808,1.4917257302134062,0,baseline,1.0,0.05666108637536271,1.4917257302134062,0.07054026694770532,0.07648061683549678
2026-09-12 12:21:00,Berbaring,60,1.0,1.0,1,99.83333333333333,-3.0,-4.374548485690458,602.4666666666667,12.332218608961204,9.108572977965059,1.163871248773458,0.9793480903095991,0.050699999999999995,2.291220237180797,-0.6744907594765952,-1.0284276990669616,-0.84672460918963,-0.9918568188567876,0.06703747648407253,1.1879610002203844,2.1004974117869653,0.7180267574898604,-0.824882479422112,0.6972905811560307,0.45593182857022907,1.3748023553228594,0,baseline,1.0,0.04965300366677772,1.3748023553228594,-0.11692337489054672,-0.18746364183825204
2026-09-12 12:22:00,Berbaring,60,1.0,1.0,1,98.35,4.0,0.6918588496805514,609.95,22.073394522880072,14.661144312173347,1.4007439629108316,0.978344147492583,-0.008199999999999999,2.1610040168046214,0.8993210126354603,0.12442799162448014,-0.6493268265658603,-0.5961962757253108,0.8896170785053408,1.0849495259203135,2.093020366311555,0.9009067934560139,-0.734476888023984,0.7922271413179535,0.44766450378694655,1.4761831529076,0,baseline,1.0,-0.10301147430007096,1.4761831529076,0.1013807975847405,0.21830417247528722
2026-09-12 12:23:00,Berbaring,60,1.0,1.0,1,98.81666666666666,-1.0,-2.439010836343336,608.4833333333333,15.390390647861583,13.911950721640583,1.0532309074869501,0.9790887780953634,0.0071,2.201970917597126,-0.22483025315886507,-0.5879981311522525,-0.6759611811064301,-0.8676420402106192,-0.31717937278194974,1.0452507952432235,2.218480707589841,0.7839104899989524,-0.7735404391917798,0.6601966507720187,0.4271923099779822,1.3532307101120358,0,baseline,1.0,-0.039698730677089955,1.3532307101120358,-0.12295244279556417,-0.22433324038030467
2026-09-12 12:24:00,Berbaring,60,1.0,1.0,1,101.55,-2.0,1.715476521255967,592.3666666666667,16.171712765978462,9.45551583262473,1.4479928317488906,0.9756576293764263,0.030900000000000004,2.441919907953225,-0.44966050631773014,0.3573511222873692,-0.8343905487904322,-0.8359068229897658,1.0536965752354939,1.2109288108510547,2.1599268226204433,0.8515487256953939,-0.8198223699282936,0.811017009289756,0.4823324515574223,1.5124936805325788,0,baseline,1.0,0.16567801560783124,1.5124936805325788,0.15926297042054305,0.2822154132161072
2026-09-12 12:25:00,Berbaring,60,1.0,1.0,1,97.68333333333334,4.0,3.549319255348766,614.0666666666667,22.334792093348604,14.079676421551499,1.157583285725851,0.9783806316112695,-0.013349999999999999,2.1024798728153296,0.8993210126354603,0.7746401185889699,-0.6699984155229503,-0.5855790047080563,0.04520148680471563,1.050643535700562,2.1092626478453487,0.9125154554795696,-0.733096940933658,0.7231072493320357,0.4223420380007409,1.4392263450877127,0,baseline,1.0,-0.16028527515049285,1.4392263450877127,-0.07326733544486608,-0.23253030586540913
2026-09-12 12:26:00,Berbaring,60,1.0,1.0,1,99.9,-3.0,-1.560433453737056,602.5333333333333,20.674611193988603,12.837313199010591,1.434313914179842,0.9765802262192621,0.0014166666666666657,2.297072651579727,-0.6744907594765952,-0.3880787665604851,-0.7141652943583507,-0.6530111178473645,1.0061942759056344,1.1424365911560415,1.9416560800253573,0.7627805068944431,-0.7680101663915833,0.7791382488784814,0.46188984050338866,1.4114079328828513,0,baseline,1.0,0.09179305545547956,1.4114079328828513,-0.027818412204861476,0.0454489232400046
2026-09-12 12:27:00,Berbaring,60,1.0,1.0,1,93.83333333333333,-4.0,-5.628230063906564,642.75,22.422465278210208,14.13074541918065,1.142252715403511,0.9783785731253277,-0.020650000000000005,1.7645029412771653,-0.8993210126354603,-1.3137016310840417,-0.6681828770478826,-0.5820179541483551,-0.008036449360426983,1.035482072088942,1.8893075409679092,0.46496330440095296,-0.6992879222355673,0.564034807401187,0.3843988403029922,1.0821701368132322,0,baseline,1.0,-0.10695451906709952,1.0821701368132322,-0.3292377960696191,-0.30141938386475764
2026-09-12 12:28:00,Berbaring,60,1.0,1.0,1,94.15,1.0,5.003056404556913,637.65,17.654715603794003,12.26749874357967,1.1832575409797343,0.9778221251606432,-0.02351666666666666,1.7923019096720803,0.22483025315886507,1.1054364865662474,-0.7344225955687047,-0.7756712093984737,0.13435957639659593,0.969877953982066,1.8645481846269172,0.8393679881270236,-0.7426266848089141,0.7148188098933126,0.37513032277294367,1.3812029910638444,0,baseline,1.0,-0.06560411810687594,1.3812029910638444,0.2990328542506122,0.6282706503202313
2026-09-12 12:29:00,Berbaring,60,1.0,1.0,1,97.88333333333334,9.0,3.8860794665185674,610.1166666666667,15.409761012529584,10.419180487634252,1.1612579230354256,0.9802844503735557,-0.0031166666666666656,2.1200371160121176,2.0234722784297854,0.8512695524552713,-0.800131598361495,-0.8668552677436272,0.057962271459420116,1.3359556841829456,2.766067174578648,0.9563018358428564,-0.7934932138183288,0.7504479430737729,0.5066522955267836,1.5375348273903826,0,baseline,1.0,0.36607773020087964,1.5375348273903826,0.15633183632653824,-0.14270101792407397
2026-09-12 12:30:00,Berbaring,60,1.0,1.0,1,96.28333333333333,-7.0,-0.8752431230896933,624.5833333333334,15.600186511995284,14.38749456993816,0.7866349021210678,0.9806369355892849,0.03246666666666666,1.9795791704378152,-1.5738117721120555,-0.23216442339689558,-0.6590552657126029,-0.8591206926563398,-1.2429780102187085,1.236052456226545,3.385618446436743,0.5239727290264304,-0.750096815306244,0.42365867060046375,0.4908540211286001,1.121435237688313,0,baseline,1.0,-0.09990322795640072,1.121435237688313,-0.4160995897020696,-0.5724314260286079
2026-09-12 12:31:00,Berbaring,60,1.0,1.0,1,96.96666666666667,-1.0,2.153931647679985,619.5833333333334,16.458774041156683,12.812864298252117,1.250202658828265,0.9794631424262038,-0.02371666666666667,2.0395664180268405,-0.22483025315886507,0.4571211277667547,-0.7150344698280252,-0.8242471608449995,0.3668375492085044,0.9784824137784026,1.8209740184031502,0.8085685625226362,-0.7646197186284783,0.7345880608601645,0.40909451364014393,1.3947775359046253,0,baseline,1.0,-0.2575700424481423,1.3947775359046253,0.2733422982163123,0.6894418879183819
2026-09-12 12:32:00,Berbaring,60,1.0,1.0,1,97.75,1.0,2.2222839677689064,614.05,10.674577751344149,11.658269778886066,1.082919199875084,0.9830743679614226,-0.04158333333333333,2.1083322872142585,0.22483025315886507,0.4726746267198162,-0.7560811100662659,-1.0591857622859426,-0.21408187661715583,1.0374969198921762,2.0205351367800026,0.8611901033866155,-0.8013263521904214,0.702169751027672,0.42784467612871935,1.435223238048983,0,baseline,1.0,0.05901450611377357,1.435223238048983,0.04044570214435783,-0.23289659607195445
2026-09-12 12:33:00,Berbaring,60,1.0,1.0,1,100.18333333333334,3.0,5.309808280077863,599.5333333333333,19.860928910177922,13.732307569612642,1.303573167901317,0.9789875027302656,-0.035800000000000005,2.321945412775176,0.6744907594765952,1.1752375550385088,-0.6823476204224621,-0.6860607185520373,0.5521754521951816,1.188046499506871,2.0983131088410008,0.9296360530827511,-0.7662560155274336,0.7791390358199555,0.44860060410651903,1.5032204135343685,0,baseline,1.0,0.15054957961469473,1.5032204135343685,0.06799717548538542,0.027551473341027588
2026-09-12 12:34:00,Berbaring,60,1.0,1.0,1,101.11666666666666,3.0,8.427340928035658,595.0666666666667,24.061268311715438,13.854571539472914,1.3207973083777247,0.9827032916073573,0.025550000000000007,2.4038792143601846,0.6744907594765952,1.8846288487512382,-0.6780010510418027,-0.5154541528114243,0.6119891233047424,1.3469291032632533,2.5666389444642714,0.9475440305720501,-0.7541633307434383,0.785026494521075,0.45421830826286014,1.513004589540952,0,baseline,1.0,0.1588826037563824,1.513004589540952,0.009784176006583545,-0.058212999478801875
2026-09-12 12:35:00,Berbaring,60,1.0,1.0,1,97.95,-6.0,-6.903584328980156,615.0833333333334,18.55481267613143,13.65556942317626,1.0200177848925926,0.9835425152857994,0.013233333333333335,2.1258895304110466,-1.3489815189531904,-1.6039071603301467,-0.6850757150361912,-0.7391116708315527,-0.4325174237053911,1.2983554811149487,2.4796942075900557,0.48074957387934425,-0.7559720167524937,0.5325467324077182,0.4588605746873894,1.1387593653176173,0,baseline,1.0,-0.04857362214830463,1.1387593653176173,-0.3742452242233347,-0.38402940022991827
2026-09-12 12:36:00,Berbaring,60,1.0,1.0,1,99.1,1.0,4.154487357599386,611.1833333333333,38.81048769085825,43.691134732772596,0.9528664879028073,0.9793338547898228,0.029000000000000005,2.226843678792575,0.22483025315886507,0.9123454873684973,0.38270957489581336,0.08361973743405622,-0.6657113876206902,1.0358882043644904,3.124551813814314,0.8914748130995146,-0.210766682803767,0.440693032647659,0.4110619173223993,1.0965090906453425,0,baseline,1.0,-0.26246727675045833,1.0965090906453425,-0.042250274672274823,0.3319949495510599
2026-09-12 12:37:00,Berbaring,60,1.0,1.0,1,94.76666666666667,1.0,0.364091220942542,632.1833333333333,16.396042997891307,13.618282825622476,1.1157865328130265,0.9811462874067165,-0.01236666666666666,1.846436742862175,0.22483025315886507,0.04984481048604868,-0.6864012795783982,-0.8267951282432802,-0.09994463735745016,0.8781692722637575,1.7387655761102265,0.7970481663932184,-0.7413665544128123,0.6783974732062843,0.3817509865261328,1.338232825377955,0,baseline,1.0,-0.15771893210073284,1.338232825377955,0.24172373473261244,0.28397400940488726
2026-09-12 12:38:00,Berbaring,60,1.0,1.0,1,96.98333333333333,1.0,1.7288135593221134,619.7,15.940886562759916,11.924195598780074,1.2789798727220607,0.9792449207769159,-0.010099999999999996,2.0410295216265726,0.22483025315886507,0.3603859513513847,-0.7466272617444829,-0.8452823667374082,0.4667711749038264,0.9862435519042676,1.661905941156617,0.846613300437828,-0.7739771095038696,0.7550842616716404,0.4138287171325309,1.4342946335610267,0,baseline,1.0,0.10807427964051008,1.4342946335610267,0.09606180818307175,-0.1456619265495407
2026-09-12 12:39:00,Berbaring,60,1.0,1.0,1,96.85,0.0,-0.4984717977215496,619.4833333333333,13.210796389428527,12.191272232382795,1.0011378226451926,0.9828121507643577,0.008783333333333334,2.0293246928287134,0.0,-0.14643050233856972,-0.7371325011929168,-0.9561713364391827,-0.49808120925240934,0.9870252817508981,2.162254385953466,0.7983929096992957,-0.7819348734503115,0.6466758752728005,0.4170323316833404,1.3568194566356087,0,baseline,1.0,0.0007817298466304967,1.3568194566356087,-0.07747517692541805,-0.1735369851084898
2026-09-12 12:40:00,Berbaring,60,1.0,1.0,1,97.73333333333333,0.0,-3.1708808002221964,614.0333333333333,15.00617575315121,13.564035197811071,1.2659456805897185,0.9786147157114072,-0.011133333333333332,2.1068691836145264,0.0,-0.7545343760398929,-0.6883298205728378,-0.8832478228454542,0.42150779108211345,1.0360030049734767,1.9493091244733776,0.7800890129524837,-0.7701788336397221,0.7338172710021651,0.418287576402952,1.3838954395870893,0,baseline,1.0,0.04897772322257865,1.3838954395870893,0.027075982951480615,0.10455115987689867
2026-09-12 12:41:00,Berbaring,60,1.0,1.0,1,98.61666666666666,2.0,4.860595748454319,609.6,24.54618614443572,12.702595490819578,1.5152458255574555,0.9771946633983511,-0.010299999999999998,2.1844136744003384,0.44966050631773014,1.0730197132561152,-0.7189546028204012,-0.4957580858515721,1.2872436981417854,1.193377358305336,2.0193776380968336,0.9046552708638307,-0.742598282325478,0.8221572079189599,0.45556684452169627,1.5011119186706285,0,baseline,1.0,0.15737435333185923,1.5011119186706285,0.11721647908353927,0.09014049613205866
2026-09-12 12:42:00,Berbaring,60,1.0,1.0,1,100.38333333333334,10.0,10.834676298971972,595.85,28.617776270075,10.198039027185569,1.3639308364476042,0.9793518408372374,-0.018899999999999993,2.3395026559719643,2.2483025315886507,2.4324154948053276,-0.8079933314777928,-0.33038097175825876,0.7617774198702881,1.721776782757355,2.692128789273301,0.9810983802694159,-0.759440612864561,0.8039393199745103,0.5371739532028965,1.5729521170194842,0,baseline,1.0,0.5283994244520189,1.5729521170194842,0.07184019834885569,-0.04537628073468358
2026-09-12 12:43:00,Berbaring,60,1.0,1.0,1,98.08333333333333,-16.0,-10.794665184773468,618.35,24.996152246268707,14.51883639171857,1.2770618021206972,0.9787451121268245,-0.0263,2.1375943592089044,-3.597284050541841,-2.4893185397555535,-0.6543859723663848,-0.47748166483061444,0.46011035811171896,2.0237910078157846,3.4305712932876826,-0.2700391935449507,-0.7195935668060888,0.3268317570067754,0.616564631320674,1.0381266827429352,0,baseline,1.0,0.3020142250584297,1.0381266827429352,-0.534825434276549,-0.6066656326254047
2026-09-12 12:44:00,Berbaring,60,1.0,1.0,1,98.21666666666667,0.0,-1.2086690747428812,611.7166666666667,20.371209050817047,12.892646702017815,1.1572987063187494,0.9742414857474864,0.02055,2.1492991880067636,0.0,-0.30803514999717563,-0.7121981497435417,-0.6653345023971687,0.04421323783611004,0.9717873282581329,2.018116332687393,0.8130320305288775,-0.7564665003583001,0.7024227175039615,0.4100953548462185,1.3765313374429002,0,baseline,1.0,-1.0520036795576517,1.3765313374429002,0.33840465469996506,0.8732300889765141
2026-09-12 12:45:00,Berbaring,60,1.0,1.0,1,98.83333333333333,4.0,-1.8405112531258074,605.55,14.599077054644845,9.969444844547493,1.2857593082785048,0.9758829431261495,0.0452,2.2034340211968586,0.8993210126354603,-0.45181017690473707,-0.8161200140645521,-0.8997830844588899,0.49031388400080783,1.1242850607363148,2.4584090292062997,0.8883222979112579,-0.8056468252588883,0.7738063666612798,0.455263138633629,1.498073472997949,0,baseline,1.0,0.152497732478182,1.498073472997949,0.12154213555504878,-0.21686251914491628
2026-09-12 12:46:00,Berbaring,60,1.0,1.0,1,102.46666666666667,-5.0,-13.507085301472557,613.0666666666667,138.79076639372732,200.01067768106952,1.539813185361008,0.9772303183095089,-0.03561666666666666,2.5223906059385026,-1.1241512657943253,-3.106526900648924,5.939978325078327,4.144551571904886,1.3725579105596817,3.4549781782762086,11.610126965988997,0.5256320720901796,0.9989968900966466,0.014159985710943216,0.8280009137493259,1.4000249569195686,0,baseline,1.0,2.3306931175398935,1.4000249569195686,-0.09804851607838039,-0.21959065163342917
2026-09-12 12:47:00,Berbaring,60,1.0,1.0,1,91.53333333333333,-2.0,2.0472353431509447,659.2833333333333,25.4984822856196,16.83418636312651,1.2811708245892035,0.9784148329893907,0.01741666666666666,1.5625946445141068,-0.44966050631773014,0.4328424952546605,-0.5720736664373872,-0.457078360552243,0.4743796169377066,0.7737865929081665,1.6435935587030792,0.6581003409614509,-0.6300077748006117,0.6658973079834121,0.3380868887986076,1.178018600973632,0,baseline,1.0,-2.681191585368042,1.178018600973632,-0.22200635594593665,-0.12395783986755626
2026-09-12 12:48:00,Lainnya,60,1.0,1.0,1,97.26666666666667,6.0,2.5707140872465004,615.7833333333333,22.537420232459244,13.3657797302144,1.5563251499601538,0.9800573778803177,0.11051666666666667,0.4284281538201917,1.011736139214893,0.3680440445545758,-0.4942636912288967,-0.3763039640387149,1.2325025795991995,0.735706122901492,1.8981643321346378,0.5330262179010908,-0.42321877939004854,0.648343283359986,0.32596251491471484,0.9949028386761577,0,baseline,1.0,-0.03808047000667458,0.9949028386761577,-0.18311576229747428,0.03889059364846237
2026-09-12 12:49:00,Lainnya,60,1.0,1.0,1,104.58333333333333,19.0,32.13726035009731,575.1,57.985591430624574,10.867460370999945,1.8586208037794552,0.9849628575312125,-0.009349999999999997,0.8114830612072874,3.2038311075138273,5.830187249722413,-0.6747293232132764,1.499149310440016,2.4047482542362877,2.983276844114385,5.527550995318944,0.9793740553314418,-0.15729359388401665,0.8026854718676992,0.6265992598924299,1.4215644249131012,0,baseline,1.0,2.247570721212893,1.4215644249131012,0.4266615862369435,0.6097773485344178
2026-09-12 12:50:00,Lainnya,60,1.0,1.0,1,117.48333333333333,2.0,-0.3284245623784067,511.05,10.163785828758956,4.83805535944112,1.7777201063184047,0.9816122458160311,-0.003949999999999997,1.4868463831152883,0.3372453797382976,-0.1675447366005921,-1.1102622673453186,-1.0309547506729055,2.0910305693286233,1.2261373423610282,3.252000763536238,0.7132691969551536,-0.8229056574365597,0.851917123016622,0.4885662901721304,1.466419610052874,0,baseline,1.0,-1.7571395017533569,1.466419610052874,0.04485518513977271,-0.3818064010971708
2026-09-12 12:51:00,Lainnya,60,1.0,1.0,1,113.4,-18.0,-15.701028063350819,538.15,39.5842054616977,31.43812863710863,0.8991510034693477,0.9891317869029848,0.0008833333333333281,1.2730685874208956,-3.0352084176446783,-3.007489619310056,0.8111890543922121,0.5255888021293068,-1.3158951263355996,1.938385876250303,4.410672001599306,-0.5793596248223152,0.31216057104155714,-0.6372413506691578,0.5602525862943112,1.0738069176715905,0,baseline,1.0,0.7122485338892748,1.0738069176715905,-0.3926126923812834,-0.4374678775210561
2026-09-12 12:52:00,Lainnya,60,1.0,1.0,1,101.96666666666667,3.0,2.0639066407336326,588.5166666666667,17.127133460242895,13.705127087136999,1.0961479134694274,0.9808990682088108,-0.028783333333333334,0.6744907594765952,0.5058680696074465,0.2744161035130844,-0.4697509983246071,-0.6625455302424822,-0.5519781703792829,0.5401322318009267,1.2984897616573805,0.5108599819685696,-0.5071590271814348,0.42150010585787523,0.2512941674281667,0.8712056576091332,0,baseline,1.0,-1.3982536444493763,0.8712056576091332,-0.20260126006245738,0.190011432318826
2026-09-12 12:53:00,Lainnya,60,1.0,1.0,1,103.16666666666667,4.0,7.375382050569714,581.6833333333333,16.907015559856887,10.480005175312476,1.0252878186615364,0.9767316153805704,0.06858333333333334,0.7373152545378047,0.6744907594765952,1.2556615645598717,-0.7027170768595341,-0.6741912886299187,-0.8267602871363336,0.837370416847351,1.8165407367883215,0.6619181513112006,-0.6059555608227186,0.48689200131780147,0.30417720981765883,1.0653193777674952,0,baseline,1.0,0.2972381850464243,1.0653193777674952,0.19411372015836204,0.3967149802208194
2026-09-12 12:54:00,Lainnya,60,1.0,1.0,1,103.13333333333334,-3.0,-0.7302028341205095,582.2166666666667,18.156655096514484,10.183070030901156,1.3647567580476825,0.9767551548151284,-0.03138333333333333,0.7355701296749935,-0.5058680696074465,-0.2417695188078259,-0.7241661315197881,-0.6080767196203932,0.4896363955196492,0.575809010949685,1.1826335759699347,0.2132156334653958,-0.6027305101351673,0.49804108485397547,0.2670777059902689,0.8532997113801214,0,baseline,1.0,-0.2615614058976661,0.8532997113801214,-0.2120196663873738,-0.40613338654573583
2026-09-12 12:55:00,Lainnya,60,1.0,1.0,1,102.13333333333334,2.0,5.814948596832492,588.2666666666667,22.844994754009782,12.066903890042608,1.3824516528609372,0.9786277317155011,0.026666666666666665,0.6832163837906523,0.3372453797382976,0.9673860618794471,-0.5880877447876649,-0.3600311458906791,0.5582538686653107,0.6196063090670307,1.339024745394756,0.5525541155980918,-0.5005946479417767,0.5985486949138888,0.23010346778507074,0.9834221872025134,0,baseline,1.0,0.043797298117345784,0.9834221872025134,0.130122475822392,0.3421421422097658
2026-09-12 12:56:00,Lainnya,60,1.0,1.0,1,97.23333333333333,-9.0,-8.80577938316192,621.6166666666667,23.560302483358413,13.904638904007808,1.6018145442734628,0.9776070058011114,-0.045066666666666665,0.4266830289573805,-1.5176042088223392,-1.7336568425085885,-0.4553392995211109,-0.3221864227943218,1.4089018928275416,1.1392167998049347,2.150051790354436,-0.4467673226699335,-0.39382556198300084,0.24741973072273357,0.3867262914913321,0.7519796284198368,0,baseline,1.0,0.519610490737904,0.7519796284198368,-0.2314425587826766,-0.3615650346050686
2026-09-12 12:57:00,Lainnya,60,1.0,1.0,1,107.91666666666667,24.0,10.891358710753089,552.1,41.4065007587546,18.334925457318437,1.606123449176261,0.9648517075773569,-0.005583333333333328,0.9859955474884251,4.046944556859572,1.9052054055352836,-0.13531837835013114,0.622000819066007,1.4256110154064163,1.9755724045167848,4.881002291985282,0.9668883691149375,-0.11560484382938782,0.706666448855889,0.6301558478473506,1.358201553806123,0,baseline,1.0,0.8363556047118501,1.358201553806123,0.6062219253862862,0.8376644841689628
2026-09-12 12:58:00,Lainnya,60,1.0,1.0,1,117.46666666666667,-9.0,-8.742428452347788,513.3,18.858347969416442,9.039461510885461,1.299978565526838,0.9923995909497787,-0.017383333333333337,1.4859738206838826,-1.5176042088223392,-1.7219533498783979,-0.8067744792260823,-0.5709523165360819,0.2384387516436328,1.1909442133537278,2.536260154906354,0.10334108799084749,-0.7082475457584461,0.4574340397757778,0.40935711563539023,0.942927948152407,0,baseline,1.0,-0.784628191163057,0.942927948152407,-0.41527360565371596,-1.021495531040002
2026-09-12 12:59:00,Lainnya,60,1.0,1.0,1,113.91666666666667,1.0,3.6526813003613094,527.4833333333333,14.648991018261542,8.00635340934025,1.3815744785150104,0.9745744766448335,-4.9999999999998654e-05,1.3001180227944718,0.1686226898691488,0.5679273792122642,-0.8814008498563614,-0.7936563943673764,0.5548523515745953,0.7911911963708292,2.0097364064659797,0.6915084816625905,-0.7366927676596842,0.7145801622054353,0.339216049377032,1.28319622447461,0,baseline,1.0,-0.39975301698289856,1.28319622447461,0.340268276322203,0.755541881975919
2026-09-12 13:00:00,Lainnya,60,1.0,1.0,1,99.48333333333333,-11.0,-9.444290080577856,609.2833333333333,35.948216837352454,17.35325886455737,1.599043761930708,0.976828603411575,-0.03211666666666667,0.544478957197148,-1.8548495885606369,-1.8516157287549513,-0.20622888120765281,0.3332198719135602,1.398157320169555,1.2432360237442681,2.32562231884305,-0.48899131693952436,-0.1381280478768232,0.08644040307909978,0.41761117202810805,0.6633723689902072,0,baseline,1.0,0.4520448273734389,0.6633723689902072,-0.6198238554844028,-0.9600921318066058
2026-09-12 13:01:00,Lainnya,60,1.0,1.0,1,98.06666666666666,-1.0,-9.6493470408446,612.3166666666667,28.47805677208549,13.677892592161697,1.11486254559481,0.9786567956167611,-0.02083333333333333,0.4703111505276645,-0.1686226898691488,-1.88949808647898,-0.4717182769791017,-0.06200322935633782,-0.47940634778034574,0.844198060117404,2.4507167893680175,-0.07519816167167644,-0.35312379419511347,0.056916249304176804,0.17126834969514515,0.4036378136246729,0,baseline,1.0,-0.39903796362686417,0.4036378136246729,-0.25973455536553436,0.3600893001188684
2026-09-12 13:02:00,Lainnya,60,1.0,1.0,1,97.98333333333333,-6.0,-4.592942484023267,614.8833333333333,20.74713920786995,13.537768887105363,1.3334987574883979,0.9786368067653229,-0.006866666666666666,0.4659483383706363,-1.011736139214893,-0.9553745826011101,-0.4818400866251412,-0.47102220467892336,0.36842374991764515,0.6761689025170852,1.1178860402348503,-0.18828201437768488,-0.44300008605310837,0.21058144056898126,0.26105353985170865,0.586679373220497,0,baseline,1.0,-0.16802915760031878,0.586679373220497,0.18304155959582413,0.4427761149613585
2026-09-12 13:03:00,Lainnya,33,0.55,1.0,0,97.51515151515152,-2.0,4.812834224598793,618.7575757575758,29.25110073038951,13.01441508482037,1.5893115479692645,0.9794542182084587,-0.013939393939393937,0.4414372664338766,-0.3372453797382976,0.7822547935725089,-0.5196444507199246,-0.02110386067487793,1.360417625348258,0.7120083931944671,2.0207667054761624,0.2533179445015394,-0.36215836952687436,0.5445461492161441,0.2942929702560969,0.7605705270342363,0,baseline,1.0,0.0358394906773819,0.7605705270342363,0.17389115381373932,-0.009150405782084814
2026-09-12 13:04:00,Berbaring,52,0.8666666666666667,1.0,1,97.98076923076923,2.0,0.6992230854606456,613.5576923076923,25.18512902452359,15.081478057277968,1.3747831025794284,0.9799049296985678,-0.0026153846153846166,2.1285906447490133,0.44966050631773014,0.12610371577468873,-0.6343836688374008,-0.46980593292880923,0.7994637054699362,1.0009410006966404,1.824479861099466,0.8679081739755954,-0.7124198741199053,0.7735363522668849,0.42161314598105426,1.4272080467251698,0,baseline,1.0,0.2889326075021733,1.4272080467251698,0.6666375196909334,0.4927463658771941
2026-09-12 13:05:00,Berbaring,60,1.0,1.0,1,99.65,2.0,3.5159766601834703,603.3333333333334,16.581250046584085,11.514176965221642,1.320368995587944,0.9762541391927747,0.037200000000000004,2.2751260975837426,0.44966050631773014,0.7670530459289471,-0.7612037100649622,-0.8192725126858652,0.6105017364377434,1.1247306799533683,1.912685481450487,0.9053784722700723,-0.7926441849891839,0.7841330448541958,0.4466041336905331,1.5040993538689662,0,baseline,1.0,0.1237896792567279,1.5040993538689662,0.07689130714379644,-0.589746212547137
2026-09-12 13:06:00,Berbaring,60,1.0,1.0,1,98.2,-1.0,-0.4868018894136735,612.1,14.457066772378722,11.650270965060084,1.1907749554422393,0.9773388338884043,-0.009399999999999995,2.1478360844070314,-0.22483025315886507,-0.14377502690755664,-0.7563654734751862,-0.9055511627595171,0.16046503906803755,1.0084873502084064,1.8316393975531535,0.7977140788681988,-0.7901970154954591,0.7189383787098185,0.42387746583301467,1.3990366590427108,0,baseline,1.0,-0.11624332974496188,1.3990366590427108,-0.10506269482625541,-0.18195400197005185
2026-09-12 13:07:00,Berbaring,60,1.0,1.0,1,101.31666666666666,3.0,3.8727424284524425,593.4833333333333,24.38775162614485,12.780414040665796,1.484709159954636,0.9799102338250916,-0.03965,2.4214364575569727,0.6744907594765952,0.8482347233912607,-0.7161880991121096,-0.5021932727439644,1.1812000859422978,1.2381539731997002,2.1024901457648753,0.9304018157322292,-0.7631600007111111,0.823533131189895,0.47852866288673834,1.5346847313943066,0,baseline,1.0,0.2296666229912938,1.5346847313943066,0.13564807235159582,0.24071076717785123
2026-09-12 13:08:00,Berbaring,60,1.0,1.0,1,97.68333333333334,2.0,3.0925257015838827,614.2333333333333,22.186701366226668,12.373426967305955,1.2980898282753608,0.9828343415354007,0.022183333333333333,2.1024798728153296,0.44966050631773014,0.6706972231465826,-0.7306567733536852,-0.5915940544354796,0.5331336501721313,1.0198468256155682,1.8037750048480277,0.8835808960368511,-0.7488166366882237,0.7634547870155206,0.4161342048847685,1.448265322209415,0,baseline,1.0,-0.21830714758413206,1.448265322209415,-0.08641940918489155,-0.22206748153648737
2026-09-12 13:09:00,Berbaring,60,1.0,1.0,1,97.31666666666666,-4.0,2.1555987774382754,619.0166666666667,16.49087232551684,12.010588548782096,1.1396818340191401,0.9832394972157183,0.0018333333333333313,2.070291593621218,-0.8993210126354603,0.4575004813997617,-0.7435559321319014,-0.8229434142813652,-0.016964259360413556,1.0435988477603695,2.472034337249866,0.7340665138595212,-0.7734064961813903,0.6781696948893269,0.4301452342788683,1.3348971169137158,0,baseline,1.0,0.02375202214480132,1.3348971169137158,-0.11336820529569924,-0.026948796110807693
2026-09-12 13:10:00,Berbaring,60,1.0,1.0,1,99.15,5.0,0.7785495971104367,604.3666666666667,18.981674183334302,15.188644286250083,1.122518240943404,0.9856256095483323,-0.013583333333333331,2.2312329895917733,1.1241512657943253,0.14415438054056579,-0.6305738346726566,-0.7217736967230589,-0.07656766962617371,1.0944816464081442,2.5354851853210802,0.9195409788531969,-0.7502407690885307,0.7177876899355361,0.45042226129555973,1.4582579348957592,0,baseline,1.0,0.050882798647774674,1.4582579348957592,0.12336081798204335,0.2367290232777426
2026-09-12 13:11:00,Berbaring,60,1.0,1.0,1,103.68333333333334,1.0,0.04167824395673074,579.5166666666667,18.943709359409663,12.87159532077104,1.189580845757237,0.9823772760741292,-0.007783333333333335,2.6291971687189615,0.22483025315886507,-0.02351992524608967,-0.7129465410255553,-0.7233157264519801,0.15631829606711384,1.1561209136445063,2.3973206157394187,0.90693541825723,-0.8000635937420209,0.7487539905864173,0.46911596077514184,1.4977769960824887,0,baseline,1.0,0.06163926723636215,1.4977769960824887,0.03951906118672954,-0.0838417567953138
2026-09-12 13:12:00,Berbaring,60,1.0,1.0,1,103.15,3.0,5.626562934148482,582.0166666666667,21.51427721987855,10.819787271946224,1.408584768024024,0.9805421752120604,-0.04578333333333333,2.5823778535275275,0.6744907594765952,1.2473147453087954,-0.7858897478444141,-0.6189061269521727,0.916845568595574,1.3241777652108455,2.2986412600747896,0.9478066696547521,-0.8017317990413508,0.8162962949804772,0.4880408844662454,1.5638525847232414,0,baseline,1.0,0.1680568515663392,1.5638525847232414,0.06607558864075269,0.02655652745402315
2026-09-12 13:13:00,Berbaring,60,1.0,1.0,1,107.13333333333334,-2.0,-4.991386496248869,561.4333333333333,14.392048966228806,8.114644639607988,1.3017400991905113,0.9832884954327609,-0.06811666666666667,2.93205961386355,-0.44966050631773014,-1.1687885432774827,-0.8820594546638104,-0.9081920123573296,0.5458098184998725,1.4180964224345858,2.6011450820489035,0.8623439153451711,-0.8613604148217807,0.784589597038677,0.5187816411306581,1.5395759219701775,0,baseline,1.0,0.09391865722374027,1.5395759219701775,-0.02427666275306395,-0.09035225139381664
2026-09-12 13:14:00,Berbaring,60,1.0,1.0,1,106.11666666666666,2.0,4.769658238399634,565.9166666666666,19.398839443415483,9.693611385593877,1.4224649801419151,0.9838608055011083,-0.0655,2.842810294279878,0.44966050631773014,1.0523269779460405,-0.8259260858632951,-0.7048295582701786,0.9650468964753401,1.3845222477227839,2.4741024544144934,0.9523350802963357,-0.8333581303156535,0.8259131668209762,0.5136870213786195,1.596068542885086,0,baseline,1.0,-0.03357417471180191,1.596068542885086,0.05649262091490859,0.08076928366797254
2026-09-12 13:15:00,Berbaring,60,1.0,1.0,1,109.21666666666667,0.0,0.6051681022507308,549.3666666666667,12.603425236165597,8.873880927298067,1.2002217070434131,0.9808622701868696,-0.05465,3.1149475638300883,0.0,0.10470160270840921,-0.855068075236734,-0.9808411301587506,0.1932704434422228,1.381086827540133,2.7557656520465486,0.938928933986226,-0.8713084208848842,0.7756210705664955,0.5305014295854827,1.5886427286461795,0,baseline,1.0,-0.0034354201826509723,1.5886427286461795,-0.007425814238906536,-0.06391843515381512
2026-09-12 13:16:00,Berbaring,60,1.0,1.0,1,107.2,-4.0,-2.240622395109691,560.9166666666666,16.375148250504136,10.829964708770769,1.0957500085058354,0.9830179912205096,0.04178333333333333,2.937912028262479,-0.8993210126354603,-0.5428550488250863,-0.7855279328687863,-0.8276438170641022,-0.1695247755786059,1.3580368210759501,2.914516448001936,0.8523347290888122,-0.8415709560548714,0.7151972038992271,0.5199456706899176,1.4888138585533353,0,baseline,1.0,-0.02305000646418276,1.4888138585533353,-0.09982887009284425,-0.09240305585393771
2026-09-12 13:17:00,Berbaring,60,1.0,1.0,1,107.3,2.0,1.2136704640178506,559.0,11.984453205885856,9.964343209324955,1.057881937049718,0.98063143132232,-0.006883333333333336,2.946690649860872,0.44966050631773014,0.2431656787539321,-0.8163013807539776,-1.0059821205122603,-0.30102790484836633,1.3362432210462198,2.924053625886722,0.9459767981817853,-0.8590739968126936,0.731790960005983,0.5180273966787636,1.5610094898988451,0,baseline,1.0,-0.021793600029730298,1.5610094898988451,0.07219563134550988,0.17202450143835413
2026-09-12 13:18:00,Berbaring,60,1.0,1.0,1,107.31666666666666,0.0,2.165601555987836,559.85,15.265808699647632,10.653240137335159,1.4213599120583422,0.9818970432663708,-0.00445,2.948153753460604,0.0,0.4597766031977621,-0.7918106146096953,-0.872702226139946,0.9612093651340788,1.3672052849658667,2.4797338142769245,0.9342046366077704,-0.8463947581402002,0.8247753152563831,0.523724252129652,1.59488676795304,0,baseline,1.0,0.030962063919646843,1.59488676795304,0.03387727805419494,-0.038318353291314944
2026-09-12 13:19:00,Berbaring,60,1.0,1.0,1,105.16666666666667,-3.0,-4.791330925256947,572.7,20.47429144487036,10.680252647300508,1.479668967114775,0.9791484459990945,0.008050000000000003,2.759413389095137,-0.6744907594765952,-1.1232661073173125,-0.7908503010451651,-0.6611475709241266,1.1636971842871964,1.399272324597364,2.38413099951806,0.8167046032761963,-0.8184608615065256,0.8117300884857843,0.5152332384767775,1.503747191989046,0,baseline,1.0,0.03206703963149726,1.503747191989046,-0.09113957596399413,-0.12501685401818907
2026-09-12 13:20:00,Berbaring,60,1.0,1.0,1,105.61666666666666,5.0,6.100027785496012,566.8,15.833669339283384,8.634774000163427,1.1963411048562493,0.9813277885409825,0.020116666666666665,2.7989171862879085,1.1241512657943253,1.355051177081194,-0.8635684932206645,-0.8496372439358745,0.1797944117500761,1.439547220243044,2.701128511775689,0.9692589902281926,-0.8474840500382081,0.7759725958802615,0.5170919575139288,1.5897200279577777,0,baseline,1.0,0.04027489564567999,1.5897200279577777,0.08597283596873173,0.17711241193272587
2026-09-12 13:21:00,Berbaring,60,1.0,1.0,1,106.4,-4.0,0.2033898305085924,566.15,16.333209384978794,8.990578873163633,1.381051585600131,0.9808100233452662,0.008533333333333334,2.867683055475328,-0.8993210126354603,0.013277377155061065,-0.8509193818901593,-0.829347261746624,0.8212320475401685,1.3613022827499943,2.595471665470281,0.8641288320636882,-0.84796902014313,0.8026084041451126,0.5255552267102936,1.5447196005272692,0,baseline,1.0,-0.07824493749304962,1.5447196005272692,-0.04500042743050847,-0.1309732633992402
2026-09-12 13:22:00,Berbaring,60,1.0,1.0,1,106.2,-4.0,-3.7977215893303238,566.3666666666667,14.072411604326454,9.07875150081548,1.2942945507183388,0.9812624240755612,-0.003583333333333337,2.8501258122785402,-0.8993210126354603,-0.89717134204845,-0.8477847834961942,-0.9211748281213576,0.519953922343265,1.3889184059925515,2.4299495499850465,0.8220790938574442,-0.8528736097892768,0.7719820289003402,0.5199253446995076,1.5064813466613038,0,baseline,1.0,0.027616123242557133,1.5064813466613038,-0.038238253865965355,0.006762173564543117
2026-09-12 13:23:00,Berbaring,60,1.0,1.0,1,106.9,5.0,12.116699083078737,561.1833333333333,24.995248135966385,8.627901133305926,1.362676796580222,0.98317466838723,0.010616666666666665,2.911576163467297,1.1241512657943253,2.7241384385834633,-0.8638128284297559,-0.47751838737586244,0.7574225594179704,1.7658712393123404,3.3389679789541113,0.9818742748442576,-0.8264373269514717,0.816443259995111,0.5282446660323887,1.6101856324544523,0,baseline,1.0,0.3769528333197889,1.6101856324544523,0.1037042857931485,0.14194253965911385
2026-09-12 13:24:00,Berbaring,60,1.0,1.0,1,105.43333333333334,-2.0,-1.4837454848568357,570.1,16.63435285531885,11.780477962160498,1.2862183115157924,0.9803423267463154,-0.04060000000000001,2.782823046690854,-0.44966050631773014,-0.3706284994424236,-0.7517365239376319,-0.8171156184534366,0.49190784851305425,1.262168981786627,2.3513379418839655,0.8716867174543547,-0.8256453225526994,0.7746749202845961,0.49658123853676994,1.512693653924732,0,baseline,1.0,-0.5037022575257133,1.512693653924732,-0.09749197852972036,-0.20119626432286886
2026-09-12 13:25:00,Berbaring,60,1.0,1.0,1,107.9,0.0,2.3806612948042205,556.8666666666667,10.829129997242397,7.3195813532223735,1.1924041994699757,0.9808050836515655,0.0014833333333333326,2.999362379451236,0.0,0.5087132218549606,-0.9103245088759352,-1.05290826292707,0.16612285790467085,1.367471337352034,2.693202345177043,0.9385762536471521,-0.8772664277340543,0.7746844590700165,0.5230323575643192,1.5887796031304926,0,baseline,1.0,0.1053023555654069,1.5887796031304926,0.07608594920576062,0.17357792773548097
2026-09-12 13:26:00,Berbaring,60,1.0,1.0,1,106.7,1.0,-0.9369269241455234,562.35,10.342974361568716,8.64752340366588,0.7901337742303447,0.980673690028136,-0.067,2.8940189202705096,0.22483025315886507,-0.2462005078179452,-0.8631152430362581,-1.0726546061362334,-1.230827599236787,1.4081312231428569,3.6778255260990425,0.924946973171627,-0.867201315942995,0.6288526746819378,0.5366617568548988,1.5136137397889298,0,baseline,1.0,0.040659885790822914,1.5136137397889298,-0.07516586334156283,-0.15125181254732345
2026-09-12 13:27:00,Berbaring,60,1.0,1.0,1,108.43333333333334,8.0,1.3403723256460807,552.1833333333333,16.260059902183595,8.411050036224038,1.178621267203327,0.9818398072232525,-0.007783333333333333,3.04618169464267,1.7986420252709205,0.27199655486204277,-0.871522036136783,-0.8323183983268782,0.1182593503669862,1.5305014443703429,3.55181067313529,0.9782764436926569,-0.8608590564697948,0.7759761132613234,0.5665942462778882,1.6190339970665766,0,baseline,1.0,0.12237022122748598,1.6190339970665766,0.10542025727764681,0.18058612061920964
2026-09-12 13:28:00,Berbaring,60,1.0,1.0,1,104.95,-11.0,-3.746040566824038,575.8666666666667,15.440939054023122,10.80411095645181,1.0626957594994197,0.9783920048371475,0.034616666666666664,2.7403930422986167,-2.4731327847475155,-0.8854113794253972,-0.7864470517910098,-0.8655888989869064,-0.28431111174158263,1.6257648981155262,3.6194603146130406,0.5597469711289533,-0.8327439110823484,0.6100542498608509,0.5802850889714013,1.3098381829022225,0,baseline,1.0,0.0952634537451833,1.3098381829022225,-0.30919581416435404,-0.41461607144200086
2026-09-12 13:29:00,Berbaring,60,1.0,1.0,1,107.35,-3.0,-0.9552653514864834,561.3,20.71706084775279,10.423246509442736,1.4273705000715617,0.9780294134417303,-0.06240000000000002,2.951079960660069,-0.6744907594765952,-0.2503733977809685,-0.7999870484510508,-0.6512869263110961,0.9820821242183546,1.3696189734087572,2.524356783484254,0.8816637491345456,-0.831516412313402,0.813964243954804,0.5267252562625688,1.552007666381297,0,baseline,1.0,-0.256145924706769,1.552007666381297,0.2421694834790744,0.5513652976434285
2026-09-12 13:30:00,Berbaring,60,1.0,1.0,1,102.36666666666666,2.0,0.40011114198397507,585.7166666666667,10.850434134354018,8.517181040776105,1.3986274171207844,0.9793992724987128,0.010633333333333335,2.513611984340108,0.44966050631773014,0.0580411058492267,-0.867749004922012,-1.052042945789281,0.8822670238568889,1.2357174937016522,2.1350773561666054,0.9097532568586567,-0.846307648616938,0.8151827289048016,0.4917114102863662,1.5653084734271867,0,baseline,1.0,-0.13390147970710498,1.5653084734271867,0.013300807045889762,-0.22886867643318465
2026-09-12 13:31:00,Berbaring,60,1.0,1.0,1,107.0,8.0,5.611558766324027,559.8,10.896741854831998,8.334124256251767,1.1836127581291567,0.9812982745294139,-0.022833333333333334,2.920354785065691,1.7986420252709205,1.2439005626117687,-0.8742568012535459,-1.050162049889504,0.13559312658605968,1.5914576440555066,3.0415079465162,0.9813325890320659,-0.8686253810349573,0.7796963109590223,0.5622509313770743,1.6252926351989656,0,baseline,1.0,0.3557401503538544,1.6252926351989656,0.0599841617717789,0.04668335472588914
2026-09-12 13:32:00,Berbaring,60,1.0,1.0,1,108.5,-9.0,-9.325923867740958,556.3333333333334,29.021130038311135,12.002118457073616,1.3643902069316174,0.9803435664252537,-0.02811666666666667,3.0520341090415988,-2.0234722784297854,-2.1551079890812703,-0.7438570497981569,-0.3139978192082261,0.7633726597074134,1.7929723211992519,3.162068943554995,0.6341401649101968,-0.7997894330594547,0.7358353863127729,0.5750089176616533,1.383432635557796,0,baseline,1.0,0.20151467714374527,1.383432635557796,-0.24185999964116967,-0.30184416141294856
2026-09-12 13:33:00,Berbaring,60,1.0,1.0,1,103.65,2.0,5.483189774937571,579.1333333333333,21.12390136881793,11.00770146422148,1.3183286006408317,0.9828446441048343,-0.021450000000000004,2.626270961519497,0.44966050631773014,1.214690332870666,-0.7792092672803654,-0.6347621511756302,0.6034161281621168,1.2877090402169522,2.436057374770887,0.9426759533666644,-0.804947785666101,0.7938938537197364,0.47842943473478383,1.5478181629956176,0,baseline,1.0,-0.5052632809822997,1.5478181629956176,0.16438552743782164,0.4062455270789913
2026-09-12 13:34:00,Berbaring,60,1.0,1.0,1,103.03333333333333,1.0,-0.5468185607112069,583.0333333333333,12.37817470548659,11.528152717792464,0.8977698132604907,0.9825919708544864,-0.006249999999999996,2.572136128329401,0.22483025315886507,-0.15743175769559786,-0.7607068623160675,-0.9899902049826397,-0.8570436854964517,1.2236895765749873,3.010751753632789,0.8973626641571809,-0.827550455520999,0.6511504878782011,0.4879419472318852,1.4670323136143761,0,baseline,1.0,-0.06401946364196487,1.4670323136143761,-0.08078584938124145,-0.2451713768190631
2026-09-12 13:35:00,Berbaring,60,1.0,1.0,1,103.3,2.0,2.033898305084815,580.4,16.257670940413934,10.718272059068262,1.3387954840699912,0.9830367333274288,-0.0047166666666666685,2.5955457859251174,0.44966050631773014,0.4298076661906488,-0.7894986844466751,-0.8324154315721103,0.6744907594765952,1.2175760438793637,2.1601579493941627,0.9256216316227962,-0.8215077328956525,0.7989922759091349,0.4831136949138909,1.550302505742416,0,baseline,1.0,-0.006113532695623647,1.550302505742416,0.08327019212803988,0.16405604150928133
2026-09-12 13:36:00,Berbaring,60,1.0,1.0,1,106.21666666666667,5.0,5.959988885801741,564.3,20.67939283769215,9.527836114089554,1.3606263147664905,0.9829950669591039,-0.01818333333333333,2.8515889158782723,1.1241512657943253,1.3231854719090916,-0.8318195123569275,-0.6528169002537676,0.7503019228329019,1.4621412259889883,2.5836987355352288,0.9706895364367764,-0.8308957905226327,0.8147277934170434,0.524880161545215,1.603716481241622,0,baseline,1.0,0.24456518210962463,1.603716481241622,0.05341397549920601,-0.029856216628833865
2026-09-12 13:37:00,Berbaring,60,1.0,1.0,1,106.26666666666667,-1.0,0.713531536537968,565.5166666666667,11.541365055513701,7.930845168375547,1.5015534989447232,0.9834497915246884,0.09065,2.855978226677469,-0.22483025315886507,0.1293595888534891,-0.8885936540256775,-1.0239791775185783,1.2396948336942133,1.3903758182516732,2.381787532871423,0.9091744678016656,-0.8657649321928824,0.840875739542651,0.5327966404756639,1.602214530008682,0,baseline,1.0,-0.0717654077373151,1.602214530008682,-0.0015019512329399465,-0.05491592673214596
2026-09-12 13:38:00,Berbaring,60,1.0,1.0,1,107.45,-1.0,0.9152542372881841,559.4666666666667,9.990617066954927,7.339237479443012,1.3248425722838864,0.982309057694432,0.05176666666666666,2.9598585822584633,-0.22483025315886507,0.17526137844666703,-0.9096257198829829,-1.0869664181592589,0.6260369699979317,1.3688721180082517,2.4523959803989257,0.919651437353098,-0.8773192821492749,0.8053106200498471,0.5270365787558531,1.5942837386012196,0,baseline,1.0,-0.02150370024342152,1.5942837386012196,-0.007930791407462445,-0.006428840174522499
2026-09-12 13:39:00,Berbaring,60,1.0,1.0,1,105.48333333333333,-1.0,-2.215615448735663,569.6166666666667,15.470137078996354,10.610196566814428,1.3347404727858603,0.9839100144576693,0.007599999999999997,2.7872123574900507,-0.22483025315886507,-0.5371647443300565,-0.7933408435550949,-0.8644029532118416,0.6604090634043424,1.285844056228733,2.3265178954397596,0.8820533227388084,-0.8366436915160624,0.7922199655220973,0.5004100966042061,1.5349310959334495,0,baseline,1.0,-0.08302806177951871,1.5349310959334495,-0.059352642667770183,-0.05142185126030774
2026-09-12 13:40:00,Berbaring,60,1.0,1.0,1,106.36666666666666,3.0,-0.680188941372496,563.5833333333334,11.210303472912866,8.19776736865035,1.103285683581089,0.9832832315072947,0.05691666666666668,2.8647568482758623,0.6744907594765952,-0.187780048335713,-0.8791043836866019,-1.0374260146088157,-0.14335589991499215,1.3270681405615097,2.922392586878051,0.9413523718347241,-0.8657394678187688,0.7466003566287542,0.515990795078079,1.5682180037295443,0,baseline,1.0,0.04122408433277669,1.5682180037295443,0.03328690779609489,0.09263955046386507
2026-09-12 13:41:00,Berbaring,60,1.0,1.0,1,105.58333333333333,-2.0,-4.086135037510333,569.8,16.259338907068617,9.83594239063367,1.3439665847896143,0.9818500391962462,0.057083333333333326,2.795990979088444,-0.44966050631773014,-0.9627995205576926,-0.8208661193896769,-0.8323476832223885,0.6924482603540184,1.3411966974725,2.3913021499456897,0.8506436779020485,-0.8392884564938006,0.788688509709682,0.504579563040547,1.518100747890185,0,baseline,1.0,0.014128556910990353,1.518100747890185,-0.05011725583935944,-0.08340416363545433
2026-09-12 13:42:00,Berbaring,60,1.0,1.0,1,106.46666666666667,0.0,-2.7207557654903103,564.35,13.313463301663688,8.903436776923726,1.1542240792058107,0.9847673152415214,0.013016666666666666,2.873535469874257,0.0,-0.6521088951294961,-0.8540173441738618,-0.9520012807276794,0.03353608763696061,1.3114387035849464,2.714048788263563,0.9019592256501042,-0.8571275415153027,0.7505463035228737,0.5050747414264676,1.538381719638616,0,baseline,1.0,-0.029757993887553624,1.538381719638616,0.02028097174843113,0.07039822758779057
2026-09-12 13:43:00,Berbaring,60,1.0,1.0,1,107.58333333333333,-3.0,-2.055570991942141,559.2833333333333,15.975714266588634,11.284457587799578,1.0288243654052052,0.9848094475360516,0.06405,2.971563411056321,-0.6744907594765952,-0.500746795561924,-0.7693703941108673,-0.8438677584463082,-0.4019351191136015,1.3540968503563484,3.0593907509230838,0.8756722586433088,-0.8421242994443182,0.698518280106899,0.5196155440069188,1.4946248162964388,0,baseline,1.0,0.042658146771402006,1.4946248162964388,-0.04375690334217719,-0.06403787509060832
2026-09-12 13:44:00,Berbaring,60,1.0,1.0,1,107.98333333333333,1.0,2.885801611558853,555.8166666666667,14.54215574752625,8.872925873651939,1.2973682893011695,0.981790868583107,-0.010583333333333332,3.006677897449897,0.22483025315886507,0.6236573726543969,-0.855102028059793,-0.9020950758949665,0.530627986974939,1.3727193331196286,2.586489323356179,0.9483043490145144,-0.8609916708590866,0.8009434188831864,0.5223244038256245,1.5984120053142261,0,baseline,1.0,0.018622482763280157,1.5984120053142261,0.10378718901778727,0.14754409235996446
2026-09-12 13:45:00,Berbaring,60,1.0,1.0,1,106.63333333333334,2.0,4.154487357599429,563.6333333333333,12.788987140911335,9.492191259938574,1.107623304905107,0.9833615638177338,-0.03423333333333333,2.8881665058715806,0.44966050631773014,0.912345487368507,-0.8330867117764114,-0.9733041012964238,-0.1282927938268825,1.3560904596663672,2.8151643411998895,0.9527011588015604,-0.8562601545212757,0.748383390974434,0.5104143371972925,1.568891789036318,0,baseline,1.0,-0.01662887345326136,1.568891789036318,-0.029520216277908018,-0.1333074052956953
2026-09-12 13:46:00,Berbaring,60,1.0,1.0,1,105.93333333333334,2.0,11.66323978883032,567.9666666666667,31.718553981331915,15.790471273867903,1.2876472493810365,0.980037840665702,0.012300000000000004,2.8267161546828232,0.44966050631773014,2.6209542504070633,-0.6091784656213846,-0.20443566451738734,0.4968700711345418,1.6187285228591375,3.7716388569542203,0.9694297003319131,-0.740461516538562,0.7778146788658338,0.4858770451292923,1.5261550966408828,0,baseline,1.0,0.2626380631927703,1.5261550966408828,-0.042736692395435316,-0.013216476117527298
2026-09-12 13:47:00,Berbaring,60,1.0,1.0,1,101.35,-6.0,-4.9997221450402165,594.3333333333334,15.868812464691489,10.830747192403797,1.2547793145718067,0.9819412497738184,-0.006533333333333341,2.424362664756437,-1.3489815189531904,-1.1706853114424938,-0.7855001150300225,-0.8482098240628342,0.38273074177743616,1.3260682941324318,2.2167434845348613,0.6369960433915192,-0.8106596137136901,0.7027720633322598,0.4921170101220328,1.3412683151609188,0,baseline,1.0,-0.2926602287267057,1.3412683151609188,-0.18488678147996396,-0.14215008908452864
2026-09-12 13:48:00,Berbaring,60,1.0,1.0,1,102.9,0.0,3.2742428452348884,583.5,16.259026176354777,9.709335015369382,1.19163703296037,0.9788662052274921,-0.0022666666666666664,2.560431299531543,0.0,0.7120467691437394,-0.8253670998610154,-0.8323603855085586,0.16345874555870663,1.187686298612095,2.4146368889001204,0.9078301238585175,-0.8255910937451271,0.7556830356072969,0.4678005449814613,1.5151403855900145,0,baseline,1.0,-0.1383819955203367,1.5151403855900145,0.1738720704290957,0.35875885190905965
2026-09-12 13:49:00,Berbaring,60,1.0,1.0,1,103.91666666666667,5.0,0.1650458460683974,575.1666666666666,11.001027173407786,8.626918848207588,1.0901836393560966,0.9782548410816627,-0.006983333333333335,2.649680619115214,1.1241512657943253,0.0045522435960110175,-0.8638477493499289,-1.045926258835841,-0.18885491132923568,1.3013073570539215,2.9560239104532187,0.9463121592304425,-0.8528554668623067,0.7405838660907857,0.5097082548767649,1.5592100942040483,0,baseline,1.0,0.11362105844182646,1.5592100942040483,0.04406970861403381,-0.12980236181506188
2026-09-12 13:50:00,Berbaring,60,1.0,1.0,1,102.08333333333333,-9.0,-10.147818838566206,591.05,21.22712128306855,9.528725527030964,1.3362528431905858,0.9785419864794768,0.022899999999999997,2.488739223144659,-2.0234722784297854,-2.3421293301509927,-0.8317878931066911,-0.6305696339995437,0.665661019291952,1.6983534445943043,2.61861465194732,0.3888508751152338,-0.8050758157233485,0.6582911224952835,0.5364277857553955,1.2330669257696578,0,baseline,1.0,0.39704608754038273,1.2330669257696578,-0.3261431684343905,-0.3702128770484243
2026-09-12 13:51:00,Berbaring,60,1.0,1.0,1,103.01666666666667,7.0,7.710475131981164,580.6666666666666,18.67806351036357,11.124107277074614,1.258610499735833,0.9786873465971462,-0.08963333333333336,2.5706730247296687,1.5738117721120555,1.7215067865606044,-0.775070959466081,-0.7341055511962408,0.39603516469913586,1.4913818376742964,2.5625176534621437,0.9729201313403834,-0.8089384859188892,0.7853686980206308,0.5134797166801781,1.5752525090412361,0,baseline,1.0,-0.20697160692000782,1.5752525090412361,0.34218558327157833,0.6683287517059688
2026-09-12 13:52:00,Berbaring,60,1.0,1.0,1,106.53333333333333,3.0,0.9602667407613859,563.1833333333333,14.681351790468076,8.72362854065063,1.1070243185804616,0.9815188259430959,0.011299999999999998,2.8793878842731857,0.6744907594765952,0.18550392653770972,-0.8604096523499188,-0.8964413044777578,-0.130372872717933,1.3128298282495752,2.8693721781114454,0.9482202454628782,-0.8546661429183477,0.7467258511877628,0.51220942364692,1.5650986678996968,0,baseline,1.0,-0.17855200942472127,1.5650986678996968,-0.010153841141539388,-0.3523394244131177
2026-09-12 13:53:00,Berbaring,60,1.0,1.0,1,108.8,-3.0,0.4234509585996945,553.25,17.51766662737354,7.9957615891064755,1.6327697629939433,0.9813997444845112,-0.03223333333333333,3.07836997383678,-0.6744907594765952,0.06335205671124546,-0.8862858300038211,-0.7812377727092392,1.6953649713603356,1.5386904810919364,2.773550427454788,0.9051950576642082,-0.8613211896143829,0.8644415402609278,0.5694347598696311,1.6225804776265844,0,baseline,1.0,0.22586065284236123,1.6225804776265844,0.057481809726887656,0.06763565086842704
2026-09-12 13:54:00,Berbaring,60,1.0,1.0,1,105.68333333333334,4.0,-2.0722422895247794,567.1,15.487228199007582,9.849718227063269,1.2233962497884998,0.9825715220192722,-0.03273333333333333,2.8047696006868383,0.8993210126354603,-0.5045403318919331,-0.8203763787989999,-0.8637087575740535,0.27374786870287476,1.318080666450979,3.0038484394756653,0.9398472335084007,-0.8420238708632903,0.7758178294953672,0.5098642519661891,1.566579676056388,0,baseline,1.0,-0.2206098146409574,1.566579676056388,-0.05600080157019649,-0.11348261129708415
2026-09-12 13:55:00,Berbaring,60,1.0,1.0,1,105.75,-7.0,-8.037232564601213,569.55,19.73504582964795,10.875255695415992,1.3685718949536876,0.9870100049415215,-0.008833333333333328,2.8106220150857673,-1.5738117721120555,-1.8618676307711488,-0.7839178067130842,-0.6911737530002074,0.7778942616635455,1.6093683257251354,2.6133717397139904,0.6609047901187158,-0.823009071332588,0.7494641842513687,0.5402058673224265,1.402732339280284,0,baseline,1.0,0.29128765927415645,1.402732339280284,-0.16384733677610397,-0.10784653520590748
2026-09-12 13:56:00,Berbaring,60,1.0,1.0,1,103.73333333333333,-2.0,-1.217004723534221,579.45,12.076626816054112,8.13237930868568,1.303781874546396,0.9861307947823745,-0.05713333333333334,2.633586479518158,-0.44966050631773014,-0.3099319181621849,-0.8814289748120822,-1.0022382746989997,0.5529002204728347,1.246403316256237,2.149434304639627,0.8530055306296881,-0.8516318055166131,0.7810785033806535,0.49295546861573303,1.5185466373917664,0,baseline,1.0,-0.36296500946889854,1.5185466373917664,0.11581429811148247,0.27966163488758644
2026-09-12 13:57:00,Berbaring,60,1.0,1.0,1,104.75,11.0,8.420672409002592,571.4833333333333,22.80164405808082,9.58547630179134,1.2834216674475796,0.9923236923766829,-0.024416666666666673,2.722835799101829,2.4731327847475155,1.8831114342192319,-0.8297703634928233,-0.566616725044878,0.4821960403252548,1.7473034283378708,3.1160907274595204,0.987185948521224,-0.8152860762638531,0.7960733362598837,0.5765955189994638,1.6141321607420072,0,baseline,1.0,0.5009001120816339,1.6141321607420072,0.09558552335024073,-0.02022877476124174
2026-09-12 13:58:00,Berbaring,60,1.0,1.0,1,107.51666666666667,-5.0,-12.355098638510633,559.6,21.844752695761585,8.17395616100514,1.281647732364681,1.015323407295931,0.0385,2.9657109966573922,-1.1241512657943253,-2.84439354024492,-0.8799508887214497,-0.6054830959510918,0.476035757914441,1.8035735723245838,3.428862442472685,0.6999674144858787,-0.842139603092456,0.7367649372474399,0.5303965950975771,1.4224263120763383,2,tau_in,0.0,0.05627014398671304,1.7387629548869197,0.12463079414491252,0.029045270794671785
2026-09-12 13:59:00,Berbaring,60,1.0,1.0,1,105.95,1.0,4.322867463184305,585.1666666666666,97.38951439515598,140.49892936439898,0.032778410234158534,1.0170202809218984,-0.05951666666666666,2.8281792582825553,0.22483025315886507,0.9506602043016521,3.8242941761146403,2.462943314664423,-3.8608691224801817,2.7249014502483515,8.819588897360509,0.9431192802123461,0.9734084379181522,-0.6577473465361051,0.7717409372116039,1.6926941867218788,2,peak,0.0,0.9213278779237677,1.9660146514616932,0.2272516965747735,0.102620902429861
2026-09-12 14:00:00,Berbaring,60,1.0,1.0,1,97.63333333333334,-14.0,-10.369547096415594,621.6333333333333,23.41371947997596,15.539452251324255,0.7742829459425979,0.9835900434041391,0.01661666666666667,2.098090562016133,-3.147623544224111,-2.392583363340183,-0.6181023669031619,-0.5417558565004117,-1.2858722170693013,1.9305867171994568,4.049598377188564,-0.14812688951169997,-0.7138611138640147,0.05392701311815647,0.5983202678984996,0.9446875308828635,2,falling,0.4604986174337839,-0.7943147330488947,1.0878861488209233,-0.8781285026407699,-1.1053801992155434
2026-09-12 14:01:00,Berbaring,60,1.0,1.0,1,93.86666666666666,-3.0,-5.471519866629536,641.45,18.577756884173546,13.597731615410924,0.8427405177946392,0.9839994394155384,0.024,1.7674291484766298,-0.6744907594765952,-1.2780423895819033,-0.6871318894313511,-0.7381797383938381,-1.0481419980592022,1.1051242114815714,2.735157904104982,0.5212338996693687,-0.7239774026876081,0.4424216433498682,0.41350540606044517,1.0782169026278732,2,falling,0.9390549463179849,-0.8254625057178855,1.0799379559404088,-0.007948192880514515,0.8701803097602554
2026-09-12 14:02:00,Berbaring,60,1.0,1.0,1,93.78333333333333,5.0,-0.16171158655175544,638.2166666666667,13.276832972712684,8.744005210350922,1.325103284148432,0.9827139699583947,0.018750000000000003,1.7601136304779688,1.1241512657943253,-0.06980106847226995,-0.859685247533845,-0.9534891068357297,0.6269423349850355,1.0334283673626832,2.1304404487977155,0.8603882898451568,-0.786893862206618,0.7744666830055912,0.43210389852170183,1.464917192842127,2,plateau_persistent,0.9806201291338296,-0.07169584411888819,1.4650453785733897,0.3851074226329809,0.39305561551349544
2026-09-12 14:03:00,Berbaring,60,1.0,1.0,1,97.96666666666667,0.0,3.257571547652176,613.2,14.412565139429729,8.383801977218948,1.377229979088011,0.9832569838931585,0.0149,2.1273526340107787,0.0,0.7082532328137133,-0.8724907236339197,-0.9073587002086332,0.8079608880684255,1.1003478648093925,1.8402418146861248,0.8554911376285721,-0.8117640782915936,0.7926728640904442,0.44094385338434794,1.487813078537897,2,plateau_persistent,0.9418240011364449,0.06691949744670933,1.4889500339206103,0.023904655347220638,-0.3612027672857603
2026-09-12 14:04:00,Berbaring,60,1.0,1.0,1,97.15,6.0,-0.4117810502916629,615.8833333333333,20.215023500882776,10.046502047470577,1.2782070471125755,0.980236106292953,-0.0002499999999999986,2.055660557623896,1.3489815189531904,-0.12670411342248378,-0.8133805767702494,-0.6716783422027904,0.4640874103993444,1.1097794286515212,2.560213967909823,0.9080510688646688,-0.7724649171666359,0.7686832315935853,0.45512049146262734,1.4897205658115438,2,plateau_persistent,0.9363561155127355,0.009431563842128732,1.4910794439715458,0.0021294100509354763,-0.02177524529628516
2026-09-12 14:05:00,Berbaring,60,1.0,1.0,1,96.68333333333334,-3.0,-4.766323978882918,622.1166666666667,18.564675465551314,10.055776651646386,1.3576476805394893,0.980205482726981,-0.023100000000000002,2.0146936568313913,-0.6744907594765952,-1.1175758028222824,-0.8130508581248105,-0.7387110706726862,0.7399581237763643,1.11931435555614,1.7651646803002816,0.627994589908823,-0.775824115466589,0.7259408933651634,0.42869432000871976,1.3065409537254529,2,plateau_persistent,0.9308283058496118,0.009534926904618768,1.3083707376097384,-0.18270870636180736,-0.18483811641274284
2026-09-12 14:06:00,Berbaring,60,1.0,1.0,1,97.46666666666667,-4.0,-0.18005001389269779,616.9,13.652714388336536,11.331671529876647,1.2248531141013677,0.9796651769990475,0.03315,2.0834595260188093,-0.8993210126354603,-0.07397395843528923,-0.7676919055487263,-0.9382218078594061,0.2788070705237431,1.0569136224572957,1.9994145838228579,0.6988301317650358,-0.7907679320893936,0.7039259602242354,0.43935034288677965,1.3424671157075005,2,plateau_persistent,0.9670047106464539,-0.06240073309884431,1.3428725352301834,0.03450179762044492,0.21721050398225228
2026-09-12 14:07:00,Berbaring,60,1.0,1.0,1,99.58333333333333,7.0,4.169491525423791,601.0333333333333,19.350440512365576,11.14617818517151,1.510213322424266,0.9796215598918734,-0.025066666666666664,2.2692736831848124,1.5738117721120555,0.9157596700655126,-0.7742863232936507,-0.7067953935569459,1.269767500262493,1.3648254381707532,2.369376245174334,0.952457311988893,-0.7842863786853672,0.8364280992394828,0.512737962125117,1.5763223775465813,2,falling,0.788494909017425,0.3079118157134575,1.590448566117639,0.24757603088745572,0.2130742332670108
2026-09-12 14:08:00,Berbaring,60,1.0,1.0,1,98.55,-1.0,-2.265629341483662,609.5,11.642266655654128,10.717481363625552,0.8583909591119072,0.9820538009717416,-0.022400000000000007,2.1785612600014095,-0.22483025315886507,-0.5485453533201032,-0.789526794220999,-1.0198808240685238,-0.993793257060906,1.1364208656155803,2.7783393646837284,0.7812138593067665,-0.8092742232583097,0.5889192199846879,0.45677852129072793,1.3493303255997882,2,falling,0.9209109218408168,-0.22840457255517288,1.351646185163595,-0.23880238095404405,-0.48637841184149977
2026-09-12 14:09:00,Berbaring,60,1.0,1.0,1,98.18333333333334,-4.0,2.695748819116507,613.55,21.76642181535743,12.50288102392025,1.3436956596082164,0.985378293897242,-0.005899999999999995,2.146372980807299,-0.8993210126354603,0.5804110584922307,-0.7260545913754219,-0.6086646870606818,0.691507427938164,1.0899833903285725,2.4726981672436494,0.7606562297963824,-0.7533993812389324,0.7491574721450384,0.4416285671236885,1.3793046207961892,2,plateau_persistent,0.9478327354205559,-0.04643747528700781,1.380290788364329,0.02864460320073392,0.26744698415477797
2026-09-12 14:10:00,Berbaring,60,1.0,1.0,1,97.2,-3.0,-5.661572659071898,618.6833333333333,18.66428808493681,13.305408610977896,0.6165981204087475,0.9841273414316822,0.016800000000000002,2.060049868423093,-0.6744907594765952,-1.3212887037440733,-0.6975241760697046,-0.7346650721775252,-1.833458803835069,1.3436511832497464,3.8536340331024586,0.624584448551268,-0.7527690210710435,0.3720950552763551,0.4903543417442978,1.1557114878225214,2,falling,0.8007705407168233,0.2536677929211739,1.1727580400624902,-0.20753274830183877,-0.23617735150257269
2026-09-12 14:11:00,Berbaring,60,1.0,1.0,1,98.98333333333333,7.0,5.033064740205641,604.6333333333333,21.21157875893088,12.713932035236391,1.300651604395538,0.9853345787851381,-0.016866666666666665,2.21660195359445,1.5738117721120555,1.1122648519602591,-0.7185515807616465,-0.6312009298098531,0.5420298406391384,1.2803559499721533,2.2538040328893842,0.9525042890766822,-0.7600459998798798,0.7819263163221396,0.48091914860952234,1.5256560340716712,2,plateau_persistent,0.8374655259685777,-0.06329523327759312,1.5342893434903246,0.36153130342783446,0.5690640517296732
2026-09-12 14:12:00,Berbaring,60,1.0,1.0,1,100.76666666666667,5.0,3.374270630730806,594.5166666666667,17.069639681904725,10.346537945497861,1.3094212219581496,0.9854202223125542,0.00046666666666667127,2.3731540387658066,1.1241512657943253,0.7348079871238146,-0.8027140913865795,-0.7994354303789295,0.5724837852853256,1.2279185330135394,2.1724866187093452,0.941682198448862,-0.8061669292058998,0.7916415355738751,0.47909075823244907,1.546898431084038,2,plateau_persistent,0.8678657653277968,-0.052437416958613925,1.5525315494580672,0.01824220596774251,-0.34328909746009195
2026-09-12 14:13:00,Berbaring,60,1.0,1.0,1,100.06666666666666,-6.0,-5.674909697137998,603.2166666666667,22.24142696515508,11.312959420392952,1.070719578030827,0.9817044295822475,-0.007616666666666663,2.3117036875770496,-1.3489815189531904,-1.3243235328080782,-0.7683571340884371,-0.5893712468004926,-0.25644707734533706,1.2858884187415969,2.6660007876250136,0.5837247489783173,-0.7748211470016796,0.6017658014000229,0.4721965668510102,1.2353841790679085,2,plateau_persistent,0.8342581144560841,0.0579698857280575,1.2464527437953445,-0.3060788056627226,-0.3243210116304651
2026-09-12 14:14:00,Berbaring,60,1.0,1.0,1,95.6,-1.0,0.463462072798036,628.1666666666666,11.61846377818392,9.684865005228081,1.071895228939792,0.9831104517272341,0.02606666666666667,1.91959192284879,-0.22483025315886507,0.07245654390326972,-0.8262370257839684,-1.0208476333645655,-0.25236443549131754,0.9599580776766091,1.896672864086343,0.7612558538138797,-0.7981740489391125,0.6680502534626134,0.4087645878731969,1.3527645459636952,2,falling,1.0,-0.32593034106498775,1.3527645459636952,0.10631180216835068,0.4123906078310733
2026-09-12 14:15:00,Berbaring,28,0.4666666666666667,1.0,0,98.75,3.0,8.916256157635573,604.8571428571429,11.638742090978623,10.370899457402697,0.8026937546817409,1.0210874957120466,-0.001678571428571427,2.196118503198197,0.6744907594765952,1.9958809979368897,-0.8018480226515863,-1.0200239824701516,-1.1872109937584852,1.4349386945429583,3.4484807362629954,0.9365977796531473,-0.812807107897519,0.6198309284742706,0.47635686848766523,1.4659389624225785,2,falling,0.7478472207903033,0.4749806168663492,1.4874669964781606,0.1347024505144654,0.02839064834611471
2026-09-12 14:16:00,Berbaring,47,0.7833333333333333,1.0,1,95.27659574468085,-6.0,-11.503237742830766,638.063829787234,39.69799264190174,27.27437083321678,1.5949493278532236,0.9882407994375709,0.00810638297872341,1.8912014870412186,-1.3489815189531904,-2.6505534843130323,-0.20091782880188863,0.11966781767249984,1.5640272670594424,1.5770593747483808,2.7949680908410515,0.23349548128353473,-0.42912863922425276,0.589727863801505,0.46654545165341954,0.8967246737904941,2,falling,0.6654537135061858,0.14212068020542246,0.9570978833909671,-0.5303691130871935,-0.6650715636016589
2026-09-12 14:17:00,Berbaring,60,1.0,1.0,1,90.11666666666666,4.0,8.504028896915846,665.3,26.474996198844178,13.562160719805325,1.1539141869327392,0.984713698586049,-0.016166666666666673,1.43823083853686,0.8993210126354603,1.9020791158692922,-0.6883964595729767,-0.41741497404776445,0.03245993556270852,1.0912049750345454,2.0839109667964792,0.8731379724235458,-0.6472886419092393,0.6872505634944824,0.34289313021271306,1.3308799873028236,2,falling,0.9471245299136286,-0.48585439971383537,1.331929936573249,0.37483205318228197,0.9052011662694754
2026-09-12 14:18:00,Berbaring,60,1.0,1.0,1,90.86666666666666,3.0,9.772714642956425,660.8166666666667,33.082071372991194,14.167879642321996,1.092987269252319,0.986014045961885,-0.004849999999999999,1.504070500524814,0.6744907594765952,2.190767230583403,-0.6668627295222851,-0.14905323055658962,-0.17911884370047504,1.1558282196113903,2.8507756783411016,0.8759751780342588,-0.6074384474973551,0.6527375418049378,0.3303562922202611,1.2928710524724496,2,plateau_persistent,0.9096596390541882,0.06462324457684487,1.2960235102562914,-0.03590642631695773,-0.4107384794992397
2026-09-12 14:19:00,Berbaring,60,1.0,1.0,1,92.71666666666667,-2.0,0.4851347596555166,648.7833333333333,13.156285688116714,12.03244202217277,1.0869148465032878,0.9840643428661383,0.008433333333333333,1.6664750000951012,-0.44966050631773014,0.07738814113229325,-0.7427790259148899,-0.9583854155070591,-0.20020633411233443,0.8656046329479957,1.7065798400406762,0.6602582407747437,-0.7536798755424715,0.6277079144378289,0.37736529509924055,1.2411269439915886,2,falling,1.0,-0.29022358666339454,1.2411269439915886,-0.05489656626470274,-0.01899013994774501
2026-09-12 14:20:00,Berbaring,60,1.0,1.0,1,90.76666666666667,0.0,-3.284245623784331,661.2166666666667,21.036764965792358,11.21213023500796,1.3570250906671188,0.9869213417922542,0.019900000000000004,1.4952918789264207,0.0,-0.7803304230839998,-0.7719416819349701,-0.6383013990911061,0.7377960776694417,0.8556166451735678,1.5152359208778954,0.6077595750729627,-0.7080196319871008,0.702002469073914,0.3527004925489935,1.2197821954767958,2,tau_out,1.0,-0.009987987774427887,1.2197821954767958,-0.021344748514792844,0.033551817749909896
2026-09-12 14:21:00,Berbaring,60,1.0,1.0,1,93.25,0.0,0.6118366212837648,643.9166666666666,11.091746307871999,10.120460899265375,1.1435985287683277,0.983500524609277,0.020866666666666676,1.713294315286535,0.0,0.10621901724040804,-0.8107512880189731,-1.0422414899402048,-0.003362890288596313,0.8841432928570807,1.525966470570579,0.743492900601049,-0.7814688413537705,0.6847782201780199,0.38349103908203797,1.3339647038574012,0,baseline,1.0,0.028526647683512873,1.3339647038574012,0.1141825083806054,0.13552725689539824
2026-09-12 14:22:00,Berbaring,60,1.0,1.0,1,91.3,-2.0,-3.4409558210613453,659.5666666666667,31.318682715044858,18.450575297631218,1.5937574804068042,0.9866992428989764,-0.024833333333333332,1.5421111941178545,-0.44966050631773014,-0.815989664586135,-0.514609912741313,-0.22067736714137368,1.5598883800554408,0.9994093471953791,1.806804991145513,0.5305171199328227,-0.5693949283809739,0.724441510333276,0.4031531412158684,1.1371046373021136,0,baseline,1.0,0.1152660543382984,1.1371046373021136,-0.19686006655528754,-0.31104257493589293
2026-09-12 14:23:00,Berbaring,60,1.0,1.0,1,91.78333333333333,-3.0,-4.886357321478101,657.1333333333333,22.137832229448506,14.230547233900431,1.2966823183448681,0.9857631840578711,-0.009483333333333333,1.5845411985100915,-0.6744907594765952,-1.1448892643983914,-0.6646348529448618,-0.5935789882228252,0.5282458395913221,0.9442456594361459,1.4854457488933308,0.46008337248087594,-0.680933307973488,0.625024257257198,0.36197568916584755,1.0940880226234522,0,baseline,1.0,-0.05516368775923319,1.0940880226234522,-0.04301661467866147,0.15384345187662607
2026-09-12 14:24:00,Berbaring,60,1.0,1.0,1,92.78333333333333,8.0,10.56793553764941,642.95,25.49405048574062,10.768755809977087,1.0924255274542027,0.9855816136784692,-0.0009333333333333343,1.67232741449403,1.7986420252709205,2.371718913525101,-0.7877039519005955,-0.4572583684242558,-0.18106958482494764,1.4444832782575552,2.533408787090007,0.9483506591980924,-0.7074284654968789,0.703635384592165,0.44407260592798603,1.4464187638379702,0,baseline,1.0,0.5002376188214093,1.4464187638379702,0.352330741214518,0.3953473558931795
2026-09-12 14:25:00,Berbaring,60,1.0,1.0,1,96.38333333333334,-2.0,0.08835787718820212,623.2666666666667,15.064681635147872,9.21310783244196,1.595105504157655,0.9876086250781013,0.007449999999999998,1.9883577920362099,-0.44966050631773014,-0.01289802352204476,-0.8430083222229934,-0.88087147021085,1.5645696150576578,1.1612065060268222,2.0134620087307233,0.7428299321940077,-0.7937709669761681,0.8204015455941783,0.47060077767528496,1.440969272448075,0,baseline,1.0,-0.283276772230733,1.440969272448075,-0.005449491389895256,-0.3577802326044133
2026-09-12 14:26:00,Berbaring,60,1.0,1.0,1,96.71666666666667,2.0,2.599055293137037,619.05,15.961208271666823,8.983978206049905,1.093687131419268,0.9841106123471944,0.034050000000000004,2.0176198640308556,0.44966050631773014,0.5584085477781391,-0.8511540402085603,-0.8444569532088445,-0.17668845679476863,1.0044562500557315,2.050044723781875,0.8688455731188245,-0.7942251389121391,0.7060941410670836,0.4148029145395946,1.4339862604530038,0,baseline,1.0,-0.1567502559710907,1.4339862604530038,-0.00698301199507112,-0.0015335206051758643
2026-09-12 14:27:00,Berbaring,60,1.0,1.0,1,97.65,3.0,1.6121144762434447,613.5833333333334,18.12133461866377,11.837172131374817,1.2975198674123694,0.9824719932463208,-0.018116666666666666,2.0995536656158653,0.6744907594765952,0.3338311970412746,-0.7497210066903961,-0.7567183915364079,0.5311543669881031,1.0320962423688325,1.8192799408877518,0.8868930299125486,-0.7704511398722913,0.7689567522422791,0.4289921032853572,1.4681631097865666,0,baseline,1.0,0.02763999231310099,1.4681631097865666,0.0341768493335628,0.04115986132863392
2026-09-12 14:28:00,Berbaring,60,1.0,1.0,1,97.66666666666667,-7.0,-6.625173659349759,617.5666666666667,26.88983593918264,14.51883639171857,1.4482292812914093,0.9857952726674323,-0.003866666666666663,2.1010167692155974,-1.5738117721120555,-1.5405551036189162,-0.6543859723663848,-0.4005652919944604,1.0545176853042133,1.351859588890416,2.131114238910611,0.4238143739123965,-0.7065480275536348,0.6818711427126704,0.48078256376993767,1.172573608633661,0,baseline,1.0,0.31976334652158345,1.172573608633661,-0.2955895011529057,-0.3297663504864685
2026-09-12 14:29:00,Berbaring,60,1.0,1.0,1,95.11666666666666,5.0,4.359544317866114,629.6,22.00939706857128,12.781740153669695,1.5607214123560715,0.9874355480584333,0.012883333333333335,1.8771619184565531,1.1241512657943253,0.9590059842276736,-0.7161409548701498,-0.5987956813570957,1.4451651802623264,1.2018778326554826,1.9513023818696151,0.9075644288137102,-0.7254281813115455,0.8297019058697266,0.4633393528931783,1.5010022808884265,0,baseline,1.0,-0.14998175623493326,1.5010022808884265,0.3284286722547656,0.6240181734076713
2026-09-12 14:30:00,Berbaring,60,1.0,1.0,1,97.13333333333334,-3.0,-4.534592942483987,620.05,16.789246962247056,10.596609627292134,1.1849275555499272,1.0050226146465364,-0.015350000000000003,2.054197454024164,-0.6744907594765952,-1.0648456478350956,-0.7938238687290033,-0.8108242336127717,0.1401589776721785,1.0890208162880195,1.9200713309552027,0.6456101854208434,-0.7818641533623575,0.6713202703902018,0.4212564778716372,1.28695454131751,0,baseline,1.0,-0.11285701636746315,1.28695454131751,-0.21404773957091638,-0.542476411825682
2026-09-12 14:31:00,Berbaring,60,1.0,1.0,1,93.71666666666667,-5.0,-3.9160878021671692,643.3333333333334,18.83349582450776,11.32493873220229,1.4364078580538109,0.9971641707940694,-0.040233333333333336,1.7542612160790398,-1.1241512657943253,-0.9241054499915411,-0.7679312612006897,-0.7277923058162247,1.0134658416694533,1.1061669885913485,1.6867653871897412,0.4534084600358757,-0.7421113170062515,0.6963756640003937,0.4342179689056713,1.195739414920079,0,baseline,1.0,0.017146172303329044,1.195739414920079,-0.09121512639743101,0.12283261317348537
2026-09-12 14:32:00,Berbaring,60,1.0,1.0,1,94.13333333333334,4.0,8.752431230897532,636.65,24.275135496837716,11.814240186590109,1.1193330973486735,0.9967960776243162,0.015850000000000003,1.790838806072348,0.8993210126354603,1.9586028071865147,-0.7505362533174613,-0.50676743907468,-0.08762860655204759,1.2027609589993054,2.424998751173734,0.9135456089718648,-0.715153915108178,0.7055460639701735,0.3886721378794924,1.4123993702610993,0,baseline,1.0,0.09659397040795681,1.4123993702610993,0.21665995534102023,0.30787508173845124
2026-09-12 14:33:00,Berbaring,60,1.0,1.0,1,93.31666666666666,2.0,4.246179494304058,643.2,19.70442607080097,12.066201570460484,1.2272599112401086,1.005899143446743,-0.0034833333333333357,1.719146729685464,0.44966050631773014,0.9332099371835846,-0.7415788504334297,-0.6924174458072165,0.287165070894285,0.9255976199730285,1.594884636433679,0.8397751775259222,-0.7281612379951979,0.7258018603150845,0.3699989643693441,1.37808878936686,0,baseline,1.0,-0.2771633390262769,1.37808878936686,-0.03431058089423922,-0.25097053623525944
2026-09-12 14:34:00,Berbaring,60,1.0,1.0,1,93.23333333333333,-11.0,-9.222561822728498,651.9,37.92754019290924,15.95385294306092,1.207829239297552,0.9809680367172992,-0.007599999999999999,1.7118312116868026,-2.4731327847475155,-2.1315880638351903,-0.6033701333589283,0.04775676876557006,0.21968885502146593,1.527799013941074,2.935883088320785,-0.11959573644662856,-0.5798791563774838,0.2886506596791725,0.4973187827406973,0.8253533492857371,0,baseline,1.0,0.6022013939680455,0.8253533492857371,-0.552735440081123,-0.5184248591868837
2026-09-12 14:35:00,Berbaring,60,1.0,1.0,1,87.45,9.0,4.863017504862535,683.2333333333333,32.136555386201486,20.14649736138278,1.122140013385474,0.9760094682465946,0.03498333333333333,1.2041342625796914,2.0234722784297854,1.0735707813941207,-0.45431870084371395,-0.18745756409687253,-0.07788112725766409,1.0758364882586111,2.2494103871074955,0.8917385369249323,-0.4911437106373928,0.6321619549617941,0.4161694711788918,1.2685604158959563,0,baseline,1.0,-0.45196252568246287,1.2685604158959563,0.44320706661021914,0.9959425066913421
2026-09-12 14:36:00,Berbaring,60,1.0,1.0,1,93.06666666666666,-6.0,-0.24340094470678775,649.3166666666667,26.811641581480707,19.83747523574544,0.9815798944335055,0.9773560278251984,0.0249,1.6972001756894792,-1.3489815189531904,-0.08838939648933886,-0.4653046528848313,-0.40374133791659145,-0.5659993435268363,0.9493790080065643,2.715441691271965,0.4742250467189266,-0.6020094793939411,0.4452252283806071,0.405253818402342,0.9745568067239457,0,baseline,1.0,-0.12645748025204684,0.9745568067239457,-0.2940036091720105,-0.7372106757822297
2026-09-12 14:37:00,Berbaring,60,1.0,1.0,1,89.68333333333334,5.0,7.637121422617429,666.0833333333334,28.244268455121503,12.992174959162593,1.5645437739185646,0.9816932167281807,-0.015750000000000004,1.400190144943821,1.1241512657943253,1.704815226708535,-0.7086598508030582,-0.3455518614161686,1.4584389617711306,1.2165040447858841,1.8102372890076968,0.87710371320383,-0.6388266660144698,0.8094561058952274,0.42101812577505426,1.4177044411757036,0,baseline,1.0,0.26712503677931987,1.4177044411757036,0.44314763445175787,0.7371512436237684
2026-09-12 14:38:00,Berbaring,60,1.0,1.0,1,88.6,-7.0,-9.902750764101105,681.6833333333333,32.627580963780055,20.91305650074589,1.0578776427727612,0.9832042590661055,0.01749999999999999,1.30508841096122,-1.5738117721120555,-2.286364346099785,-0.42706698893358896,-0.16751341685705276,-0.3010428174339838,1.2720505043283847,2.275716845618283,-0.09699366426597003,-0.4913078557802604,0.15539499526925438,0.37708826715174326,0.6458593854991758,0,baseline,1.0,0.05554645954250059,0.6458593854991758,-0.7718450556765278,-1.2149926901282857
2026-09-12 14:39:00,Berbaring,60,1.0,1.0,1,92.03333333333333,-1.0,-4.137816060016625,654.3833333333333,22.01085376844386,13.59149784090488,1.2412667757456572,0.9819259541199508,-0.0037833333333333347,1.6064877525060761,-0.22483025315886507,-0.974559483180747,-0.6873535044617224,-0.5987365140996868,0.3358062200975573,0.8684107897776349,1.6141638596585224,0.5849372989782932,-0.6905603429746865,0.6461641198102301,0.3447849455436809,1.164229341422482,0,baseline,1.0,-0.4036397145507499,1.164229341422482,0.5183699559233063,1.290215011599834
2026-09-12 14:40:00,Berbaring,60,1.0,1.0,1,94.91666666666667,7.0,16.94637399277584,631.0666666666667,36.87765694727506,13.932038433598086,1.3486477749893686,0.9913987544668722,-0.0013166666666666702,1.8596046752597664,1.5738117721120555,3.8231259133886737,-0.6752470489395965,0.005113315976804525,0.7087044660783577,1.8933898848032582,3.5436721391666834,0.9685542236879567,-0.6303691591285759,0.7703340160158326,0.4440517438575722,1.4581011653716902,0,baseline,1.0,1.0249790950256235,1.4581011653716902,0.2938718239492082,-0.22449813197409807
2026-09-12 14:41:00,Berbaring,60,1.0,1.0,1,91.83333333333333,-5.0,3.864406779661071,656.9333333333333,24.66924707834492,15.697889310781859,1.2264074661459068,0.9869397651893783,-0.06066666666666667,1.5889305093092883,-1.1241512657943253,0.8463379552262442,-0.6124698189645733,-0.49075967946008,0.28420481458579844,0.9310783072167278,2.724435749262268,0.5807655378433019,-0.6511740707918171,0.6257545607864269,0.3772178462541266,1.1380590293546387,0,baseline,1.0,-0.9623115775865304,1.1380590293546387,-0.32004213601705156,-0.6139139599662597
2026-09-12 14:42:00,Berbaring,60,1.0,1.0,1,91.53333333333333,3.0,-0.6901917199221175,655.7666666666667,21.01441528374069,14.672700351101714,1.1843905164416753,0.9879105156608449,0.00451666666666667,1.5625946445141068,0.6744907594765952,-0.1900561701337273,-0.648916001324171,-0.6392091834713002,0.13829402071609964,0.7938898694260438,1.7464168063046204,0.7752148567621732,-0.6800596622141715,0.6794328294990492,0.35127712859587257,1.2839251571611543,0,baseline,1.0,-0.13718843779068401,1.2839251571611543,0.14586612780651564,0.4659082638235672
2026-09-12 14:43:00,Berbaring,60,1.0,1.0,1,93.21666666666667,4.0,2.7057515976661133,641.95,10.83532358945203,8.303562641563733,1.2444140485571806,0.9868434653113933,0.022000000000000006,1.7103681080870705,0.8993210126354603,0.5826871802902415,-0.8753432879656847,-1.0526566957570227,0.3467356444771582,1.0056672160861884,1.6177154311006503,0.8611820457929626,-0.7956619372970827,0.7533304182691133,0.4144449366858025,1.4539545244241703,0,baseline,1.0,0.21177734666014458,1.4539545244241703,0.17002936726301598,0.02416323945650034
2026-09-12 14:44:00,Berbaring,60,1.0,1.0,1,94.03333333333333,-3.0,-2.1205890525145548,639.1833333333333,14.913867584489397,10.94593802842104,1.148079081596731,0.982491623978858,-0.034583333333333334,1.7820601844739534,-0.6744907594765952,-0.5155415872489881,-0.7814050004894321,-0.886997134065265,0.01219656904316027,0.9393229707983093,1.6594112568600197,0.6046562729982446,-0.7649061795285247,0.6385363961590615,0.3943222236622316,1.2304102637944712,0,baseline,1.0,-0.06634424528787908,1.2304102637944712,-0.22354426062969912,-0.3935736278927151
2026-09-12 14:45:00,Berbaring,60,1.0,1.0,1,92.83333333333333,-2.0,-3.8143928869129544,650.0333333333333,18.1696027275457,13.384154557548227,1.3436619012734368,0.9852522298415095,-0.0247,1.6767167252932267,-0.44966050631773014,-0.9009648783784574,-0.6947247027612162,-0.7547578698966266,0.6913901965479254,0.9447780619958319,1.4875698715299794,0.5731164362644813,-0.7192702631208113,0.6905941445828153,0.37913992633785354,1.2109828723817377,0,baseline,1.0,0.005455091197522632,1.2109828723817377,-0.01942739141273342,0.2041168692169657
2026-09-12 14:46:00,Berbaring,60,1.0,1.0,1,95.4,0.0,2.0338983050848003,630.6666666666666,29.112678038938125,14.5584735649852,1.3952288795414725,0.9818642381392693,0.023266666666666665,1.9020346796520033,0.0,0.4298076661906455,-0.6529768432185785,-0.3102793839832838,0.8704650410931694,0.9204013611993075,1.7000937225945683,0.8042709268677788,-0.6734960439129208,0.7560223082556213,0.39035511061853145,1.3507018501272865,0,baseline,1.0,-0.02437670079652443,1.3507018501272865,0.13971897774554876,0.15914636915828217
2026-09-12 14:47:00,Berbaring,60,1.0,1.0,1,94.76666666666667,0.0,2.6107252014449287,636.1333333333333,30.271912733835826,15.19478054899785,1.1228025140338358,0.9789725448825265,-0.010083333333333335,1.846436742862175,0.0,0.5610640232091557,-0.630355686253285,-0.26319436744593677,-0.07558048439276979,0.8363067080323348,2.216810877699924,0.8003911679418452,-0.6537280907330418,0.6553673017924653,0.35631677271295437,1.274540851094264,0,baseline,1.0,-0.08409465316697273,1.274540851094264,-0.07616099903302254,-0.2158799767785713
2026-09-12 14:48:00,Berbaring,55,0.9166666666666666,1.0,1,93.6,4.0,-0.8103513411409551,641.2181818181818,20.34761876057219,14.913329856454173,1.3894639386189787,0.9780402728980457,-0.06756363636363635,1.744019490880913,0.8993210126354603,-0.217398366278586,-0.6403614546229348,-0.6662926769680204,0.8504453320820635,0.9552408339269709,2.0369399309938823,0.8325523963176896,-0.7001403962178306,0.7670288564805213,0.4060402787161692,1.3915969393628707,0,baseline,1.0,0.11893412589463614,1.3915969393628707,0.1170560882686067,0.19321708730162923
2026-09-12 14:49:00,Berbaring,60,1.0,1.0,1,98.08333333333333,3.0,6.630175048624682,612.05,25.431479891888426,12.216965142298458,1.5112045404789292,0.9963510019377289,-0.005133333333333332,2.1375943592089044,0.6744907594765952,1.4756856323756622,-0.7362191003302826,-0.4597998187959962,1.273209668584372,1.2633548466928368,2.104534956308031,0.9215747176907708,-0.7385988624571209,0.8235454833345918,0.45568364129205297,1.510199650368046,0,baseline,1.0,0.3081140127658659,1.510199650368046,0.11860271100517528,0.0015466227365685814
2026-09-12 14:50:00,Berbaring,60,1.0,1.0,1,97.01666666666667,-6.0,-2.9291469852736496,620.9,19.65783580342903,11.02539441625098,1.4036513381061557,1.0179332976499913,-0.01573333333333333,2.043955728826037,-1.3489815189531904,-0.6995280992546932,-0.7785802704987888,-0.6943098180070331,0.8997134188111695,1.1821296684730151,2.0130330256795332,0.5473234158671649,-0.7660050068749444,0.7174029859156764,0.466502573907136,1.2722493025255295,0,baseline,1.0,-0.08122517821982167,1.2722493025255295,-0.23795034784251645,-0.35655305884769173
2026-09-12 14:51:00,Berbaring,60,1.0,1.0,1,97.71666666666667,5.0,2.085579327591081,611.9166666666666,11.460014001036596,9.911472551321182,1.0134061778023622,1.0170666191581887,0.012616666666666668,2.1054060800147942,1.1241512657943253,0.4415676288136972,-0.8181809695116234,-1.0272834400309447,-0.4554773207488669,1.1419007367627418,2.506041224662087,0.9156556775548863,-0.8102998693383926,0.6953188187535304,0.4607639620841252,1.480129347914087,0,baseline,1.0,-0.04022893171027331,1.480129347914087,0.20788004538855742,0.4458303932310739
2026-09-12 14:52:00,Berbaring,60,1.0,1.0,1,97.23333333333333,1.0,0.6468463462073591,615.5333333333333,17.064649421743347,12.71859708711644,1.2713084648359192,1.0175289992631236,-0.020016666666666665,2.062976075622557,0.22483025315886507,0.11418544353343962,-0.718385734914467,-0.7996381214157474,0.44013094464807206,0.9719972294737746,1.6939986912923264,0.8394220890762543,-0.7647745474715189,0.7488511727710854,0.4124372299401232,1.42140497385183,0,baseline,1.0,-0.1699035072889672,1.42140497385183,-0.058724374062256945,-0.26660441945081437
2026-09-12 14:53:00,Berbaring,60,1.0,1.0,1,102.25,-1.0,-6.226729647124131,587.7666666666667,21.344920934908945,12.224593161578087,1.3281537768698892,1.0136780498666813,0.005616666666666669,2.5033702591419824,-0.22483025315886507,-1.4498895853315659,-0.7359479189260323,-0.6257849268307436,0.6375356745257382,1.2753606651360836,2.5237377334137054,0.7975782551566745,-0.7863867750978505,0.7610425573825792,0.46138397139176923,1.4305929457229334,0,baseline,1.0,0.30336343566230894,1.4305929457229334,0.009187971871103429,0.06791234593336037
2026-09-12 14:54:00,Berbaring,60,1.0,1.0,1,100.85,-3.0,0.8085579327591579,597.5333333333333,21.19119313928941,10.865120683067774,1.424104043933016,1.0191478210347888,0.0015000000000000013,2.380469556764468,-0.6744907594765952,0.15098274593457606,-0.7842781134689971,-0.6320289392217241,0.9707388160612712,1.1619850453111082,2.176678727179661,0.8108680851432518,-0.7877423952090535,0.7907325673971135,0.4703555550834999,1.4575793199870526,0,baseline,1.0,-0.11337561982497535,1.4575793199870526,0.026986374264119206,0.017798402393015778
2026-09-12 14:55:00,Berbaring,60,1.0,1.0,1,97.41666666666667,2.0,3.902750764101261,615.55,15.947397641164645,10.512301107572556,1.216542834291812,1.0198102173222812,0.0006666666666666659,2.079070215219613,0.44966050631773014,0.8550630887852931,-0.796821095391614,-0.8450179041262458,0.24994825205102886,1.0541437015904316,1.85904318554513,0.8867798231620772,-0.7876915468687029,0.7491209789418897,0.42004330059276895,1.4643957945990889,0,baseline,1.0,-0.10784134372067666,1.4643957945990889,0.006816474612036272,-0.020169899652082934
2026-09-12 14:56:00,Berbaring,60,1.0,1.0,1,99.41666666666667,1.0,2.845790497360473,602.3,10.379739064680164,7.594601115377615,1.2596150992052606,1.0189479832905834,-0.026683333333333333,2.25464264718749,0.22483025315886507,0.6145528854623638,-0.9005473645657485,-1.0711613221087517,0.3995238021927449,1.1276545541232061,1.8918821912606363,0.8852836416922446,-0.8378812827430906,0.7729622956305688,0.45237297694979517,1.512575350506542,0,baseline,1.0,0.07351085253277456,1.512575350506542,0.04817955590745315,0.04136308129541688
2026-09-12 14:57:00,Berbaring,60,1.0,1.0,1,100.05,0.0,-0.01833842734085172,600.05,9.480443742743375,9.583707926847449,0.8784281158316614,1.0191623546276274,0.01563333333333334,2.310240583977317,0.0,-0.037176656034142046,-0.8298332304551297,-1.107688295716188,-0.9242109226827288,1.1624941605623964,2.7728566701663686,0.8524519653192573,-0.832239505203382,0.6301941468513941,0.4709487686790361,1.4276674517001116,0,baseline,1.0,0.03483960643919026,1.4276674517001116,-0.08490789880643046,-0.1330874547138836
2026-09-12 14:58:00,Berbaring,60,1.0,1.0,1,99.86666666666666,-1.0,-2.547374270630632,600.2333333333333,12.297673290569314,8.422125823676021,1.397996057659365,1.0200172295774983,0.01551666666666667,2.2941464443802615,-0.22483025315886507,-0.6126561172973459,-0.8711282841699486,-0.9932599574058056,0.8800745239043385,1.1696840789398395,1.903996696518826,0.8013712762624261,-0.8294168494259708,0.7905694409826521,0.4651902120876322,1.4736112808227047,0,baseline,1.0,0.007189918377443094,1.4736112808227047,0.045943829122593094,0.13085172792902355
2026-09-12 14:59:00,Berbaring,60,1.0,1.0,1,102.61666666666666,-1.0,4.539594331758923,586.7166666666667,22.137545120333513,10.686598609029371,1.4799657451540462,0.9959331870273597,0.032066666666666674,2.5355585383360926,-0.22483025315886507,0.9999761765918446,-0.7906246976807966,-0.5935906498280954,1.164727795019722,1.2789048835138521,2.5044972140763524,0.9009240906752723,-0.7970069309159442,0.8232460755932753,0.4851288502885368,1.5362188540208472,0,baseline,1.0,0.10922080457401262,1.5362188540208472,0.06260757319814259,0.01666374407554949
2026-09-12 15:00:00,Berbaring,60,1.0,1.0,1,94.86666666666666,-4.0,-1.1636565712697038,636.05,25.73029935863059,17.819243073958376,1.4376635820058388,0.9854393738217166,-0.02363333333333333,1.8552153644605685,-0.8993210126354603,-0.2977926019061385,-0.5370542135077294,-0.4476625703206324,1.0178265503837067,0.9886086736610139,1.810359143134113,0.6081014435352813,-0.6517520327010736,0.7145819066104603,0.4157190565841644,1.2157375181435928,0,baseline,1.0,-0.2902962098528382,1.2157375181435928,-0.32048133587725447,-0.38308890907539705
2026-09-12 15:01:00,Berbaring,60,1.0,1.0,1,94.11666666666666,6.0,1.828841344818035,635.2,18.942195745504716,13.180622654462194,1.1485065066884699,0.9846542405828355,-0.04023333333333333,1.7893757024726145,1.3489815189531904,0.38314716933146076,-0.7019604038344934,-0.7233772054053441,0.0136808732321711,1.015269131198493,2.2041963975519057,0.8949634390512019,-0.7281591657026026,0.7140769353126961,0.4227306957309743,1.421190500423441,0,baseline,1.0,0.026660457537479032,1.421190500423441,0.20545298227984832,0.5259343181571028
2026-09-12 15:02:00,Berbaring,60,1.0,1.0,1,98.86666666666666,-1.0,-3.1575437621560645,608.2333333333333,24.71215076597393,12.487960303523264,1.5578550475831638,0.9969986176783997,0.034249999999999996,2.206360228396323,-0.22483025315886507,-0.7514995469758807,-0.7265850333894431,-0.48901704628112447,1.4352112554182062,1.1768758430174118,2.037119496123313,0.775238104221303,-0.7456777855763542,0.8087988000263988,0.463298379888591,1.423316677999043,0,baseline,1.0,0.16160671181891884,1.423316677999043,0.002126177575601851,-0.20332680470424647
2026-09-12 15:03:00,Berbaring,60,1.0,1.0,1,94.58333333333333,-4.0,-3.3192553487078693,636.5666666666667,21.289264157353628,11.67207300078239,1.5041293551626633,0.992031750369063,0.016716666666666664,1.8303426032651193,-0.8993210126354603,-0.7882968493770186,-0.7555903959031516,-0.6280455564540132,1.2486399196249987,1.1033890193457438,1.7407350598007105,0.5501857079965667,-0.734603512243627,0.7426497564957389,0.4390222556636383,1.2596093978990175,0,baseline,1.0,-0.07348682367166792,1.2596093978990175,-0.16370728010002544,-0.1658334576756273
2026-09-12 15:04:00,Berbaring,60,1.0,1.0,1,92.63333333333334,0.0,-0.270075020839063,648.35,24.726178400737236,18.183620865949944,1.2266409012311126,0.9901214612309706,-0.033716666666666666,1.6591594820964402,0.0,-0.09445905461736585,-0.5241003289293629,-0.4884472812303395,0.28501545645388215,0.747911359695845,1.407487682425934,0.7155027099870575,-0.6304718458901102,0.6625184965646224,0.33575421314257026,1.2087599126344901,0,baseline,1.0,-0.35547765964989886,1.2087599126344901,-0.05084948526452737,0.11285779483549807
2026-09-12 15:05:00,Berbaring,60,1.0,1.0,1,95.23333333333333,-5.0,-5.5048624617948345,631.8,22.780306689800206,15.278210916647254,0.9236504693971441,0.9882561026086832,-0.0038166666666666666,1.88740364365468,-1.1241512657943253,-1.2856294622419266,-0.6273896785090861,-0.5674833919439781,-0.7671688347671639,1.138936267350841,2.6200821516330164,0.4683715407711318,-0.698525867285311,0.4529136630925008,0.425143012290465,1.0455561460707397,0,baseline,1.0,0.391024907654996,1.0455561460707397,-0.16320376656375046,-0.11235428129922309
2026-09-12 15:06:00,Berbaring,60,1.0,1.0,1,94.28333333333333,2.0,6.073353709363782,637.8833333333333,35.757228339610904,17.730085510323683,1.4675788492826114,1.0121685375561635,-0.0018999999999999985,1.804006738469938,0.44966050631773014,1.348981518953177,-0.54022382706266,-0.04039550096335685,1.121712254317577,1.066778482408181,2.0257998648982145,0.8691146221616558,-0.5836781272707565,0.7712390275229007,0.39372231282457626,1.3586269833548494,0,baseline,1.0,-0.07215778494266001,1.3586269833548494,0.3130708372841098,0.47627460384786025
2026-09-12 15:07:00,Berbaring,60,1.0,1.0,1,96.65,-1.0,2.415671019727799,621.15,18.76511819885367,11.472147553598036,1.3076232143453337,1.0216288820800952,-0.018633333333333335,2.0117674496319267,-0.22483025315886507,0.5166796481479886,-0.7626978849544174,-0.7305696223069044,0.5662399070405584,0.9832583961859712,1.8070508011472919,0.8063567911590853,-0.7634691191237328,0.7516130263631066,0.40904445016467683,1.4019043740973118,0,baseline,1.0,-0.08352008622220974,1.4019043740973118,0.043277390742462396,-0.2697934465416474
2026-09-12 15:08:00,Berbaring,60,1.0,1.0,1,94.75,3.0,1.7421505973882607,631.25,13.708373044436152,11.4979732923028,1.1378607978971782,1.0227595170566397,-0.005350000000000002,1.844973639262443,0.6744907594765952,0.3634207804154004,-0.7617797619357116,-0.9359611019346855,-0.023288107904661987,0.9528740826074341,1.7874967934331323,0.8542295858538524,-0.7706652233941222,0.7109165370692133,0.4028251427064593,1.411135532176877,0,baseline,1.0,-0.030384313578537103,1.411135532176877,0.009231158079565205,-0.03404623266289719
2026-09-12 15:09:00,Berbaring,60,1.0,1.0,1,96.5,-3.0,1.4637399277577776,624.1666666666666,15.956685721321943,11.167446637740413,1.1774702643779655,1.0208513481189234,-0.004666666666666667,1.9985995172343354,-0.6744907594765952,0.30006872370415033,-0.7735302149747758,-0.8446406471223522,0.11426230305210616,0.9886187118064469,2.0807126321393636,0.7360906939277694,-0.7764313740952338,0.6935374427359907,0.41568530106173796,1.3410680975856681,0,baseline,1.0,0.03574462919901278,1.3410680975856681,-0.0700674345912089,-0.0792985926707741
2026-09-12 15:10:00,Berbaring,60,1.0,1.0,1,97.68333333333334,6.0,5.4231731036400195,612.7166666666667,18.47223447035262,11.01078054161435,1.2358888509512824,1.0197715575499495,-0.044333333333333336,2.1024798728153296,1.3489815189531904,1.2010336020826204,-0.7790998039320721,-0.7424657769515932,0.31713048847871156,1.2207564696092097,2.0737586093743277,0.9403672056616237,-0.7757535789024852,0.7646398614280697,0.457914458291234,1.5101138584427192,0,baseline,1.0,0.2321377578027628,1.5101138584427192,0.16904576085705103,0.23911319544825993
2026-09-12 15:11:00,Berbaring,60,1.0,1.0,1,99.98333333333333,1.0,2.575715476521308,601.3,13.053085874514792,9.688364504892506,0.959894947705938,1.019017689587673,-0.00866666666666666,2.304388169578388,0.22483025315886507,0.5530975969161182,-0.8261126161307698,-0.9625771162484922,-0.6413039007189746,1.131883230349297,2.6247856022388723,0.8891447731761722,-0.8196939142273405,0.6704722265775191,0.4552871698623515,1.4557801875080356,0,baseline,1.0,-0.08887323925991275,1.4557801875080356,-0.05433367093468355,-0.22337943179173458
2026-09-12 15:12:00,Berbaring,60,1.0,1.0,1,101.11666666666666,-6.0,3.7560433453737696,596.6166666666667,29.338521947373174,11.096647837087513,1.598598419840156,1.010722996788327,-0.03458333333333334,2.4038792143601846,-1.3489815189531904,0.8216799690811497,-0.7760471617045196,-0.3011062077400885,1.5766993413643324,1.3815715294479791,3.410931229444393,0.7781608314719178,-0.7543092133829629,0.820451880149546,0.5200501273916371,1.4553728359676341,0,baseline,1.0,0.24968829909868218,1.4553728359676341,-0.00040735154040150157,0.05392631939428205
2026-09-12 15:13:00,Berbaring,60,1.0,1.0,1,96.55,4.0,-2.0188941372602316,619.6,24.149393788229617,14.742421207211773,1.6153377277868899,0.9792110125763057,0.02225,2.002988828033532,0.8993210126354603,-0.49240101563587974,-0.6464373762745536,-0.5118747313730434,1.6348293514800198,1.1843257800479838,2.6270502455306444,0.8610988720967445,-0.7084708504814097,0.8306499442993607,0.47232217974857427,1.4684991606926825,0,baseline,1.0,-0.19724574939999528,1.4684991606926825,0.013126324725048377,0.013533676265449879
2026-09-12 15:14:00,Berbaring,60,1.0,1.0,1,97.68333333333334,-5.0,-1.8021672686856467,617.7166666666667,17.40357616344515,11.817826236205732,1.2671776810730335,0.9812188589713767,0.025316666666666668,2.1024798728153296,-1.1241512657943253,-0.4430850433456948,-0.750408766753148,-0.7858718225737457,0.4257861161350682,1.098670688836131,2.0007445733814198,0.6367306894511622,-0.77378347879838,0.696741675627671,0.4476395843979949,1.2999988473174657,0,baseline,1.0,-0.08565509121185277,1.2999988473174657,-0.16850031337521676,-0.18162663810026514
2026-09-12 15:15:00,Berbaring,60,1.0,1.0,1,93.73333333333333,-2.0,-5.00472353431502,643.5,31.626796190700944,14.536919683973805,1.5956174586943372,0.9875953161550407,0.00736666666666667,1.755724319678772,-0.44966050631773014,-1.1718233723414992,-0.6537430987176072,-0.20816262085186021,1.5663474616980813,1.1241358577612734,2.000018812815646,0.5750107279134301,-0.6426905218624651,0.7543638809996989,0.4271759897249203,1.2227970539961952,0,baseline,1.0,0.02546516892514239,1.2227970539961952,-0.07720179332127053,0.09129852005394623
2026-09-12 15:16:00,Berbaring,60,1.0,1.0,1,93.45,0.0,-0.34509585996102654,643.1333333333333,16.624942122154042,13.953311981541777,1.072969048684373,0.9832462562712022,0.030116666666666667,1.7308515584833228,0.0,-0.11152996810242802,-0.6744907594765952,-0.817497857294841,-0.24863541916558007,0.8359970249402496,1.7181436582726513,0.7330270888511473,-0.7266131879223625,0.6369799126814134,0.3669556439422792,1.2671603259386715,0,baseline,1.0,-0.2881388328210238,1.2671603259386715,0.044363271942476246,0.12156506526374677
2026-09-12 15:17:00,Berbaring,60,1.0,1.0,1,92.91666666666667,4.0,2.6057238121700963,644.4833333333333,12.12993449011425,9.633099717613824,0.9895367979215054,0.9830952834148216,0.014100000000000005,1.684032243291889,0.8993210126354603,0.5599259623101437,-0.8280773178535152,-1.0000730593843297,-0.538367682664941,0.9944812629097264,2.1123581157408755,0.8564856966398855,-0.7787817989031048,0.6593843354358251,0.41146278666309366,1.394330723134999,0,baseline,1.0,0.15848423796947675,1.394330723134999,0.1271703971963276,0.08280712525385137
2026-09-12 15:18:00,Berbaring,60,1.0,1.0,1,92.15,-3.0,-1.6888024451235615,653.0,19.43786275480348,13.711927258870007,1.1881639369433532,0.9828629132109172,0.004366666666666665,1.616729477704203,-0.6744907594765952,-0.4172889963015993,-0.6830721546801303,-0.70324453560813,0.15139784631219183,0.8393394077449078,1.4876013509639003,0.5540875622583806,-0.703828260475142,0.6182289615672812,0.3624714966773255,1.1471616632876809,0,baseline,1.0,-0.1551418551648186,1.1471616632876809,-0.24716905984731818,-0.3743394570436458
2026-09-12 15:19:00,Berbaring,60,1.0,1.0,1,92.46666666666667,4.0,1.2703528757989295,647.9833333333333,16.356713924119365,13.667355639240954,0.8385532085653713,0.9840470662736142,-0.02868333333333334,1.6445284460991165,0.8993210126354603,0.2560637022759881,-0.6846567068368078,-0.8283925701565538,-1.062683120585259,0.9885262755489573,2.6585774557803448,0.8374865298756755,-0.7223611068159783,0.568551311666426,0.41631983361399116,1.3113969857452017,0,baseline,1.0,0.14918686780404955,1.3113969857452017,0.16423532245752082,0.411404382304839
2026-09-12 15:20:00,Berbaring,60,1.0,1.0,1,94.1,-1.0,6.648513475965648,638.9333333333333,22.98036499147137,13.020192922104249,1.3148644001555334,0.9851117100582643,0.009416666666666662,1.7879125988728823,-0.22483025315886507,1.4798585223386866,-0.7076637926841387,-0.559357558164088,0.5913861201179402,1.0488539630235985,2.4269928161087106,0.8136995446136923,-0.7097287028643615,0.7425603652065187,0.3747511215374023,1.3629585759087612,0,baseline,1.0,0.06032768747464112,1.3629585759087612,0.051561590163559545,-0.11267373229396127
2026-09-12 15:21:00,Berbaring,60,1.0,1.0,1,98.51666666666667,8.0,5.193109196999194,606.1166666666667,14.653155692594426,9.420496946120434,1.241998000802593,0.9941148366350264,0.007216666666666671,2.175635052801945,1.7986420252709205,1.1486828007283987,-0.8356354946236021,-0.8975865546505771,0.3383455198160271,1.3482333618779516,2.3883467040762336,0.9569587787499007,-0.8072637110585478,0.7770936790885306,0.49960046592365015,1.555930594547519,0,baseline,1.0,0.29937939885435316,1.555930594547519,0.1929720186387578,0.14141042847519825
2026-09-12 15:22:00,Berbaring,60,1.0,1.0,1,102.43333333333334,-3.0,-11.026396221172494,587.45,24.053911905677666,9.68573999868022,0.9050577883931404,1.0131293901525562,0.024716666666666665,2.519464398739038,-0.6744907594765952,-2.542048694742762,-0.8262059191566302,-0.51575295037284,-0.8317349887730325,1.5761266142981223,3.9837134855550396,0.6651817684467932,-0.7958701701661289,0.5630116119756385,0.4778144091980646,1.2732496996626266,0,baseline,1.0,0.22789325242017067,1.2732496996626266,-0.28268089488489245,-0.47565291352365024
2026-09-12 15:23:00,Berbaring,60,1.0,1.0,1,99.6,2.0,0.8168935815504761,602.6166666666667,25.66214099068877,13.990311417524701,1.5095843781057572,1.0101984406103794,0.008199999999999997,2.2707367867845445,0.44966050631773014,0.15287951409958045,-0.6731754037284641,-0.45043098114876273,1.2675833872923836,1.128762826308306,1.9901625050581322,0.8867988506727197,-0.7338415921486834,0.8160471156430827,0.4606027917751534,1.4842585727096984,0,baseline,1.0,-0.44736378798981624,1.4842585727096984,0.21100887304707183,0.4936897679319643
2026-09-12 15:24:00,Berbaring,60,1.0,1.0,1,99.66666666666667,-6.0,-2.4773548207834977,618.1666666666666,108.18254608224083,158.7166220082034,0.9880220960912275,1.0109547199584776,0.07479999999999999,2.2765892011834747,-1.3489815189531904,-0.596723264711295,4.471945852420588,2.901327429383614,-0.5436277348126454,2.4518775070546495,8.363988230524253,0.6398508234709067,0.9915219037202848,-0.293274024370931,0.7371846293320272,1.4219618816788355,0,baseline,1.0,1.3231146807463434,1.4219618816788355,-0.06229669103086288,-0.2733055640779347
2026-09-12 15:25:00,Berbaring,60,1.0,1.0,1,97.15,2.0,2.8257849402612725,617.7666666666667,19.53039063081152,11.268675647451108,1.4665270307681526,1.0126902729432385,-0.0315,2.055660557623896,0.44966050631773014,0.610000641866345,-0.7699314530946747,-0.6994863004628399,1.1180596408953305,1.0902727923008166,1.7353954540034813,0.875698123854495,-0.7655410551000682,0.8097468937918725,0.4408740896491036,1.4842372809276554,0,baseline,1.0,-1.3616047147538328,1.4842372809276554,0.06227539924881986,0.12457209027968275
2026-09-12 15:26:00,Berbaring,60,1.0,1.0,1,97.43333333333334,-2.0,1.0469574881912247,616.2666666666667,13.806000496795376,8.851888623530565,0.9723557345642291,1.0121411462686023,-0.0015166666666666657,2.080533318819345,-0.44966050631773014,0.2052303154537848,-0.8558499169704454,-0.9319957356209738,-0.5980317613672869,1.0433655530093209,2.511412135241994,0.7779590266202369,-0.807507359528416,0.6365786715515747,0.4342648770063652,1.3605538472505165,0,baseline,1.0,-0.04690723929149576,1.3605538472505165,-0.12368343367713885,-0.18595883292595872
2026-09-12 15:27:00,Berbaring,60,1.0,1.0,1,97.21666666666667,4.0,4.329535982217399,616.8833333333333,20.143629742651637,12.210720491242695,1.2403552009544647,1.0119825114744252,-0.07028333333333334,2.061512972022825,0.8993210126354603,0.9521776188336646,-0.7364411020295802,-0.6745781659414797,0.3326406261553318,1.085764494130466,1.8936051088738466,0.9131986940757773,-0.7556471407528321,0.7549614594677456,0.42608709829880287,1.4684861173358084,0,baseline,1.0,0.04239894112114517,1.4684861173358084,0.10793227008529183,0.23161570376243068
2026-09-12 15:28:00,Berbaring,60,1.0,1.0,1,102.88333333333334,1.0,1.5687691025285238,583.0666666666667,10.39045629031295,7.788518276870931,1.216110134288276,1.0123656485135508,-0.023049999999999994,2.558968195931811,0.22483025315886507,0.3239680025832367,-0.8936534742602519,-1.0707260170334507,0.24844562986003715,1.2048940550818872,2.1805867158612293,0.9093016419821666,-0.854064272269151,0.7696792634100098,0.4810562122991979,1.542749657330419,0,baseline,1.0,0.11912956095142113,1.542749657330419,0.07426353999461055,-0.033668730090681276
2026-09-12 15:29:00,Berbaring,60,1.0,1.0,1,101.2,2.0,-0.8569046957487636,593.6333333333333,15.4085235785281,11.11267408969276,1.2818783416635087,1.012441536754317,0.05855,2.411194732358847,0.44966050631773014,-0.22799153343387918,-0.77547741724963,-0.8669055290070972,0.47683658677285473,1.1290333844331117,2.168654318126133,0.8910205959393019,-0.8094658999573567,0.7741628475268352,0.4600571961691631,1.5033740332397962,0,baseline,1.0,-0.07586067064877544,1.5033740332397962,-0.039375624090622674,-0.11363916408523322
2026-09-12 15:30:00,Berbaring,60,1.0,1.0,1,103.05,1.0,-1.6221172547929257,582.1833333333333,12.684558431371196,9.867769826862208,1.360666052570533,1.0124880727457506,0.041866666666666656,2.573599231929133,0.22483025315886507,-0.4021148509815437,-0.8197346318391421,-0.9775457165080055,0.750439918917227,1.226538392462415,2.2307901234884757,0.890142439897414,-0.8366675868811853,0.8004392062349643,0.4861162968407129,1.5392784644684323,0,baseline,1.0,0.09750500802930318,1.5392784644684323,0.03590443122863607,0.07528005531925874
2026-09-12 15:31:00,Berbaring,60,1.0,1.0,1,103.88333333333334,-5.0,-2.2322867463183806,579.4333333333333,14.245268815147686,9.393470505387944,1.223904455341296,1.0147775711077118,0.014233333333333336,2.646754411915749,-1.1241512657943253,-0.5409582806600838,-0.8365963034366178,-0.9141538299870363,0.27551269637788395,1.302122542394172,2.4455118568525536,0.7768298543882909,-0.8390683445795216,0.7369845503562591,0.5048374669949818,1.4510366656601337,0,baseline,1.0,0.0755841499317571,1.4510366656601337,-0.08824179880829863,-0.1241462300369347
2026-09-12 15:32:00,Berbaring,53,0.8833333333333333,1.0,1,94.24528301886792,-11.0,-19.93226898887271,646.6981132075472,41.43789834738817,18.16590212458495,1.1781777808520715,0.9807161568572523,0.0038867924528301874,1.8006664453460208,-2.4731327847475155,-4.568570729230002,-0.5247302425397987,0.1903381394605157,0.11671927080296342,2.256687016746421,3.952500566365376,-0.4110374109671286,-0.5378676514473782,0.09283242672437673,0.5013466252958685,0.8474784137871426,0,baseline,1.0,0.954564474352249,0.8474784137871426,-0.6035582518729911,-0.5153164530646924
2026-09-12 15:34:00,Berbaring,17,0.2833333333333333,1.0,0,94.11764705882354,-1.0,2.352941176470597,641.7058823529412,19.677921339290236,14.454670525473764,,0.9826870404575345,0.011647058823529411,1.7894617673902469,-0.22483025315886507,0.5024055379179726,-0.6566671136529135,-0.6934939971966753,,0.9399232954362418,1.6242659456345225,0.758263030402956,-0.7125932424108931,0.6690221941403709,0.3663996711734203,1.2901904385376333,0,baseline,1.0,-1.3167637213101793,1.2901904385376333,0.44271202475049065,1.0462702766234817
2026-09-12 15:35:00,Berbaring,60,1.0,1.0,1,92.78333333333333,0.0,-4.592942484023239,648.6833333333333,26.999994768779572,15.567785076991198,1.1712043642368182,0.9810707037268,0.016816666666666664,1.67232741449403,0.0,-1.0781230249901321,-0.6170951151948112,-0.39609093461356426,0.09250293045750313,0.8665332692310713,2.0403590606351427,0.6399337993298254,-0.6486071005557141,0.6213481714500377,0.33557651401543886,1.152775600600158,0,baseline,1.0,-0.07339002620517043,1.152775600600158,-0.13741483793747533,-0.580126862687966
2026-09-12 15:36:00,Berbaring,60,1.0,1.0,1,90.96666666666667,-4.0,-7.3153653792719675,664.3166666666667,35.86391022319199,21.757134033597627,1.308216931564979,0.9806514017031398,0.04376666666666666,1.5128491221232085,-0.8993210126354603,-1.697607507681521,-0.39705944408297744,-0.03606236784134122,0.5683016880946893,1.0377287302417058,1.8461059355946403,0.29827911084600955,-0.4853567138283804,0.49650733413008674,0.3449536634300835,0.8306949683151881,0,baseline,1.0,0.17119546101063443,0.8306949683151881,-0.32208063228496986,-0.18466579434749453
2026-09-12 15:37:00,Berbaring,60,1.0,1.0,1,90.11666666666666,0.0,1.3186996387886096,665.8333333333334,24.434045896454734,15.292625895498164,1.309584174461959,0.9822339354199919,0.02655,1.43823083853686,0.0,0.2670649576330214,-0.6268772159596709,-0.5003129231540847,0.5730496647544744,0.7201279538796694,1.185550543197968,0.6810590834886788,-0.6396061075214138,0.6863255580860163,0.3228642028244999,1.2034207548188267,0,baseline,1.0,-0.3176007763620363,1.2034207548188267,0.37272578650363863,0.6948064187886085
2026-09-12 15:38:00,Berbaring,60,1.0,1.0,1,89.43333333333334,0.0,-4.904695748819058,671.5166666666667,23.096328614743644,15.596609801111766,1.070288861872705,0.980198599696879,-0.010133333333333331,1.3782435909478363,0.0,-1.149062154361414,-0.6160703761534436,-0.5546474255709745,-0.2579428103056413,0.8137987260403324,2.0204700612942075,0.5267776442319443,-0.6370240122052323,0.5288176262922275,0.3052684452633204,1.0276824335072774,0,baseline,1.0,0.093670772160663,1.0276824335072774,-0.17573832131154932,-0.548464107815188
2026-09-12 15:39:00,Berbaring,60,1.0,1.0,1,91.01666666666667,7.0,3.842734092803593,656.8833333333333,26.97650683287135,18.22179734013867,1.1736567327324996,0.9850724966070421,-0.03138333333333334,1.5172384329224053,1.5738117721120555,0.8414063579972212,-0.5227431286522911,-0.39704495182469024,0.1010191848877927,0.9939794233024078,1.9957524465414267,0.8922462381356568,-0.5981218014569525,0.6857594074924812,0.40003375273716935,1.3357192845574863,0,baseline,1.0,0.18018069726207542,1.3357192845574863,0.30803685105020895,0.48377517236175827
2026-09-12 15:40:00,Berbaring,60,1.0,1.0,1,93.5,0.0,-4.451236454570638,643.1333333333333,22.934295735948705,13.35055385126749,1.5409593127549084,0.9935027030458609,-0.01253333333333333,1.7352408692825196,0.0,-1.0458779661850137,-0.695919231298571,-0.5612287682544135,1.376538027133993,1.0645076985421602,2.0533445319947026,0.6626372504982234,-0.7014304939107959,0.7721153670825276,0.4138018040677873,1.3032601185759236,0,baseline,1.0,0.07052827523975236,1.3032601185759236,-0.03245916598156273,-0.3404960170317717
2026-09-12 15:41:00,Berbaring,60,1.0,1.0,1,95.31666666666666,0.0,-1.0586273964989459,630.0833333333334,18.615003668598103,11.699630589561508,1.3046983298912576,0.9784957532221614,0.00698333333333333,1.894719161653341,0.0,-0.27389332302704944,-0.7546107044067197,-0.7366668735112458,0.5560827629433417,0.9207172648640007,1.540026936686349,0.7620186498247171,-0.7522623925761346,0.7370871323178242,0.39381186532076173,1.358291704996017,0,baseline,1.0,-0.14379043367815947,1.358291704996017,0.055031586420093426,0.08749075240165616
2026-09-12 15:42:00,Berbaring,60,1.0,1.0,1,94.7,-3.0,4.601278132814722,638.5666666666667,33.334649691522145,19.384599863407207,1.451346316321266,0.9803710584167374,-0.0149,1.8405843284632462,-0.6744907594765952,1.014012261012887,-0.48140468815204646,-0.13879417399336746,1.0653421039954223,1.0211821103785343,2.5828036794082534,0.7452014377207544,-0.5833910259407085,0.7369606683669685,0.40028757116022895,1.2645202403577713,0,baseline,1.0,0.10046484551453361,1.2645202403577713,-0.0937714646382457,-0.14880305105833913
2026-09-12 15:43:00,Berbaring,60,1.0,1.0,1,92.28333333333333,6.0,11.818282856349056,651.6166666666667,51.72551141432481,29.13876793226113,1.5650717310978424,1.0098680658184531,0.003016666666666665,1.6284343065020608,1.3489815189531904,2.6562341382761945,-0.13463721192548816,0.6081935000001559,1.4602723802296311,1.5301171612632045,2.791548493844134,0.9352549365866615,-0.24274501732152218,0.7352013246672551,0.44637549411912825,1.2935992460521646,0,baseline,1.0,0.5089350508846702,1.2935992460521646,0.029079005694393256,0.12285047033263896
2026-09-12 15:44:00,Berbaring,60,1.0,1.0,1,98.11666666666666,3.0,3.4426229508197452,611.1833333333333,18.83153833753876,10.612592456326013,1.57156495636499,1.0101637832644963,0.017216666666666672,2.140520566408369,0.6744907594765952,0.7503614860768801,-0.7932556680123541,-0.727871813707692,1.4828211768503645,1.2218578077504063,1.9954737448121567,0.9037265058368388,-0.7803882197625768,0.8404862077695918,0.47683837380737126,1.5360726776693978,0,baseline,1.0,-0.3082593535127982,1.5360726776693978,0.24247343161723323,0.21339442592283997
2026-09-12 15:45:00,Berbaring,60,1.0,1.0,1,92.53333333333333,-7.0,-4.527924423450884,651.9833333333333,23.458215045210594,15.420655309340505,1.4104193933451485,0.9970010741910066,-0.0050999999999999995,1.6503808604980454,-1.5738117721120555,-1.0633282333030811,-0.6223256810253246,-0.5399485655056436,0.9232166078771755,1.1447321391335532,1.8623802545259656,0.26926083481933943,-0.6681216085545922,0.6044970357173156,0.4401933950224538,1.038303795715685,0,baseline,1.0,-0.0771256686168531,1.038303795715685,-0.4977688819537127,-0.7402423135709459
2026-09-12 15:46:00,Berbaring,57,0.95,1.0,1,99.80701754385964,23.0,16.483808199511536,599.140350877193,46.49709614454097,13.376418482858982,1.719130572983359,0.9626890699376605,-0.035631578947368424,2.2889100736022723,5.171095822653896,3.7178695508848283,-0.6949997256106233,0.39582923888423555,1.9952671402109416,2.8989277240404814,4.627957062892402,0.9976276141827648,-0.6297939427375359,0.8602057355148486,0.7414787725407217,1.6375731875033932,3,tau_in,0.0,1.7541955849069282,1.9187615652889296,0.8804577695732445,1.3782266515269572
2026-09-12 15:56:00,Lainnya,61,1.0,1.0,1,109.42622950819673,-23.0,-24.288148299597818,556.9344262295082,38.00081966329105,11.803954139750516,1.1052741601680829,0.9503033556884671,-0.012327868852459017,1.0650268168903334,-3.8783218669904223,-4.593879860273334,-0.6070818708554859,0.44181674901592727,-0.5165883026024712,2.520251598131778,4.431128380270686,-0.8529317433235221,-0.41069438352957444,-0.3333107714777333,0.6023267642105171,1.1704939285186546,3,falling,0.19941576560005547,-0.3786761259087035,1.4180941975301848,-0.5006673677587448,-1.3811251373319893
2026-09-12 15:57:00,Lainnya,60,1.0,1.0,1,96.91666666666667,1.0,5.559650328060808,620.4833333333333,24.569163300990425,18.410111444253413,1.136543375525811,1.0010436945229324,0.03616666666666667,0.41010434276067265,0.1686226898691488,0.9202220917740016,-0.12988733263592106,-0.26881071228604103,-0.3953321681219432,0.463473358286786,1.2981982444930071,0.3920139896581808,-0.2171485357654942,0.2505250609261324,0.13814380250118774,0.5316718640236212,3,falling,1.0,-2.056778239844992,0.5316718640236212,-0.8864223335065636,-0.38575496574781887
2026-09-12 15:58:00,Lainnya,60,1.0,1.0,1,91.35,-8.0,-6.013642705803417,661.7,21.067526621938843,16.955075236376466,1.2470895527007777,0.9841501420765648,0.044300000000000006,0.11866849067117317,-1.3489815189531904,-1.2178356760947084,-0.23499160116996173,-0.45407149595383184,0.03334510991289544,0.7723849380908636,1.254605045385394,-0.4793208173703502,-0.26036224357740817,-0.11327000833084239,0.2765726078141002,0.6219802617652778,3,tau_out,1.0,0.30891157980407763,0.6219802617652778,0.09030839774165655,0.9767307312482202
2026-09-12 15:59:00,Lainnya,60,1.0,1.0,1,91.11666666666666,6.0,-0.9341479491801116,656.6666666666666,27.030846576951056,14.804946493586733,1.3264429635749704,0.984961511698431,0.012183333333333334,0.10645261663149352,1.011736139214893,-0.27944647351692725,-0.3903057490526948,-0.1385706518095547,0.3410627085277145,0.48320055894300007,1.8648702129805845,0.30964508620950576,-0.2641843024363384,0.36601919364318847,0.2267691235253395,0.5925096712857332,0,baseline,1.0,-0.28918437914786355,0.5925096712857332,-0.02947059047954459,-0.11977898822120114
2026-09-12 16:00:00,Lainnya,60,1.0,1.0,1,88.71666666666667,-14.0,-14.024672070388823,689.6666666666666,43.7491565697554,32.04340276900924,1.0515950436156412,0.9829675452364612,0.0050666666666666655,-0.019196373490924734,-2.3607176581680833,-2.6977985104805975,0.8549109181861131,0.7459435039271505,-0.7247458179419202,1.5633315949813917,2.3810586789020234,-0.8087632058501009,0.5787134608664155,-0.7202004525963264,0.45539644989140216,1.309611320743129,0,baseline,1.0,1.0801310360383916,1.309611320743129,0.7171016494573959,0.7465722399369404
2026-09-12 16:01:00,Lainnya,60,1.0,1.0,1,85.78333333333333,5.0,0.9253250369402153,696.8166666666667,24.836067039463,20.208237957722396,1.1120905555688991,0.983502717786856,0.007399999999999999,-0.17276736141832558,0.8431134493457441,0.0640737890810683,0.0,-0.25468965967966817,-0.49015560360641053,0.4183128093067921,1.4067333277666048,0.16597332779146423,-0.029110715318402144,0.009264837886178283,0.2044097310741716,0.2650731119208325,0,baseline,1.0,-1.1450187856745997,0.2650731119208325,-1.0445382088222965,-1.7616398582796924
2026-09-12 16:02:00,Lainnya,60,1.0,1.0,1,87.3,1.0,5.091893453216258,691.1,35.05767644847704,20.311973591614397,1.3902763570614505,0.9831058439041509,-0.03386666666666666,-0.09336418016040825,0.1686226898691488,0.8338083790295779,0.0074933241263064375,0.28610412991843004,0.5885965994934861,0.439837957777976,1.043153540713297,0.12367141243233401,0.09404148828837465,0.13321918249214354,0.1414950222426654,0.2488103930221332,0,baseline,1.0,0.02152514847118392,0.2488103930221332,-0.01626271889869929,1.0282754899235973
2026-09-12 16:03:00,Lainnya,60,1.0,1.0,1,85.8,-4.0,3.847887491010943,703.2166666666667,29.64998737626088,19.212019542860514,1.1236700992941049,0.9832365829620996,0.013866666666666668,-0.17189479898691992,-0.6744907594765952,0.6039898992774937,-0.0719616510072818,0.0,-0.4452523114993482,0.4188710034283648,1.8518791789093183,-0.2034135514919622,-0.005199901389193707,-0.1955178502052046,0.16927854925798214,0.32906924634912693,0,baseline,1.0,-0.02096695434961121,0.32906924634912693,0.08025885332699373,0.09652157222569302
2026-09-12 16:04:00,Lainnya,60,1.0,1.0,1,89.21666666666667,2.0,3.7564295212951646,672.6666666666666,21.61345050976019,15.547630480536963,1.1070059034934618,0.982653183270172,0.0094,0.006980499451245831,0.3372453797382976,0.5870938937920929,-0.3366581100607788,-0.42518834885698814,-0.5098729277794823,0.41080340618744204,0.8868729255589005,0.19071299621299417,-0.2847605681287159,0.1581960275727497,0.16701520968011607,0.4127712338448719,0,baseline,1.0,-0.008067597240922764,0.4127712338448719,0.08370198749574498,0.0034431341687512496
2026-09-12 16:05:00,Lainnya,60,1.0,1.0,1,89.43333333333334,2.0,7.882637718392857,670.8666666666667,32.60626261290798,20.690618524231077,1.083287998771101,0.9816674091245644,-0.0173,0.01832381105951984,0.3372453797382976,1.3493723103010586,0.03484467006625775,0.15640739382112745,-0.6018465002439463,0.6221967097501695,1.6280415715923264,0.30376084650882273,0.054547457365971684,0.016696512205055664,0.14651265393770574,0.34203919111781994,0,baseline,1.0,0.21139330356272745,0.34203919111781994,-0.07073204272705197,-0.15443403022279695
2026-09-12 16:06:00,Lainnya,60,1.0,1.0,1,87.81666666666666,10.0,12.915019945847984,684.2666666666667,57.287223607891534,29.545712930006832,1.5118976358913223,0.9803148136841722,-0.005900000000000003,-0.06631474478683204,1.6862268986914881,2.2790579132501754,0.6744907594765952,1.4622008254924188,1.0602210381874357,1.3999346091693219,2.496197295227139,0.6702812521649608,0.6350195190116474,0.2273925948060389,0.436124716253237,1.0461543417819388,0,baseline,1.0,0.7777378994191524,1.0461543417819388,0.7041151506641188,0.7748471933911707
2026-09-12 16:07:00,Lainnya,60,1.0,1.0,1,88.58333333333333,-9.0,-6.413797699889731,689.0833333333334,53.77394355679819,31.732462125438246,1.3567858637119328,0.9818739362750121,-0.0202,-0.026176872942170564,-1.5176042088223392,-1.2917605729200365,0.8324501789116462,1.2763240269645206,0.45872676684977365,1.04122201521933,2.1378416970555967,-0.5806499062102598,0.6539470201583646,-0.5279386679675823,0.3884401966278276,1.0928888517354536,0,baseline,1.0,-0.3587125939499918,1.0928888517354536,0.0467345099535148,-0.657380640710604
2026-09-12 16:08:00,Lainnya,60,1.0,1.0,1,85.65,-5.0,-7.982896600829204,705.15,39.49418536906543,21.633307652783937,1.2357263550011395,0.9801849173927004,-0.008816666666666669,-0.17974786086957065,-0.8431134493457441,-1.581636936016647,0.10293964308147216,0.5208261170093249,-0.010719233008188679,0.7666698871917895,1.4605339648112468,-0.5292054611145983,0.21915938005005506,-0.3916474687256974,0.20259931024573608,0.7228578520073868,0,baseline,1.0,-0.2745521280275406,0.7228578520073868,-0.37003099972806675,-0.41676550968158155
2026-09-12 16:09:00,Lainnya,60,1.0,1.0,1,86.68333333333334,5.0,2.8105021644378176,690.4,30.257762696369845,24.405473128871478,1.3238589341563969,0.9796825326898971,0.011366666666666667,-0.12564899012241826,0.8431134493457441,0.41234265166502043,0.30318649813715226,0.03215551538254558,0.3310423285758795,0.42801858851762686,1.2435044528948092,0.24085209812769576,0.19729963772642176,0.08991879361982029,0.19389614174756342,0.37764796232751674,0,baseline,1.0,-0.33865129867416266,0.37764796232751674,-0.3452098896798701,0.02482111004819665
2026-09-12 16:10:00,Lainnya,60,1.0,1.0,1,89.48333333333333,-3.0,-2.4155971007951687,674.6166666666667,22.97094086653364,16.7777091828333,1.386974370877288,0.9811947210836437,0.005000000000000003,0.020941498353736748,-0.5058680696074465,-0.5531303642682449,-0.2478036048984632,-0.3533677259974419,0.575792118273886,0.42428492586955263,1.0617588390794472,-0.21957748871442676,-0.22491044075641756,0.1175456392578492,0.1785979626062575,0.3801489043348972,0,baseline,1.0,-0.003733662648074232,0.3801489043348972,0.0025009420073804356,0.34771083168725053
2026-09-12 16:11:00,Lainnya,60,1.0,1.0,1,87.61666666666666,5.0,0.8193059234838869,682.0166666666667,18.709638290778138,16.991024549868595,0.960030072637599,0.9825181818584084,-0.000999999999999995,-0.07678549396370042,0.8431134493457441,0.044487748322868274,-0.23239480922867786,-0.5788200864187585,-1.0798175492789557,0.615597465858823,1.8133382307845303,0.21401487196115174,-0.2516420190144601,0.04012622342288555,0.2861124638291417,0.43885820821626126,0,baseline,1.0,0.1913125399892704,0.43885820821626126,0.05870930388136408,0.05620836187398365
2026-09-12 16:12:00,Lainnya,60,1.0,1.0,1,86.98333333333333,-4.0,-0.5978063223001927,694.5333333333333,29.655346027699604,19.846017403490833,1.701527479998556,0.9801660385943837,-0.06083333333333333,-0.10994286635711607,-0.6744907594765952,-0.21731050012508246,-0.02616493403696993,0.0002835097001580389,1.795569898577227,0.7894095912742097,2.3965295080056035,-0.28710872251541464,0.007668586648067951,0.19447746357365384,0.3492555655058903,0.4922307991587822,0,baseline,1.0,0.1738121254153867,0.4922307991587822,0.05337259094252095,-0.005336712938843136
2026-09-12 16:13:00,Lainnya,60,1.0,1.0,1,88.03333333333333,-1.0,2.914682262133107,682.7,21.72891535976576,15.03667832053523,1.2572961112981176,0.9813089380208893,0.006999999999999998,-0.054971433178558037,-0.1686226898691488,0.43158895144184056,-0.37356664384306104,-0.4190794601975543,0.07292422399375334,0.2995057224850672,0.9986330766747177,-0.016081366008395742,-0.29061442073866406,0.1640812699025063,0.12423382104616976,0.3564716781155497,0,baseline,1.0,-0.48990386878914255,0.3564716781155497,-0.1357591210432325,-0.18913171198575346
2026-09-12 16:14:00,Lainnya,60,1.0,1.0,1,85.1,-3.0,0.11968618594077918,709.8166666666667,29.174223395567246,21.408061209408075,1.444521694546246,0.9809757388948503,0.018000000000000002,-0.20854242110595886,-0.5058680696074465,-0.08476046219348339,0.08666900834210876,-0.025171203063843673,0.7989498130854725,0.39854792507726294,1.3718471336826406,-0.27213933559789916,0.08289299199967518,-0.03546294003153994,0.1954477351691215,0.3469704647383461,0,baseline,1.0,0.09904220259219576,0.3469704647383461,-0.00950121337720361,0.1262579076660289
2026-09-12 16:15:00,Lainnya,60,1.0,1.0,1,83.75,0.0,-1.5155933643839434,717.8166666666667,32.47658435047391,26.146588071804135,1.2592665426385257,0.982590247550304,0.01991666666666667,-0.2792199780498191,0.0,-0.38686308199047226,0.4289556106306753,0.149546517400984,0.0805651860346547,0.27095038485191497,0.8259526336709817,-0.20849788589548804,0.3177623911048158,-0.26672078471234617,0.11359950552414522,0.47800536636782426,0,baseline,1.0,-0.12759754022534797,0.47800536636782426,0.13103490162947817,0.14053611500668178
2026-09-12 16:16:00,Lainnya,60,1.0,1.0,1,88.75,-2.0,5.941640039440333,680.1333333333333,44.572723538233774,35.16956503974347,0.9363152903261468,0.9807582469012094,0.0031999999999999997,-0.01745124862811346,-0.3372453797382976,0.9907911223231421,1.080728665542146,0.7895158890623597,-1.171779013621335,0.8426230755481842,2.5998128998557712,0.03782880759556729,0.6613841207084447,-0.5207084263933957,0.3329373208551677,0.90600469024431,0,baseline,1.0,0.5716726906962692,0.90600469024431,0.4279993238764857,0.29696442224700753
2026-09-12 16:17:00,Lainnya,60,1.0,1.0,1,82.66666666666667,2.0,7.354107533369887,724.75,37.10161264712019,20.348655891978947,1.366227805287441,0.9803576815609019,-0.02773333333333334,-0.3359365360911884,0.3372453797382976,1.2517312962582179,0.010143063237326593,0.39424248253305827,0.4953408399673507,0.6047467245292693,1.4222848612729477,0.10379306471596526,0.16966975752341196,0.06275341762687948,0.16232671131215648,0.26428919677213386,0,baseline,1.0,-0.2378763510189149,0.26428919677213386,-0.641715493472176,-1.0697148173486617
2026-09-12 16:18:00,Lainnya,59,0.9833333333333333,1.0,1,88.40677966101696,6.0,4.60467796422222,675.6101694915254,23.928065291441072,18.314305695369626,1.1443337685184782,0.9802907899427581,-0.0008474576271186459,-0.03542011903756921,1.011736139214893,0.7437998691075025,-0.1368078430007312,-0.30272922826672893,-0.36512248970282796,0.5510261109286178,1.0659368225629764,0.3761862474819647,-0.14285867168979474,0.209310558978349,0.2226365023087653,0.5052747917041225,0,baseline,1.0,-0.0537206136006515,0.5052747917041225,0.24098559493198862,0.8827010884041646
2026-09-12 16:19:00,Lainnya,61,1.0,1.0,1,89.55737704918033,-2.0,-2.311438737252705,670.8688524590164,20.455215642826538,18.057316153478254,1.2252769798965655,0.9816687599854576,-0.03504918032786884,0.02481796423752281,-0.3372453797382976,-0.5338880796731144,-0.15537143452867147,-0.48646697904817227,-0.05123994382303679,0.3323659617889868,0.8223220430479034,-0.16605490684952137,-0.20891315041084968,0.013323256776728284,0.12840879695136276,0.29645449028311993,0,baseline,1.0,-0.21866014913963094,0.29645449028311993,-0.20882030142100255,-0.4498058963529912
2026-09-12 16:20:00,Lainnya,60,1.0,1.0,1,90.93333333333334,4.0,2.399957723718878,659.3666666666667,27.961212036159548,18.353866262443482,1.288568554696888,0.9824970449488887,-0.008283333333333332,0.09685442988603153,0.6744907594765952,0.33649840163471034,-0.13395019283190382,-0.08934788832254066,0.19419287621015197,0.3269011858826124,0.7359007290949937,0.29687761295888,-0.11487116933293935,0.25924646138188995,0.14996169451328412,0.43706857606147653,0,baseline,1.0,-0.005464775906374397,0.43706857606147653,0.1406140857783566,0.34943438719935915
2026-09-12 16:21:00,Lainnya,60,1.0,1.0,1,87.13333333333334,-4.0,-10.655782202010498,695.1166666666667,49.14664726970811,31.735933758524006,1.3929557546430282,0.9894956167101739,0.007116666666666666,-0.1020898044744646,-0.6744907594765952,-2.075427580175423,0.832700951678758,1.0315080694615983,0.5989867992398413,1.0715210925987764,2.2493609025322643,-0.5152202837254508,0.626892667755622,-0.4686701231959277,0.3018164391566136,0.9844750910863914,0,baseline,1.0,0.744619906716164,0.9844750910863914,0.5474065150249149,0.4067924292465583
2026-09-12 16:22:00,Lainnya,60,1.0,1.0,1,87.01666666666667,4.0,7.1373686279454285,688.5166666666667,29.287292128600566,24.51426426679726,0.8644145208000845,0.9886687791421771,-0.0030999999999999995,-0.10819774149430479,0.6744907594765952,1.21169080830149,0.31104500565248017,-0.01918908555422513,-1.450596671153344,0.8302797791219759,1.8156695422821203,0.3136531930602683,0.18573587446962564,-0.21629388485770362,0.3059693331441776,0.5227584700733492,0,baseline,1.0,-0.24124131347680045,0.5227584700733492,-0.4617166210130422,-1.0091231360379571
2026-09-12 16:23:00,Lainnya,60,1.0,1.0,1,88.46666666666667,-1.0,6.411781050291823,685.9833333333333,75.14201056274999,34.07742928157401,1.55095442636934,0.9905788567581002,-0.024866666666666662,-0.03228480996201001,-0.1686226898691488,1.0776452819217477,1.0018384431677085,2.406842467861335,1.211675923908125,1.255356838381644,3.685147078421591,0.09303352819598841,0.820772051850628,-0.15662116876432505,0.4748020410745417,0.9655512245247985,0,baseline,1.0,0.4250770592596681,0.9655512245247985,0.4427927544514493,0.9045093754644915
2026-09-12 16:24:00,Lainnya,60,1.0,1.0,1,91.6,0.0,6.97011777635857,656.7666666666667,30.81952202505917,16.03069090362164,1.4437778568884734,0.983094411391699,-0.028700000000000003,0.13175692714225845,0.0,1.180792775963451,-0.3017643306818172,0.061876466756022916,0.7960653505867911,0.5972495177104746,1.6621537937815503,0.2445287293989085,-0.17503163100318378,0.37133545828874415,0.17562375032508815,0.5090816197957257,0,baseline,1.0,-0.6581073206711694,0.5090816197957257,-0.4564696047290727,-0.899262359180522
2026-09-12 16:25:00,Lainnya,60,1.0,1.0,1,91.38333333333334,4.0,6.301371387552576,655.6833333333333,25.42419218033483,17.475891383875588,1.1326425652039795,0.9780863396330676,-0.04691666666666667,0.12041361553398519,0.6744907594765952,1.0572481282009636,-0.19737054409435553,-0.22357377460099226,-0.41045877669065245,0.5544708588281182,0.9315195587379507,0.40294677162339176,-0.1863275980685731,0.23739257367652725,0.1735679784657963,0.5325083583843413,0,baseline,1.0,-0.042778658882356435,0.5325083583843413,0.023426738588615548,0.47989634331768827
2026-09-12 16:26:00,Lainnya,60,1.0,1.0,1,90.76666666666667,1.0,-1.813837176993531,661.7666666666667,22.88094956743152,17.797352688303516,1.1165746553365363,0.9816169540855676,-0.008416666666666666,0.08812880557197443,0.1686226898691488,-0.4419608401136673,-0.1741498468491683,-0.35812888774065743,-0.4727671083010961,0.31979756362099815,0.9717369741010842,0.03275180572121931,-0.2001995226751971,0.03355720434145971,0.13464813085541594,0.24578188453067273,0,baseline,1.0,-0.23467329520712005,0.24578188453067273,-0.28672647385366856,-0.3101532124422841
2026-09-12 16:27:00,Lainnya,60,1.0,1.0,1,90.1,-5.0,0.24555073310312248,670.9,19.33531063334995,18.01505961359429,0.7132498173370679,0.9806582879530745,-0.010883333333333333,0.05322630831574676,-0.8431134493457441,-0.061508162958312844,-0.15842382778956773,-0.5457176948435392,-2.0367849525708555,0.9299512027673831,2.5617574023026934,-0.2287649177978489,-0.23001735449153382,-0.3856399874269729,0.39900551982668453,0.6427791033762524,0,baseline,1.0,0.6101536391463849,0.6427791033762524,0.3969972188455797,0.6837236926992483
2026-09-12 16:28:00,Lainnya,60,1.0,1.0,1,91.93333333333334,3.0,4.861254737355766,652.4,17.378342258714348,15.590631693750241,1.2118914735485617,0.9815864530985295,-0.009616666666666662,0.14920817577037265,0.5058680696074465,0.7912000309497453,-0.33355192546111684,-0.6492548484457429,-0.1031464192256044,0.49118750688987595,0.9554814580990211,0.3385951634468276,-0.35888799301708496,0.3478418656692164,0.18346150127393623,0.63095115674935,0,baseline,1.0,-0.43876369587750713,0.63095115674935,-0.011827946626902452,-0.40882516547248215
2026-09-12 16:29:00,Lainnya,60,1.0,1.0,1,90.15,-1.0,2.349961547562713,666.8166666666667,24.246258957751145,24.379763767434913,0.8787688852755718,0.9818940042030502,0.0018833333333333352,0.05584399560996441,-0.1686226898691488,0.3272620751646521,0.3013293872187854,-0.28589458396128437,-1.3949331462036516,0.6133278384278034,1.5908407708403374,0.02920839145880315,0.08289803690751142,-0.29908638554787326,0.27954063632390636,0.4187133244013085,0,baseline,1.0,0.12214033153792742,0.4187133244013085,-0.2122378323480415,-0.20040988572113905
2026-09-12 16:30:00,Lainnya,60,1.0,1.0,1,92.66666666666667,9.0,0.6440184974570393,644.9666666666667,25.36043005213789,14.463864968621232,1.3725108879274386,0.9867832361810067,-0.029650000000000003,0.18760092275222287,1.5176042088223392,0.012105033936409921,-0.41494370926145263,-0.2269472319070458,0.5197054524090735,0.6870517032811296,2.3315626823450852,0.5081833162054366,-0.31174404445243953,0.5041844961021553,0.31360634947149524,0.8414187902939542,0,baseline,1.0,0.07372386485332627,0.8414187902939542,0.4227054658926457,0.6349432982406872
2026-09-12 16:31:00,Lainnya,60,1.0,1.0,1,91.95,-19.0,-14.189010916070554,668.2666666666667,46.562102385213166,20.82168035681453,1.5313278103929968,0.9881048325403976,-0.020149999999999994,0.15008073820177828,-3.2038311075138273,-2.7281585769322363,0.0443118970478557,0.8947677806730424,1.1355675995066628,1.8175988699811838,3.2664666094370993,-0.8585568127604821,0.2146561583741114,-0.3479887935427896,0.5446725060701458,1.09588384711404,4,tau_in,0.0,1.1305471667000542,1.483563752039483,0.6421449617455289,0.21943949585288325
2026-09-12 16:32:00,Lainnya,60,1.0,1.0,1,94.1,31.0,35.63584890919198,633.65,74.35048128826477,21.624295814928296,1.479988892667874,0.9758070583737155,0.021233333333333337,0.26264129185311125,5.227303385943613,6.4765188014649855,0.10228867465825563,2.3649650981832093,0.9364849349580066,3.554797318287046,6.101772428902321,0.9907186418723437,0.5334619448325704,0.4126394554169406,0.7278566407934339,1.402195308668454,4,peak,0.0,1.737198448305862,1.722251922237807,0.2386881701983239,-0.40345679154720504
2026-09-12 16:33:00,Lainnya,60,1.0,1.0,1,97.06666666666666,-25.0,-22.09966620388147,633.6833333333333,51.759381911101,24.26338526271179,1.7641056314714398,0.9807875572595176,0.0053,0.41795740464332337,-4.21556724672872,-4.189578238349775,0.29292280768090784,1.1697397912379228,2.0382361971629224,2.617465796176788,4.446544387527759,-0.9306509913479152,0.353948861644175,-0.2902897788628699,0.6621736990929484,1.2305012100110901,4,falling,0.36689075700874957,-0.9373315221102576,1.3838209932645593,-0.33843092897324767,-0.5771190991715716
2026-09-12 16:34:00,Lainnya,60,1.0,1.0,1,86.06666666666666,1.0,1.3408379312098822,698.9333333333333,34.18933656073597,27.450108826310164,1.0319832332246093,0.975106397327215,0.006033333333333335,-0.157933800084429,0.1686226898691488,0.14083591448853713,0.5231151887082564,0.24016294788338124,-0.8007967290689195,0.41749542812635065,0.9095918141247272,-0.015150236609816826,0.3621348970502199,-0.35194865025452793,0.2026749232325139,0.544349327412275,4,falling,1.0,-2.1999703680504377,0.544349327412275,-0.8394716658522843,-0.5010407368790366
2026-09-12 16:35:00,Lainnya,60,1.0,1.0,1,87.01666666666667,-2.0,-6.019669869572168,691.9333333333333,34.1322784088395,23.583605336715717,1.4374188340131206,0.9775457450764106,-0.0555,-0.10819774149430479,-0.3372453797382976,-1.2189491382939537,0.24381903177543304,0.2371441772615705,0.7714062561989955,0.6220973788101554,1.545726777605384,-0.3306204978048001,0.21177222836231607,-0.14304689622530684,0.18492422155347654,0.45696473880496263,4,tau_out,1.0,0.2046019506838047,0.45696473880496263,-0.08738458860731241,0.7520870772449719
2026-09-12 16:36:00,Lainnya,60,1.0,1.0,1,86.06666666666666,2.0,-2.768433016448287,697.45,33.31586124009841,28.06620502324423,1.13701342937792,0.9777611794065162,-0.017233333333333337,-0.157933800084429,0.3372453797382976,-0.6183135034178234,0.5676187823472372,0.1939500659519473,-0.3935093877146847,0.415460882283854,1.3947726740508732,-0.07827653887466,0.37331088252412914,-0.3158900541321029,0.16534718976407237,0.5221249381245827,0,baseline,1.0,-0.20663649652630134,0.5221249381245827,0.06516019931962008,0.1525447879269325
2026-09-12 16:37:00,Lainnya,60,1.0,1.0,1,89.95,0.0,-0.6189802902381658,667.2166666666667,23.021796353556617,21.4736732784076,1.0964592516255012,0.9795593315319093,-0.02131666666666667,0.04537324643309604,0.0,-0.22122219288996106,0.09140848388358834,-0.3506771192203173,-0.5507708595820687,0.2845102466679215,0.7781101387170177,-0.008227857718892173,-0.046435843364085065,-0.08890442920985332,0.13737309586888158,0.17029195575043152,0,baseline,1.0,-0.1309506356159325,0.17029195575043152,-0.35183298237415117,-0.41699318169377125
2026-09-12 16:38:00,Lainnya,60,1.0,1.0,1,92.45,9.0,9.062816239061844,647.2166666666667,29.13853041596745,16.99551286743412,1.1919838284722413,0.9712925322911578,0.01346666666666667,0.17625761114394886,1.5176042088223392,1.5673992665186895,-0.23207059644818545,-0.027059608394886754,-0.18034452160678055,0.9016690885445591,1.3791235116274028,0.6568954412578591,-0.16804605315769636,0.3949479250471084,0.29386167591799894,0.8379078975636811,0,baseline,1.0,0.6171588418766376,0.8379078975636811,0.6676159418132496,1.0194489241874007
2026-09-12 16:39:00,Lainnya,60,1.0,1.0,1,91.98333333333333,-17.0,-12.568491247568703,665.2,47.71163380141157,27.669967810680006,0.8909101797687481,0.9722366983729436,0.005650000000000001,0.15182586306458956,-2.86658572777553,-2.4287827074121022,0.53899666135322,0.9555859381619979,-1.3478514903005583,1.691139447890782,3.5957734113088535,-0.8146795691115106,0.46602423174778196,-0.7504381828328861,0.5278023321281875,1.312483962933378,0,baseline,1.0,0.7894703593462229,1.312483962933378,0.4745760653696969,-0.1930398764435527
2026-09-12 16:40:00,Lainnya,60,1.0,1.0,1,88.16666666666667,16.0,15.571165576667203,675.8833333333333,57.18868314820676,23.615206247282593,1.431780562341651,0.9754376094397104,0.010933333333333335,-0.0479909337273122,2.697963037906381,2.769756004272882,0.2461017176441149,1.4569873540625018,0.749542099384952,1.717461672105599,3.0385311558278083,0.8331834466188394,0.4693223997462483,0.3364039194270446,0.5073927380014837,1.1336106731174267,0,baseline,1.0,0.026322224214817114,1.1336106731174267,-0.1788732898159513,-0.6534493551856482
2026-09-12 16:41:00,Lainnya,60,1.0,1.0,1,89.08333333333333,-7.0,-2.0085155792809974,677.6333333333333,28.962843915672643,24.15206065532101,1.1353414276810874,0.9735457704227947,-0.042083333333333334,0.0,-1.1803588290840417,-0.4779258562096963,0.28488129547227364,-0.03635463860723956,-0.39999309574136194,0.5573947700881012,1.3899968346755647,-0.4018024303203827,0.14653353708584263,-0.36408177132219793,0.24872427941088304,0.6142772776847816,0,baseline,1.0,-1.1600669020174978,0.6142772776847816,-0.5193333954326451,-0.3404601056166938
2026-09-12 16:42:00,Lainnya,60,1.0,1.0,1,89.2,3.0,1.911115726078655,673.05,28.966623107246864,26.560452313894128,0.9674752194888556,0.9780107656060323,0.007033333333333334,0.0061079370198401945,0.5058680696074465,0.24618940943543813,0.4588510168080469,-0.03615469325115523,-1.0509466704450825,0.5216782785157025,1.2952884511681733,0.18972144502607663,0.2374856625574043,-0.23214896832054763,0.24450483289454383,0.4539487013134803,0,baseline,1.0,-0.035716491572398756,0.4539487013134803,-0.16032857637130127,0.35900481906134385
2026-09-12 16:43:00,Lainnya,60,1.0,1.0,1,88.08333333333333,-6.0,-12.254361889009482,690.2166666666667,52.45436811613764,34.5052194528817,1.2958968555131127,0.9730389759629534,0.007199999999999999,-0.05235374588434113,-1.011736139214893,-2.370750243080824,1.0327397862394052,1.2065093652356067,0.2226106481024136,1.2395280997420606,2.4020430024615163,-0.5966492223716992,0.7064719049631389,-0.5864215624179799,0.34567652256395753,1.148248820674184,0,baseline,1.0,0.7178498212263581,1.148248820674184,0.6943001193607038,0.8546286957320051
2026-09-12 16:44:00,Lainnya,60,1.0,1.0,1,91.28333333333333,3.0,2.8618378089977923,656.4,21.034435044163146,17.406408327034548,1.2314093614802268,0.9728960447479523,0.01365,0.11517824094555063,0.5058680696074465,0.42182643240908696,-0.20238963971909088,-0.4558222691474659,-0.027459721726399485,0.3407334280020852,0.7584599652692203,0.2714073118797078,-0.24332516373140314,0.27069249157528236,0.1487393953633731,0.4777728508140445,0,baseline,1.0,-0.8987946717399753,0.4777728508140445,-0.6704759698601396,-1.3647760892208434
2026-09-12 16:45:00,Lainnya,60,1.0,1.0,1,93.11666666666666,3.0,1.7654904140039491,645.5166666666667,29.18525961047929,19.537013979987762,1.290663715786417,0.9766443436457024,0.022016666666666667,0.21116010840017577,0.5058680696074465,0.21928649349193063,-0.04848573858189116,-0.02458731101257439,0.20231751675273954,0.2557555609527648,0.700589332121708,0.29203673463674423,-0.0749054383686803,0.23764974789385246,0.12297604570715248,0.4031089053423102,0,baseline,1.0,-0.08497786704932042,0.4031089053423102,-0.07466394547173433,0.5958120243884053
2026-09-12 16:46:00,Lainnya,60,1.0,1.0,1,94.33333333333333,-2.0,3.697878034507547,640.0833333333334,24.26219187959447,16.40690222674488,1.361616301077154,0.9779313451587885,-0.022000000000000002,0.2748571658927909,-0.3372453797382976,0.5762770536083851,-0.2745887760687901,-0.2850516222672654,0.47745829420203506,0.388586325955053,1.3571306322159933,0.13559900403384822,-0.27036555638796544,0.3083962864601187,0.1558255378449328,0.45921072692501413,0,baseline,1.0,0.1328307650022882,0.45921072692501413,0.05610182158270394,0.13076576705443826
2026-09-12 16:47:00,Lainnya,60,1.0,1.0,1,89.86666666666666,-1.0,2.3166632112075525,672.4333333333333,39.745532385826316,25.05485507265736,1.2378845268224774,0.9750866110048138,0.019516666666666665,0.04101043427606712,-0.1686226898691488,0.321110518603098,0.35009448147896677,0.5341241115089415,-0.0023502487018536022,0.3003019781658602,1.0516133906246115,0.020132788884176585,0.30758957001527515,-0.15725542881403473,0.13755368999153483,0.3723801287558318,0,baseline,1.0,-0.08828434778919281,0.3723801287558318,-0.08683059816918232,-0.14293241975188625
2026-09-12 16:48:00,Lainnya,60,1.0,1.0,1,93.26666666666667,9.0,11.947486025225087,641.2333333333333,41.51469687348295,21.300513242801912,1.1453960113635173,0.9789537458247128,-0.02318333333333333,0.21901317028282724,1.5176042088223392,2.1003150603204808,0.07890030107470851,0.6277251413877083,-0.3610033117894876,1.1024971774540222,2.177979605250161,0.7117816193177884,0.15525795824172736,0.22971384651074597,0.3158538895379184,0.8266016198937897,0,baseline,1.0,0.802195199288162,0.8266016198937897,0.45422149113795784,0.5410520893071402
2026-09-12 16:49:00,Lainnya,60,1.0,1.0,1,93.23333333333333,-13.0,-25.68391860041495,656.5833333333334,63.381356309908796,19.380664836158882,1.3328376547822265,0.9781424110228951,0.017400000000000002,0.217268045420016,-2.1920949682989344,-4.851735383769579,-0.05977958976517916,1.784622568132212,0.36586011799634893,2.2990623785833324,5.0538988276502534,-0.852680180040384,0.35383710887506725,-0.5301922065035964,0.4723528039377143,1.1646824186342561,0,baseline,1.0,1.1965652011293102,1.1646824186342561,0.3380807987404665,-0.11614069239749136
2026-09-12 16:50:00,Lainnya,60,1.0,1.0,1,90.53333333333333,4.0,3.998450732550332,664.0333333333333,29.833416974285427,26.193219461584174,1.0644367833962232,0.9757222563990351,0.006033333333333336,0.07591293153229478,0.6744907594765952,0.6318050515584258,0.432324020356168,0.009704693602621073,-0.6749479669890226,0.5004050324096375,1.1311100985956417,0.32646829210291006,0.2212991987535629,-0.07699390706646825,0.2093242837590028,0.45309998743559843,0,baseline,1.0,-1.798657346173695,0.45309998743559843,-0.7115824311986577,-1.0496632299391242
2026-09-12 16:51:00,Lainnya,60,1.0,1.0,1,88.3,-9.0,5.7271581925483295,686.4,48.07663374098073,25.162185779862984,1.5270493741673492,0.9788067688307187,0.020516666666666662,-0.04101043427606712,-1.5176042088223392,0.9511676048443696,0.3578474950541742,0.9748969578482533,1.1189766287257066,0.9609120499671859,3.717117537466275,-0.32315128416427297,0.420864748260947,-0.18331758368259857,0.3820974700277815,0.6790859311417273,0,baseline,1.0,0.4605070175575484,0.6790859311417273,0.2259859437061289,0.9375683749047866
2026-09-12 16:52:00,Lainnya,60,1.0,1.0,1,84.65,11.0,15.436145255944405,704.1833333333333,44.51185013296894,21.127939570825987,1.3990279291832068,0.9801866832905596,-0.0016500000000000006,-0.23210160675391178,1.8548495885606369,2.74481226140758,0.06643447413303485,0.7862952651662949,0.6225335497486022,1.4164835748167341,2.1792213126950135,0.6860848307020422,0.2724728974561201,0.3381420948898901,0.3778548908229352,0.8955826425422273,0,baseline,1.0,0.4555715248495482,0.8955826425422273,0.21649671140049997,-0.009489232305628925
2026-09-12 16:53:00,Lainnya,60,1.0,1.0,1,89.03333333333333,-2.0,3.217560433453816,678.5833333333334,30.554364811587032,21.983815310205376,1.107745769817992,0.9739584924805323,0.006033333333333336,-0.0026176872942169074,-0.3372453797382976,0.48754286404176145,0.12825849820646845,0.04784781739417041,-0.5070038653639884,0.32332437742027026,1.2310479848024514,-0.029473373568544788,0.08283740411840324,-0.161738810097346,0.1302582283044198,0.22551577329157788,0,baseline,1.0,-1.0931591973964638,0.22551577329157788,-0.6700668692506494,-0.8865635806511494
2026-09-12 16:54:00,Lainnya,60,1.0,1.0,1,88.0,-1.0,0.3935304629448086,683.2,23.649846812131532,21.041927475029627,1.332889539702054,0.9745564737662217,0.007616666666666665,-0.056716558041369304,-0.1686226898691488,-0.03417029032782174,0.060221406468590366,-0.3174489088709734,0.366061317954331,0.21261048276082378,1.0829061733012202,-0.08668832267704372,-0.034882982913355044,0.044689540373295825,0.1097034085604699,0.1508763754007051,0,baseline,1.0,-0.11071389465944648,0.1508763754007051,-0.07463939789087279,0.5954274713597766
2026-09-12 16:55:00,Lainnya,60,1.0,1.0,1,86.15,0.0,0.6690708088854279,697.4666666666667,30.766736752464993,27.83181937084828,1.234488434688166,0.9755784732645361,-0.03113333333333334,-0.1535709879274001,0.0,0.016733214428842156,0.5506879785523988,0.05908376098348569,-0.01551965509198103,0.23482371012682904,0.9225572546579375,-0.08177107218214553,0.3349234369120425,-0.22819635486997275,0.12064254838804411,0.4306836631407055,0,baseline,1.0,0.022213227366005256,0.4306836631407055,0.2798072877400004,0.3544466856308732
2026-09-12 16:56:00,Lainnya,60,1.0,1.0,1,89.53333333333333,1.0,4.713816534018243,672.15,25.075360990692825,16.653497622146748,1.0323460392101416,0.9728205059874991,0.0013833333333333267,0.023559185647953656,0.1686226898691488,0.7639622002818439,-0.25677600376988396,-0.24202935565754818,-0.7993898357117066,0.47891598511252587,1.3262631199419963,0.17627798909129958,-0.20356222511653074,0.04899489004376003,0.18050207857566325,0.3278612641850216,0,baseline,1.0,0.24409227498569683,0.3278612641850216,-0.1028223989556839,-0.3826296866956843
2026-09-12 16:57:00,Lainnya,60,1.0,1.0,1,84.28333333333333,3.0,3.4139270868888056,710.8833333333333,45.94583829355141,34.04881839210144,1.0770676695879822,0.9772613386845013,-0.027066666666666666,-0.25129798024483724,0.5058680696074465,0.523819768765298,0.9997717409139475,0.8621631506008847,-0.6259677665857,0.674307645646168,1.3597159554856637,0.09185980312794227,0.6727088957078861,-0.4175001066425393,0.29550095353981487,0.8500603710235523,0,baseline,1.0,0.1953916605336421,0.8500603710235523,0.5221991068385307,0.6250215057942146
2026-09-12 16:58:00,Lainnya,60,1.0,1.0,1,89.41666666666667,-5.0,-2.113720916499329,677.0833333333334,39.40975172560018,29.94231742670156,1.1183455618102858,0.9792870614208542,-0.014916666666666668,0.017451248628114206,-0.8431134493457441,-0.49736155941039517,0.7031394111711351,0.5163589936638683,-0.46589986615648854,0.5681266998492774,1.342258078261518,-0.3076431464408022,0.4717556591530183,-0.4791260580641878,0.25220275129132974,0.7812590574002578,0,baseline,1.0,-0.10618094579689052,0.7812590574002578,-0.06880131362329445,-0.5910004204618251
2026-09-12 16:59:00,Lainnya,60,1.0,1.0,1,85.05,-2.0,-11.773084193890401,710.3666666666667,44.250813136899936,21.274238419717474,1.131091487417886,0.9791457378310982,-0.024616666666666665,-0.21116010840017577,-0.3372453797382976,-2.281838685105028,0.07700234413989056,0.7724846037840502,-0.41647356454089657,1.011700126554643,2.9388559771528726,-0.5076712931261952,0.27077917961075465,-0.4710683417430766,0.19438728632707614,0.7685982732567601,0,baseline,1.0,0.4435734267053656,0.7685982732567601,-0.012660784143497694,0.05614052947979675
2026-09-12 17:00:00,Lainnya,60,1.0,1.0,1,86.66666666666667,-1.0,-6.204527212619428,696.7333333333333,47.60425371488783,25.167910696232997,1.3322643600646538,0.9774283149414918,-0.0024833333333333326,-0.12652155255382388,-0.1686226898691488,-1.2530998054457556,0.3582610333181922,0.9499047893727147,0.3636369889355235,0.68039233458805,1.7874366254273577,-0.2987427949554935,0.42994081778943277,-0.31676625913330086,0.21784105034361334,0.6495321011923741,0,baseline,1.0,-0.331307791966593,0.6495321011923741,-0.11906617206438597,-0.10640538792088827
2026-09-12 17:01:00,Lainnya,60,1.0,1.0,1,85.85,0.0,-5.056404556821276,705.7166666666667,52.46599921326504,32.44264822311541,1.4831275119497431,0.9836589200667498,-0.004616666666666667,-0.16927711169270301,0.0,-1.0409948707903793,0.8837503389456816,1.2071247306679003,0.9486559100647245,0.8416687664230201,2.0718627972098584,-0.24421506598944992,0.6759937056513207,-0.3062333410878611,0.3282825924179975,0.8474413302494462,0,baseline,1.0,0.1612764318349701,0.8474413302494462,0.1979092290570721,0.31697540112145806
2026-09-12 17:02:00,Lainnya,60,1.0,1.0,1,84.25,6.0,11.304806890803071,714.4166666666666,51.36519023970983,25.07345141981245,1.4782213042983106,0.9758254496210709,-0.010466666666666664,-0.25304310510764855,1.011736139214893,1.9815860942796604,0.35143778514011254,1.1488843271647557,0.9296305597971978,1.1046855487133243,2.098395750680945,0.4313751881573638,0.48623712896201804,0.1545046993671466,0.3376925031798108,0.7486113994385913,0,baseline,1.0,0.2630167822903041,0.7486113994385913,-0.0988299308108549,-0.296739159867927
2026-09-12 17:03:00,Lainnya,60,1.0,1.0,1,85.43333333333334,2.0,4.914698527368774,703.6166666666667,37.92592765774577,20.46245010761858,1.3842050192415631,0.9780311848092978,0.001183333333333334,-0.19109117247784466,0.3372453797382976,0.8010732718715216,0.018362967136254155,0.4378544442683288,0.5650530936286027,0.4660664081450839,0.9894446902399744,0.11571381338632357,0.15648506264309128,0.09033946113443155,0.16629659375030537,0.27146461421303275,0,baseline,1.0,-0.6386191405682404,0.27146461421303275,-0.4771467852255586,-0.3783168544147037
2026-09-12 17:04:00,Lainnya,60,1.0,1.0,1,85.78333333333333,1.0,5.149763823284325,703.8666666666667,59.21734361916899,30.665776209130506,1.4512000466748989,0.9770139083320015,-0.04033333333333333,-0.17276736141832558,0.1686226898691488,0.8444993892624845,0.7553983211075898,1.5643175150968345,0.8248472062421612,0.8630903985476903,2.162354879682189,0.08205476122068933,0.6863922747950584,-0.16586940655558463,0.3516861578244652,0.7931350152236099,0,baseline,1.0,0.39702399040260644,0.7931350152236099,0.521670401010577,0.9988171862361357
2026-09-12 17:05:00,Lainnya,60,1.0,1.0,1,88.93333333333334,-5.0,-1.6337871631007714,680.6166666666667,29.412952102983972,17.943886169039793,1.337483893634688,0.973402118700723,-0.03135,-0.007853061882650723,-0.8431134493457441,-0.4086982821120792,-0.16356502825485614,-0.012540804346407254,0.3838773581693899,0.4187697977820975,1.0037295295171786,-0.3082024404951746,-0.09127064173978391,-0.042511380773264926,0.1897217616694984,0.37566027034676036,0,baseline,1.0,-0.4443206007655928,0.37566027034676036,-0.4174747448768495,-0.9391451458874265
2026-09-12 17:06:00,Lainnya,60,1.0,1.0,1,90.15,7.0,16.219505418171753,667.8666666666667,54.125549800837476,16.75496384834423,1.7168404018027252,0.9781500042252724,-0.01373333333333334,0.05584399560996441,1.1803588290840417,2.8895307330636846,-0.24944660988424563,1.294926427579895,1.8549505285141805,1.5772155264803698,3.402167368283585,0.6741170525661323,0.17359128850684,0.5691598715623103,0.4364067090601512,0.999480620680287,0,baseline,1.0,1.1584457286982723,0.999480620680287,0.6238203503335267,1.041295095210376
2026-09-12 17:07:00,Lainnya,60,1.0,1.0,1,86.51666666666667,0.0,-1.2886913031397154,695.7833333333333,46.729692105702824,26.440851802992213,1.3419554591892824,0.9749816521749857,-0.025666666666666667,-0.13437461443647536,0.0,-0.34494504594238107,0.45021169625602775,0.903634435268684,0.4012172481545855,0.46855534464830734,1.1544737043643591,-0.12499072785675236,0.4624316504038549,-0.23817537120660986,0.21711785966967223,0.5773503146117959,0,baseline,1.0,-1.1086601818320625,0.5773503146117959,-0.4221303060684911,-1.0459506564020178
2026-09-12 17:08:00,Lainnya,60,1.0,1.0,1,88.36666666666666,4.0,10.637983967331236,683.5666666666667,58.54170371151089,32.09070830196856,1.3021329460162288,0.9775821623098462,0.04258333333333333,-0.03752018455044457,0.6744907594765952,1.858396788768241,0.8583280245181659,1.528571493952266,0.2467930338779395,1.0835242486703225,2.6522260571113634,0.43046772211503825,0.697146563651895,-0.09700871980907018,0.34538271088315986,0.8944359673506821,0,baseline,1.0,0.6149689040220152,0.8944359673506821,0.3170856527388862,0.7392159588073773
2026-09-12 17:09:00,Lainnya,60,1.0,1.0,1,87.78333333333333,-14.0,-18.94762838080958,701.9833333333333,71.27019289633098,31.306846600508916,1.4711181563965336,0.9749179463613332,0.019783333333333326,-0.06805986964964332,-2.3607176581680833,-3.6072686975375468,0.8017059210146549,2.2019965512673094,0.9020858885491527,2.0369621011684758,3.9016412693505362,-0.8582699570167385,0.7637066195067951,-0.6117229402724443,0.537360905590857,1.4081323866416116,0,baseline,1.0,0.9534378524981533,1.4081323866416116,0.5136964192909295,0.19661076655204324
2026-09-12 17:10:00,Lainnya,60,1.0,1.0,1,91.61666666666666,9.0,-0.6985273687134296,651.15,35.75567988540837,17.539785283651856,1.3452991291849807,0.9750091661488856,-0.011316666666666666,0.13262948957366408,1.5176042088223392,-0.23591777249272797,-0.19275518018559712,0.32303333633847875,0.41418337135334693,0.6695051994443053,2.5836961452498763,0.4564674493643015,-0.05173667774578074,0.3472813680480506,0.3043362347378026,0.6513555929912864,0,baseline,1.0,-1.3674569017241704,0.6513555929912864,-0.7567767936503251,-1.2704732129412546
2026-09-12 17:11:00,Lainnya,60,1.0,1.0,1,88.4,6.0,-2.930814115031914,676.7166666666667,35.249277750344106,18.303005217723125,1.4958566598131473,0.9740106982989032,0.015483333333333332,-0.03577505968763256,1.011736139214893,-0.6483118943827723,-0.1376241308915004,0.29624116313721505,0.9980171507447212,0.6516563056305618,2.447405872130131,0.18446181920613522,0.00552197460475366,0.289499913683546,0.2783114217107746,0.44195486469302003,0,baseline,1.0,-0.01784889381374355,0.44195486469302003,-0.2094007282982664,0.5473760653520587
2026-09-12 17:12:00,Lainnya,60,1.0,1.0,1,88.05,-6.0,-6.8171070368378945,687.7833333333333,32.98540594944555,22.06807649071391,1.6078493825501239,0.9751432631410345,-0.021583333333333333,-0.054098870747152396,-1.011736139214893,-1.3662682051205568,0.13434508883233773,0.1764666969663056,1.4323038603304519,0.9123147262030799,2.0445283878168627,-0.49163594166416263,0.12811827128921457,-0.05435043349616869,0.3266062793735074,0.6064204992590304,0,baseline,1.0,0.2606584205725181,0.6064204992590304,0.16446563456601038,0.37386636286427677
2026-09-12 17:13:00,Lainnya,60,1.0,1.0,1,84.9,-7.0,-4.007408754653679,719.1666666666666,44.83346459981203,31.046984623909744,1.3561031288884675,0.9731781717764098,-0.017249999999999995,-0.2190131702828265,-1.1803588290840417,-0.8472026962793324,0.7829348397024463,0.8033108934645421,0.4560792496472615,0.7773105106149086,1.518272581700997,-0.5382192890011035,0.5884191370231041,-0.48418410574352566,0.3170146543153114,0.9853170165856175,0,baseline,1.0,-0.13500421558817122,0.9853170165856175,0.37889651732658713,0.21443088276057676
2026-09-12 17:14:00,Lainnya,60,1.0,1.0,1,83.41666666666667,-2.0,-4.002778549597064,725.6333333333333,49.37060357312985,28.69595140640303,1.1490036784682764,0.9724381410941183,-0.006500000000000003,-0.29667122667793255,-0.3372453797382976,-0.8463473091514723,0.6131083946369823,1.0433569059007033,-0.3470134574675583,0.6458800078097544,1.5902413515976683,-0.37247600014152193,0.5766192338924667,-0.5309053964879654,0.25835637795082433,0.9054483252091614,0,baseline,1.0,-0.13143050280515423,0.9054483252091614,-0.07986869137645614,-0.45876520870304327
2026-09-12 17:15:00,Lainnya,60,1.0,1.0,1,84.98333333333333,24.0,18.97360377882752,700.8,75.35043553685155,30.847080459605184,0.9989608292795373,0.9859458641488517,-0.007433333333333338,-0.21465035812579833,4.046944556859572,3.3983246758286896,0.7684947997554016,2.417869589626707,-0.9288513990638397,2.424592342234071,5.4988077688406545,0.9225331426604546,0.7894874447341685,-0.11212173193784422,0.6634846480096799,1.3882150357985366,0,baseline,1.0,1.7787123344243165,1.3882150357985366,0.48276671058937515,0.5626354019658313
2026-09-12 17:16:00,Lainnya,60,1.0,1.0,1,103.51666666666667,-7.0,-3.167812499128952,583.2166666666667,19.190474037535154,9.99406603601374,1.1423079125159517,1.004472235598387,-0.019816666666666663,0.7556390655973237,-1.1803588290840417,-0.6920951317559485,-0.7378187997661948,-0.5533805518740668,-0.3729783781563845,0.7564117619069184,1.7006732225314447,-0.04229518493123872,-0.6013589750094254,0.22876834762594478,0.31908293886889894,0.7194236430959668,0,baseline,1.0,-1.6681805803271526,0.7194236430959668,-0.6687913927025697,-1.1515581032919449
2026-09-12 17:17:00,Lainnya,60,1.0,1.0,1,80.1,-20.0,-9.255904417893783,773.7833333333333,36.69484407816586,22.337169752284485,1.090667517343819,0.9828339585366663,0.036516666666666656,-0.4703111505276645,-3.3724537973829762,-1.816813237512552,0.15378299028915593,0.37272161364716444,-0.5732301155275997,1.6013853850403073,3.6828320069175295,-0.9126112781767043,0.26532058240443684,-0.6425521705443178,0.5403826292334717,1.2681250073834367,0,baseline,1.0,0.8449736231333889,1.2681250073834367,0.5487013642874699,1.2174927569900396
2026-09-12 17:18:00,Lainnya,60,1.0,1.0,1,77.85,3.0,8.647402056126749,773.6833333333333,58.82363518601324,25.63333370067517,1.4929854743518973,0.984375883794238,0.008366666666666666,-0.5881070787674321,0.5058680696074465,1.490655377108101,0.39188077705789376,1.5434876176664682,0.9868832336820463,1.0274311801353544,2.4944760222460904,0.05185328527297787,0.6163067061919238,-0.11259329156252561,0.36454326199389253,0.7266992214532577,0,baseline,1.0,-0.5739542049049529,0.7266992214532577,-0.541425785930179,-1.0901271502176488
2026-09-12 17:19:00,Lainnya,60,1.0,1.0,1,74.86666666666666,-4.0,-0.13003612114470792,808.9666666666667,32.69321531577486,17.45065682800546,1.4530448363735713,0.9791126775139911,-0.025133333333333334,-0.7442957539890498,-0.6744907594765952,-0.13089432546921084,-0.19919335752137057,0.16100779282069264,0.8320009536333707,0.5452636011358708,2.0782905264341323,-0.558976998313599,0.0793873432515799,-0.18262816921443167,0.2571160948142698,0.6466988242724592,0,baseline,1.0,-0.4821675789994836,0.6466988242724592,-0.08000039718079854,0.46142538874938044
2026-09-12 17:20:00,Lainnya,60,1.0,1.0,1,76.73333333333333,6.0,-0.09532881371066286,778.6166666666667,48.5627644435063,30.14962686336267,1.532426693808395,0.9800099398735125,0.02958333333333334,-0.6465687616716126,1.011736139214893,-0.12448247466373696,0.7181143695828316,1.000616632151886,1.1398288626586661,0.8439281954004841,2.311226123837916,-0.07064646478890722,0.6494985092648845,-0.16654790233413463,0.3695993182931602,0.76888301865703,0,baseline,1.0,0.29866459426461334,0.76888301865703,0.12218419438457084,0.2021845915653694
2026-09-12 17:21:00,Lainnya,60,1.0,1.0,1,77.71666666666667,-6.0,-5.4998610725201065,784.0166666666667,28.918055861386325,20.39815545000851,1.3200615477705175,0.980273108125788,-0.002166666666666667,-0.5950875782186771,-1.011736139214893,-1.1229193192016975,0.013718654560271527,-0.038724236254442136,0.31631677857364987,0.675824325169354,1.6153759849824796,-0.663621135643352,0.1163523556563908,-0.3502441934328724,0.23813196567697814,0.7958069555174724,0,baseline,1.0,-0.16810387023113016,0.7958069555174724,0.026923936860442366,-0.09526025752412848
2026-09-12 17:22:00,Lainnya,60,1.0,1.0,1,77.56666666666666,4.0,7.081967213114833,771.6,43.20004708095363,28.386855396856376,1.3820594047918477,0.9795167985207468,-0.0064166666666666695,-0.6029406401013286,0.6744907594765952,1.201455914483207,0.590780902156507,0.7168918165195384,0.5567328044470017,0.7566239577937375,1.325296132399217,0.050904226113764446,0.554420067978214,-0.16409015139536298,0.27060930857844356,0.6404122326185416,0,baseline,1.0,0.0807996326243835,0.6404122326185416,-0.15539472289893075,-0.18231865975937311
2026-09-12 17:23:00,Lainnya,60,1.0,1.0,1,80.66666666666667,5.0,-2.8207835509863526,743.8166666666667,55.83252550220885,24.475515264394886,1.424731859752636,0.9805862911774399,-0.036250000000000004,-0.44064402785987067,0.8431134493457441,-0.6279847756040265,0.30824597870601833,1.385237240814691,0.7222085568170017,0.7994639164688958,2.7039115241841056,-0.08342355624399117,0.5398709176017832,-0.1958085571067643,0.3395001553046173,0.6723254003060408,0,baseline,1.0,0.04283995867515833,0.6723254003060408,0.03191316768749919,0.18730789058642994
2026-09-12 17:24:00,Lainnya,60,1.0,1.0,1,79.71666666666667,-10.0,-3.258085415705881,771.6333333333333,52.810170652004004,35.48501712945854,1.0144577451097498,0.9895048001984704,0.026783333333333336,-0.49038008644999487,-1.6862268986914881,-0.7087722097449626,1.1035152882856545,1.2253337786934426,-0.8687572749086822,1.0847518834398842,2.579605260211441,-0.7073663666305555,0.766316870053973,-0.7549115285693364,0.43595155430801713,1.3592475475938512,0,baseline,1.0,0.28528796697098835,1.3592475475938512,0.6869221472878104,0.6550089796003112
2026-09-12 17:25:00,Lainnya,60,1.0,1.0,1,75.21666666666667,1.0,1.4634659792310885,797.7166666666667,28.959405642057693,21.540659228538015,1.4360104753803011,0.9959947068046444,-0.0015166666666666675,-0.7259719429295299,0.1686226898691488,0.16349030074343832,0.09624720147178357,-0.03653654704685029,0.7659449063753975,0.4433711753073334,1.8402498491270207,-0.3132763787826041,0.18677761842724988,-0.12124136095941619,0.21343267398249455,0.43963728479180003,0,baseline,1.0,-0.6413807081325508,0.43963728479180003,-0.9196102628020513,-1.6065324100898617
2026-09-12 17:26:00,Lainnya,60,1.0,1.0,1,78.13333333333334,2.0,2.0105584884690724,768.8333333333334,42.1647964123767,20.848119046969444,1.6625229310452958,0.9821337398415657,0.0033666666666666628,-0.5732735174335347,0.3372453797382976,0.2645605307718659,0.046221690889883246,0.6621199004893713,1.6443175956613507,0.7806715921907706,2.0306253203270788,-0.17269457033023505,0.2964350072546586,0.07072397865984272,0.3452353552682582,0.4918195399049252,0,baseline,1.0,0.33730041688343726,0.4918195399049252,0.05218225511312519,0.9717925179151765
2026-09-12 17:27:00,Lainnya,60,1.0,1.0,1,77.41666666666667,0.0,-2.999166435120807,775.3,29.21301079998431,15.886781628400215,1.3276971116792564,0.9797946698927447,-0.02263333333333333,-0.6107937019839793,0.0,-0.6609393469574446,-0.3121595902812202,-0.023119081271273476,0.3459260589332827,0.4138342475581875,1.8434507579598178,-0.4095558470125917,-0.0552524757782399,-0.12502404648691828,0.15790229156542301,0.45973141483196617,0,baseline,1.0,-0.36683734463258316,0.45973141483196617,-0.03208812507295905,-0.08427038018608424
2026-09-12 17:28:00,Lainnya,60,1.0,1.0,1,78.43333333333334,0.0,-5.79494303973319,770.1833333333333,39.41413824740192,32.644463802445166,1.0855051080559324,0.9819278991862367,0.0213,-0.5575673936682326,0.0,-1.177432955926513,0.8983284495998333,0.5165910709868607,-0.5932489675420874,0.7214608374284055,1.7243058183370845,-0.44886421655234016,0.625957823196757,-0.6105526041085044,0.25522759853797483,1.0154889909602693,0,baseline,1.0,0.307626589870218,1.0154889909602693,0.5557575761283031,0.5878457012012621
2026-09-12 17:29:00,Lainnya,60,1.0,1.0,1,79.1,5.0,2.2039455404279638,752.6666666666666,29.91494534178961,18.85268492320283,1.0391806745858572,0.9811514533976848,-0.006299999999999999,-0.5226648964120056,0.8431134493457441,0.300286981958757,-0.0979181200996802,0.014018107768442438,-0.7728864055244722,0.5293595210844819,1.827181699308625,0.010511001956034936,0.05412958027108606,-0.17669344291673073,0.2457715619630122,0.30767633328215294,0,baseline,1.0,-0.19210131634392358,0.30767633328215294,-0.7078126576781164,-1.2635702338064196
2026-09-12 17:30:00,Lainnya,60,1.0,1.0,1,80.15,-1.0,-1.6672070266447152,752.75,45.07869766365093,25.444522569966985,1.678936108474508,0.9845938936960935,-0.04645,-0.46769346323344685,-0.1686226898691488,-0.4148722896864285,0.3782420403194282,0.8162854175948846,1.7079648099211564,0.8312463052360728,2.0572762598836807,-0.35403461981140216,0.46654362454836756,-0.10928683442494382,0.3596504966077261,0.6959134698513467,0,baseline,1.0,0.30188678415159087,0.6959134698513467,0.3882371365691938,1.0960497942473102
2026-09-12 17:31:00,Lainnya,60,1.0,1.0,1,78.8,-10.0,-10.086135037510372,778.0666666666667,42.92874137635754,32.810188578797764,1.0645546868757503,0.9791688601095244,0.008766666666666666,-0.5383710201773079,-1.6862268986914881,-1.9701905882976483,0.910299547846194,0.7025378694788,-0.6744907594765953,1.210509395043688,1.7259677659789125,-0.7995994789006002,0.6549814356832919,-0.732878440584692,0.39073201962294424,1.3259495946604956,0,baseline,1.0,0.37926308980761525,1.3259495946604956,0.6300361248091488,0.24179898823995505
2026-09-12 17:32:00,Lainnya,60,1.0,1.0,1,76.26666666666667,2.0,-1.97388163378708,789.9,52.14507143130855,45.74542674187891,0.8823980912855419,0.9827963900826452,0.026566666666666666,-0.6710005097509719,0.3372453797382976,-0.4715275583372983,1.8446740589987225,1.1901454327465268,-1.380859768059428,1.118954616490157,2.253375250437302,-0.32623214326530275,0.8949602593626363,-0.7387980580347685,0.45323660169485547,1.2878770379231692,0,baseline,1.0,-0.09155477855353111,1.2878770379231692,-0.038072556737326346,-0.6681086815464752
2026-09-12 17:33:00,Lainnya,60,1.0,1.0,1,78.58333333333333,0.0,7.770491803278729,769.15,49.671403292888215,43.05534475375162,0.9951615212366718,0.983214759162564,-0.019516666666666672,-0.5497143317855818,0.0,1.3286544001744498,1.6503564893546907,1.059271290206439,-0.9435844008903407,1.0648624395892434,2.4004711250696587,-0.10268154788428611,0.8571381026045086,-0.6148098486229249,0.3946266061211028,1.1309069525981232,0,baseline,1.0,-0.0540921769009135,1.1309069525981232,-0.15697008532504597,-0.11889752858771963
2026-09-12 17:34:00,Lainnya,60,1.0,1.0,1,77.5,0.0,-2.690747429841578,783.65,56.03292766803148,33.27135480931694,1.5592034645991228,0.9822528152844465,-0.04001666666666667,-0.6064308898269511,0.0,-0.6039618170473233,0.9436118043171463,1.3958399005683804,1.2436641422718568,0.9235800871811832,1.9863563350699822,-0.40040508050069784,0.7570349322729252,-0.3695131781336939,0.3858434681852009,1.0093766828730937,0,baseline,1.0,-0.1412823524080602,1.0093766828730937,-0.12153026972502956,0.03543981560001641
2026-09-12 17:35:00,Lainnya,60,1.0,1.0,1,80.05,-2.0,-7.867185329258087,761.2833333333333,61.79575205264042,29.496337031995765,1.4764469033500065,0.9960818825218702,-0.023600000000000003,-0.4729288378218814,-0.3372453797382976,-1.5602603595929192,0.6709241007119746,1.7007331432110384,0.9227497667376828,1.0774899865631025,2.5829249730299457,-0.5337135398840057,0.7107892959886358,-0.4620594350582184,0.37873572280601253,1.0709861041130502,0,baseline,1.0,0.15390989938191924,1.0709861041130502,0.0616094212399565,0.18313969096498606
2026-09-12 17:36:00,Lainnya,60,1.0,1.0,1,74.0,0.0,0.3400944706863605,815.65,40.710980070554484,28.617879915316188,1.088442480652722,0.9913877603451614,0.014166666666666671,-0.789669000422145,0.0,-0.04404209068729128,0.6074689150696544,0.5852029672146222,-0.581858389219574,0.5284500948840416,1.2678550250888112,-0.4144102698795407,0.5637698861055723,-0.5746049833111856,0.2511948317262954,0.9395967680836144,0,baseline,1.0,-0.5490398916790609,0.9395967680836144,-0.1313893360294358,-0.1929987572693923
2026-09-12 17:37:00,Lainnya,60,1.0,1.0,1,74.66666666666667,5.0,11.072251903910868,802.85,63.27685334695085,26.01466340094384,1.4810132357056474,0.9895387025878885,0.0039999999999999975,-0.7547665031659174,0.8431134493457441,1.938623733028926,0.41942605668741134,1.7790936390662648,0.9404571445488606,1.2425998803154208,2.9509903357277323,0.12790165085549884,0.6785441966851855,-0.11426079447783828,0.4082632797230934,0.8102564371059753,0,baseline,1.0,0.7141497854313792,0.8102564371059753,-0.12934033097763908,0.002049005051796726
2026-09-12 17:38:00,Lainnya,60,1.0,1.0,1,76.35,-2.0,-1.7988330091691673,792.9666666666667,41.69134636326729,22.75924099893179,1.6150815117326744,0.9826625268393553,-0.0017333333333333337,-0.6666376975939438,-0.3372453797382976,-0.4391889602802077,0.18427122790686024,0.6370711204002503,1.4603486967200918,0.7442514161597316,2.0002181271841195,-0.488206356811142,0.37475575230851166,-0.18055798796439648,0.3267490163357233,0.7198287486709882,0,baseline,1.0,-0.49834846415568923,0.7198287486709882,-0.09042768843498705,0.03891264254265203
2026-09-12 17:39:00,Lainnya,60,1.0,1.0,1,76.41666666666667,-3.0,-3.239233120311146,789.6166666666667,24.819409891144325,14.047136145788047,1.6480611724237504,0.982058054960228,0.031966666666666664,-0.6631474478683205,-0.5058680696074465,-0.705289424292894,-0.4450460378934271,-0.25557093796009334,1.588237616417303,0.8143485555808182,2.729785313674258,-0.5527169260402426,-0.17424237422132893,0.10905112483382984,0.34112790508532864,0.6812611839530336,0,baseline,1.0,0.07009713942108664,0.6812611839530336,-0.03856756471795464,0.051860123717032414
2026-09-12 17:40:00,Lainnya,60,1.0,1.0,1,74.86666666666666,1.0,-2.0633402565260726,799.3666666666667,21.811959607538792,21.744276472718834,0.7221068339184373,0.9815510131951942,-0.030183333333333343,-0.7442957539890498,0.1686226898691488,-0.48805420314705794,0.11095545504972618,-0.41468584548773213,-2.0024391085386237,0.914206808569818,2.6890524142478895,-0.40697802224731255,0.10581557827338792,-0.5931580060764239,0.3865733418598506,0.823470349197175,0,baseline,1.0,0.09985825298899975,0.823470349197175,0.1422091652441414,0.18077672996209604
2026-09-12 17:41:00,Lainnya,60,1.0,1.0,1,75.91666666666667,13.0,3.5226451792164997,782.4333333333333,57.142808514910705,19.628757871888386,1.3773007449767327,0.9814385740461578,0.015249999999999994,-0.689324320810491,2.1920949682989344,0.5439044206555546,-0.041858635697110826,1.4545602688752395,0.5382796169305435,1.1535108044058893,3.793949975665257,0.3452895867441968,0.44502761827043197,0.052750994699426956,0.46204886047333915,0.7304425347992283,0,baseline,1.0,0.23930399583607131,0.7304425347992283,-0.09302781439794672,-0.23523697964208812
2026-09-12 17:42:00,Lainnya,60,1.0,1.0,1,77.51666666666667,-17.0,-16.64629063628779,797.4333333333333,51.51348899096817,33.19510889027611,0.95028167530861,0.9829029702738661,0.019133333333333332,-0.6055583273955455,-2.86658572777553,-3.1821180488183907,0.9381041946053681,1.1567303561486981,-1.1176200001550176,1.9225429757094639,3.1175118874369487,-0.9315980103602808,0.7288414610580268,-0.8133221396280569,0.5398698485511053,1.533635251436334,0,baseline,1.0,0.7690321713035746,1.533635251436334,0.8031927166371058,0.8962205310350525
2026-09-12 17:43:00,Lainnya,60,1.0,1.0,1,75.3,2.0,-1.143478595733876,795.7,33.71480588099568,34.0896127128962,0.9570596922491841,0.9826257155696823,-0.01486666666666667,-0.7216091307725018,0.3372453797382976,-0.31811835485680706,1.0027185110522194,0.2150569949645574,-1.0913361256076368,0.7045520957804952,1.6741380358214109,-0.3305353618379072,0.634899069198754,-0.6347049796351176,0.3156503762185544,1.0073907011062244,0,baseline,1.0,-1.2179908799289687,1.0073907011062244,-0.5262445503301096,-1.3294372669672154
2026-09-12 17:44:00,Lainnya,60,1.0,1.0,1,74.58333333333333,-2.0,-2.572381217004687,808.5833333333334,25.576267910427994,24.657312320029074,1.0990651164601768,0.9818892448674201,-0.06991666666666667,-0.7591293153229464,-0.3372453797382976,-0.5820947650277638,0.32137805504242356,-0.2155279173301741,-0.540665805994486,0.49512653773108717,1.592757139271466,-0.5413115983709066,0.2679944341720218,-0.5029531601472749,0.2117300164545206,0.8140213415187648,0,baseline,1.0,-0.209425558049408,0.8140213415187648,-0.1933693595874596,0.33287519074265004
2026-09-12 17:45:00,Lainnya,60,1.0,1.0,1,73.18333333333334,1.0,1.1319811058628402,818.3166666666667,19.22435925331622,21.170814576451907,0.9855092531498694,0.981663100183019,-0.04183333333333333,-0.8324245595610235,0.1686226898691488,0.10225156719006188,0.06953154215121181,-0.5515877897443153,-0.9810140806499948,0.5778252321527669,2.074220447580231,-0.3730047633200784,0.06673099555273045,-0.4120330008343419,0.2706933147359859,0.6217971081037886,0,baseline,1.0,0.08269869442167976,0.6217971081037886,-0.1922242334149762,0.0011451261724834128
2026-09-12 17:46:00,Lainnya,60,1.0,1.0,1,72.88333333333334,10.0,2.5523756599055627,818.4166666666666,70.43864782450493,28.00211856391935,1.4929793992512614,0.9840490705593676,-0.07448333333333332,-0.8481306833263257,1.6862268986914881,0.36465619142478284,0.5629895089354736,2.1580020693202817,0.9868596755846889,1.2677725272745017,3.607195329393305,0.09381790419397207,0.7693654362285751,-0.1724388846209095,0.498214996964095,0.937378432512596,0,baseline,1.0,0.6899472951217348,0.937378432512596,0.3155813244088074,0.5078055578237836
2026-09-12 17:47:00,Lainnya,60,1.0,1.0,1,77.46666666666667,-14.0,-15.907752153375903,799.1333333333333,71.79950112348915,43.04747084048855,0.8534171436405611,0.9807856557226469,-0.017900000000000003,-0.6081760146897625,-2.3607176581680833,-3.045679963682262,1.649787718701744,2.2300006150674667,-1.4932424308416725,2.047091741343168,4.020698653954346,-0.9050694525495013,0.9196138327668426,-0.8622946698235471,0.5896363435445766,1.6601395816584503,0,baseline,1.0,0.7793192140686664,1.6601395816584503,0.7227611491458543,0.40717982473704695
2026-09-12 17:48:00,Lainnya,60,1.0,1.0,1,71.81666666666666,1.0,-2.2189497082522265,835.6833333333333,27.180184498610952,22.237165408921364,1.0268301330813403,0.978839508449498,-0.009666666666666669,-0.90397467893629,0.1686226898691488,-0.5168015956172379,0.14655919523683597,-0.13066964352861418,-0.8207794819719092,0.5515011079474574,2.119543372922917,-0.4808731954392874,0.22482771508190327,-0.5022355960844395,0.24352902128751797,0.7702814483969409,0,baseline,1.0,-1.4955906333957107,0.7702814483969409,-0.8898581332615094,-1.6126192824073637
2026-09-12 17:49:00,Lainnya,60,1.0,1.0,1,73.76666666666667,2.0,5.321478188385712,812.5333333333333,42.398619527681646,34.04060387044282,1.1251542694648224,0.9817467268040462,0.013833333333333333,-0.8018848744618248,0.3372453797382976,0.8762220140232506,0.9991783664772071,0.6744907594765952,-0.4394969787942044,0.7269767995987508,1.2662741674406095,-0.2054630385167648,0.7056910457454544,-0.529200596753301,0.29294123633245095,0.9518837911162735,0,baseline,1.0,0.1754756916512934,0.9518837911162735,0.18160234271933262,1.071460475980842
2026-09-12 17:50:00,Lainnya,60,1.0,1.0,1,76.0,-1.0,-2.967090797544901,794.3666666666667,47.48415138515547,43.084269023486236,1.0192234520365,0.9791555908582886,0.031033333333333336,-0.6849615086534628,-0.1686226898691488,-0.6550136725726486,1.6524458285731107,0.9435505459814297,-0.8502767600190758,0.9372374484757238,1.668599221909482,-0.4819857255569555,0.8569438731725542,-0.7194320240544687,0.3886026451719893,1.2787718695992731,0,baseline,1.0,0.21026064887697293,1.2787718695992731,0.3268880784829996,0.145285735763667
2026-09-12 17:51:00,Lainnya,60,1.0,1.0,1,72.03333333333333,0.0,-4.287857738260543,835.9833333333333,42.65132249689878,34.45016051228258,1.4814915297456313,0.9785669799821359,0.0347,-0.8926313673280161,0.0,-0.8990130259873096,1.0287626139555806,0.6878604932335034,0.9423118788544719,0.8189903774248658,2.3602336804010293,-0.5551528625461601,0.7241474921677816,-0.47395029193754523,0.33035941607100316,1.079977089673916,0,baseline,1.0,-0.11824707105085797,1.079977089673916,-0.1987947799253571,-0.5256828584083567
2026-09-12 17:52:00,Lainnya,60,1.0,1.0,1,73.93333333333334,0.0,1.4970825229230744,811.6,23.331945075731454,17.1083288270432,1.2384906028211666,0.9817920309114915,0.027683333333333334,-0.7931592501477677,0.0,0.16970064313771108,-0.22392135669079175,-0.33426810806635693,0.0,0.3696340186429518,1.9208620384892259,-0.3891368827549993,-0.048054881238483386,-0.18542503256235168,0.18034273395432665,0.46972622826705457,0,baseline,1.0,-0.449356358781914,0.46972622826705457,-0.6102508614068615,-0.41145608148150437
2026-09-12 17:53:00,Lainnya,60,1.0,1.0,1,72.86666666666666,0.0,2.534293957224986,824.1,30.71558981408494,24.872897236734456,1.2989097479522047,0.9809070003195065,0.006066666666666663,-0.849003245757732,0.0,0.36131576577761576,0.33695079120845545,0.056377734415057286,0.23429407816582937,0.41290910896628397,1.6395637857590422,-0.390808922402991,0.3533075314228307,-0.3473308680767398,0.1904171664416472,0.6591321982610842,0,baseline,1.0,0.043275090323332155,0.6591321982610842,0.1894059699940296,0.799656831400891
2026-09-12 17:54:00,Lainnya,60,1.0,1.0,1,73.75,1.0,1.5554320644624,811.1333333333333,23.01029000963881,34.96972055839456,0.41766330135581625,0.980975983831915,0.017400000000000006,-0.8027574368932303,0.1686226898691488,0.1804801758234119,1.0662929367822485,-0.35128588434552777,-3.1830138528619294,1.4199404796783104,3.2520847342898156,-0.34860751555737574,0.5778248626732028,-0.8164714939924762,0.5400721608718833,1.188996388252514,0,baseline,1.0,1.0070313707120264,1.188996388252514,0.5298641899914299,0.34045821999740034
2026-09-12 17:55:00,Lainnya,60,1.0,1.0,1,73.1,-2.0,-6.801889413725948,835.1166666666667,65.75534821753315,47.056943506813,1.1458323769654937,0.9757525121305871,0.023283333333333336,-0.8367873717180524,-0.3372453797382976,-1.3634568914168606,1.939411227395144,1.9102231491001394,-0.3593111680784736,1.3046286285238464,2.366278517666729,-0.6445537782539902,0.9368422633698964,-0.7359702823667473,0.4760038063290868,1.4357419265537565,0,baseline,1.0,-0.11531185115446396,1.4357419265537565,0.24674553830124246,-0.28311865169018746
2026-09-12 17:56:00,Lainnya,60,1.0,1.0,1,71.8,0.0,3.687691025284857,838.2333333333333,36.56309460378935,41.02789460346729,0.865701534192896,0.9786075809519257,0.005866666666666668,-0.9048472413676957,0.0,0.5743950988236759,1.5039040066733205,0.3657511557990299,-1.4456058753418202,0.9690163204544573,1.9889634580848479,-0.38975126845111946,0.8003389192500836,-0.7369042385813949,0.40248565794450886,1.2237119753503674,0,baseline,1.0,-0.33561230806938913,1.2237119753503674,-0.2120299512033892,-0.45877548950463165
2026-09-12 17:57:00,Lainnya,60,1.0,1.0,1,71.03333333333333,-2.0,-2.2406223951096864,850.35,35.07127126005857,51.35123321345236,0.8478686450427878,0.9800491506538331,0.017816666666666668,-0.9449851132123572,-0.3372453797382976,-0.5208054220433547,2.249608441764232,0.2868233894185599,-1.5147584645649281,1.205229480356549,2.95293621751947,-0.603755683835356,0.9047839207006252,-0.8119237519391932,0.4778383429031836,1.4389942772066089,0,baseline,1.0,0.2362131599020918,1.4389942772066089,0.21528230185624153,0.4273122530596307
2026-09-12 17:58:00,Lainnya,60,1.0,1.0,1,72.41666666666667,2.0,1.4887468741317622,825.9166666666666,29.435532354142186,42.56600059648147,0.6710376940392881,0.98044878145461,0.001649999999999995,-0.8725624314056849,0.3372453797382976,0.16816070989690038,1.615008805611253,-0.011346152985227412,-2.200475625353894,1.1799613568795746,2.6285304239974,-0.3394861399082955,0.7856373691131237,-0.7852474946788114,0.4754406318782465,1.2550435599121497,0,baseline,1.0,-0.02526812347697449,1.2550435599121497,-0.18395071729445922,-0.39923301915070075
2026-09-12 17:59:00,Lainnya,60,1.0,1.0,1,71.91666666666667,0.0,-0.49513753820498946,833.4,31.750190176929436,49.91552185476876,0.5401965499216749,0.9793298776343334,0.023250000000000003,-0.8987393043478555,0.0,-0.19834340141686876,2.145900100099916,0.11111524477705927,-2.7078529671006675,1.4604094158107321,3.218676057599828,-0.48082600888748633,0.882679682569171,-0.8595185512950111,0.5500724461325117,1.432364796013069,0,baseline,1.0,0.28044805893115754,1.432364796013069,0.17732123610091932,0.36127195339537854
2026-09-12 18:00:00,Lainnya,60,1.0,1.0,1,74.25,-4.0,-6.590163934426171,822.4333333333333,74.30682307030936,49.8417835739303,1.2489804971509006,0.9780436893214085,-0.05891666666666665,-0.7765805639510598,-0.6744907594765952,-1.3243425871001862,2.1405736291650155,2.362655276687351,0.04067783674713779,1.4706998645582976,2.6688098207152264,-0.6794641272706275,0.9581879754721323,-0.712662304440282,0.527221522610789,1.4716133291939126,0,baseline,1.0,0.010290448747565462,1.4716133291939126,0.03924853318084365,-0.13807270292007567
2026-09-12 18:01:00,Lainnya,60,1.0,1.0,1,72.6,4.0,3.154209502639674,824.75,49.07090166107108,58.139953881028624,0.6322651782501995,0.9797309240328521,0.015716666666666667,-0.8629642446602229,0.6744907594765952,0.4758393714115688,2.7399904103948507,1.0275006032103338,-2.3508281473115065,1.6080923530906661,3.3072591687985233,-0.19824702306271746,0.9592525653479802,-0.802924919721271,0.5828619766831313,1.3942323611408134,0,baseline,1.0,0.13739248853236852,1.3942323611408134,-0.07738096805309924,-0.11662950123394289
2026-09-12 18:02:00,Lainnya,60,1.0,1.0,1,69.55,-1.0,-1.2586829674909108,866.8833333333333,38.058871286676634,39.760085598243634,0.6904549248063675,0.9796069621707942,-0.015066666666666666,-1.0226431696074632,-0.1686226898691488,-0.33940128627544763,1.4123240601307316,0.4448880811463967,-2.1251792574023223,1.1473445739817585,2.301977098113541,-0.580986608335263,0.7977992924179256,-0.8285106966158109,0.4641103774548282,1.3696194971288684,0,baseline,1.0,-0.46074777910890763,1.3696194971288684,-0.024612864011944957,0.052768104041154285
2026-09-12 18:03:00,Lainnya,59,0.9833333333333333,1.0,1,73.37288135593221,-3.0,4.088836937463507,827.5084745762712,75.12228487981444,54.58258532434732,1.2599964742070136,0.9804645020756899,-0.0021864406779660947,-0.8225010105530028,-0.5058680696074465,0.6485030585091979,2.4830245575646064,2.4057988428899373,0.0833957233352421,1.4895861005491278,3.132350664405586,-0.46749546046423507,0.9722372006074491,-0.6499278717391872,0.5519676835663287,1.3750897214235458,0,baseline,1.0,0.3422415265673693,1.3750897214235458,0.005470224294677362,0.03008308830662232
2026-09-12 18:04:00,Lainnya,61,1.0,1.0,1,73.88524590163935,6.0,2.4853623258951187,812.4590163934427,61.1845769701515,73.13640224493774,1.0408796585508047,0.9792343322528464,-0.0003934426229508197,-0.7956768073269052,1.011736139214893,0.3522761040190144,3.8232560551701162,1.6683977568994033,-0.7662980653382188,1.81516118265648,4.83188579797006,-0.08108159956351564,0.9906240098779334,-0.6307722813787952,0.62882412302385,1.3346173996269262,0,baseline,1.0,0.3255750821073522,1.3346173996269262,-0.04047232179661964,-0.045942546091297
2026-09-12 18:05:00,Lainnya,60,1.0,1.0,1,72.03333333333333,-2.0,3.761044734648574,844.1833333333333,58.69643007845369,59.952382234513586,1.0725243825729331,0.9825027902245583,-0.04706666666666666,-0.8926313673280161,-0.3372453797382976,0.5879465113428414,2.8709108337713545,1.536757588233657,-0.6435857789015821,1.4302774707235857,3.203390659664678,-0.46520140764746293,0.9727850005666331,-0.7257127128363099,0.5380436838214,1.4067241926820424,0,baseline,1.0,-0.3848837119328943,1.4067241926820424,0.07210679305511625,0.11257911485173588
2026-09-12 18:06:00,Lainnya,60,1.0,1.0,1,73.08333333333333,-1.0,1.65545984995836,831.2833333333333,69.39058981448608,51.06741971092923,1.0589181705276534,0.9820751575922636,0.010299999999999997,-0.837659934149458,-0.1686226898691488,0.19895937471317976,2.229107226453375,2.1025525564033716,-0.6963481094768287,1.331930902777443,2.470974502670605,-0.44740880577236153,0.957849615193285,-0.7221682105567973,0.5172087029970089,1.3808266696451188,0,baseline,1.0,-0.0983465679461426,1.3808266696451188,-0.02589752303692361,-0.09800431609203986
2026-09-12 18:07:00,Lainnya,60,1.0,1.0,1,70.13333333333334,0.0,0.7902195054182549,858.1166666666667,34.20035269253499,48.31306802898033,0.8033148690054239,0.982811234167632,0.02266666666666667,-0.9921034845082638,0.0,0.03911430431667802,2.0301471474879547,0.2407457773991572,-1.6875296261369992,1.1556391782367814,2.672768913780449,-0.4928288145098442,0.879869179107037,-0.797785091006722,0.4689553723570792,1.3687330658126295,0,baseline,1.0,-0.17629172454066167,1.3687330658126295,-0.012093603832489253,0.013803919204434356
2026-09-12 18:08:00,Lainnya,60,1.0,1.0,1,70.45,9.0,3.9360933592665313,842.3666666666667,55.96093270041668,46.693374117112995,0.8086828703714448,0.9806241600919702,-0.026366666666666667,-0.9755247983115559,1.5176042088223392,0.6202851093999403,1.9131488604802047,1.3920308691516576,-1.6667135267215394,1.4151176197807585,2.842287224111372,0.01178484437009773,0.9209647684561857,-0.682292967619958,0.5335390333851806,1.264319018722579,0,baseline,1.0,0.25947844154397703,1.264319018722579,-0.10441404709005053,-0.09232044325756128
2026-09-12 18:09:00,Lainnya,60,1.0,1.0,1,69.23333333333333,-8.0,-4.351208669074687,886.4833333333333,51.772478673737446,51.00581555410111,1.4343298481852935,0.9806243729212675,0.0019333333333333294,-1.039221855804171,-1.3489815189531904,-0.9107165186175025,2.2246572616985305,1.1704327005063384,0.7594277502895123,1.3307191619379763,3.2156932843077994,-0.8050759423317407,0.9383445586877974,-0.6679296193419544,0.5033344526832858,1.4926866152654443,0,baseline,1.0,-0.0843984578427821,1.4926866152654443,0.22836759654286531,0.33278164363291585
2026-09-12 18:10:00,Lainnya,60,1.0,1.0,1,69.38333333333334,1.0,-0.23506529591550207,864.6333333333333,35.282860229702194,41.09352705842728,1.2282296077724466,0.9809673589698839,-0.0017166666666666663,-1.0313687939215197,0.1686226898691488,-0.1502974843034738,1.508644954790844,0.29801790841767395,-0.039790208398181814,0.7617033618191613,2.4532956221870195,-0.4923902273310916,0.8042507037078617,-0.6175967340662677,0.340218322129605,1.177472531750851,0,baseline,1.0,-0.569015800118815,1.177472531750851,-0.31521408351459335,-0.5435816800574587
2026-09-12 18:11:00,Lainnya,60,1.0,1.0,1,72.66666666666667,-1.0,3.2275632120033753,830.45,67.96395480357491,58.202160831224546,1.4363136821515263,0.9814109834571674,0.0012999999999999986,-0.8594739949345996,-0.1686226898691488,0.4893907839307314,2.7444839178159586,2.027073703411434,0.7671206851919261,1.48527923405925,3.3584381899732376,-0.4218076656049116,0.975167587171486,-0.5475757137697809,0.5534157723417684,1.317187044128526,0,baseline,1.0,0.7235758722400887,1.317187044128526,0.13971451237767507,0.4549285958922684
2026-09-12 18:12:00,Lainnya,60,1.0,1.0,1,74.2,3.0,1.553764934704157,814.8666666666667,85.52935201728805,94.43776535594078,1.1108859515773206,0.981560804878426,-0.002149999999999998,-0.7791982512452768,0.5058680696074465,0.18017218917525338,5.361956038331849,2.956404628209126,-0.4948268312636317,2.537428781003268,6.682324955513141,-0.24470506873825904,0.9990838626414951,-0.6544534305196037,0.7507310707952632,1.4317665901372074,0,baseline,1.0,1.052149546944018,1.4317665901372074,0.11457954600868137,-0.025134966368993705
2026-09-12 18:13:00,Lainnya,60,1.0,1.0,1,76.7,0.0,5.912404488162372,791.5,69.27530437760753,62.677544433961245,1.024128401778794,0.981254379917094,-0.031866666666666675,-0.6483138865344239,0.0,0.985390127349208,3.067762415923726,2.0964531599384624,-0.8312562876865383,1.6272970281389525,3.610249830068762,-0.20578325531355943,0.9816506410118031,-0.6747104353344252,0.5783766361168159,1.3400516534526954,0,baseline,1.0,-0.9101317528643156,1.3400516534526954,-0.09171493668451203,-0.2062944826931934
2026-09-12 18:14:00,Lainnya,60,1.0,1.0,1,78.65,8.0,15.670913101739002,761.3,62.858005166878485,47.83924351762874,1.070794283053021,0.9823831685026784,0.02766666666666667,-0.5462240820599585,1.3489815189531904,2.788183427667538,1.9959205224668677,1.7569336752578404,-0.6502947793562196,1.7022277894931683,3.1742645419199618,0.4796262314140692,0.9283390982605352,-0.3599696500319092,0.5000441701819309,1.2130445681411202,0,baseline,1.0,0.07493076135421584,1.2130445681411202,-0.12700708531157523,-0.0352921486270632
2026-09-12 18:15:00,Lainnya,60,1.0,1.0,1,74.15,-8.0,-11.151430953042453,826.05,54.44338530427577,47.08466949756487,0.7082836469317245,0.9825786949742075,0.005499999999999996,-0.7818159385394936,-1.3489815189531904,-2.1669940564736963,1.9414140091552,1.3117421225937975,-2.056042827117257,1.6755058141297334,2.893389167487854,-0.8209558906996423,0.9141274425199934,-0.8776635893861898,0.5413007351597136,1.6040253793694423,0,baseline,1.0,-0.026721975363434902,1.6040253793694423,0.3909808112283222,0.5179878965398974
2026-09-12 18:16:00,Lainnya,60,1.0,1.0,1,72.81666666666666,3.0,-3.6160044456792697,839.7833333333333,98.41577172533773,80.19436135552387,1.2529136370008354,0.9799936423844043,0.0007000000000000029,-0.851620933051949,0.5058680696074465,-0.7748944067776878,4.333086412411686,3.6381853018202905,0.05592981314367818,2.3663185313521033,5.26112056616547,-0.4077130586213536,0.9980383517253353,-0.6422401627755432,0.7231976636445138,1.4483776362081275,5,tau_in,0.0,0.6908127172223699,1.760056185770171,0.15603080640072875,-0.23495000482759343
2026-09-12 18:17:00,Lainnya,60,1.0,1.0,1,80.43333333333334,-5.0,-16.477910530702903,768.8666666666667,93.60998546379052,59.25969848393408,1.2735456097852669,0.9858732793889576,-0.01898333333333333,-0.4528599018995503,-0.8431134493457441,-3.151011397353944,2.820874952508782,3.383925990944188,0.13593672210915445,2.2461657926255656,4.944191756424064,-0.7507443801431721,0.9862923287072404,-0.7297455541513803,0.6352455554128145,1.5724042646402188,5,rising,0.0,-0.12015273872653776,1.8634524870408549,0.10339630127068378,-0.05263450513004497
2026-09-12 18:18:00,Lainnya,60,1.0,1.0,1,68.91666666666667,-6.0,-4.3862183939982815,882.6833333333333,31.4645302947091,43.130468211411674,0.7362384948503878,0.9879344503333024,-0.04551666666666666,-1.055800542000879,-1.011736139214893,-0.9171842382289228,1.6557830182784135,0.09600186252378615,-1.947639186033555,1.259873266572147,2.543217474182,-0.7705941113453781,0.8163716758312926,-0.8517131633595896,0.482569465212076,1.4894853470023914,5,rising,0.0,-0.9862925260534186,1.7940363984420256,-0.0694160885988293,-0.17281238986951308
2026-09-12 18:19:00,Lainnya,60,1.0,1.0,1,70.38333333333334,2.0,0.4984717977216636,851.6166666666667,28.44923618566978,40.09818458209375,0.5173861327141254,0.9889824388048234,0.012250000000000002,-0.9790150480371784,0.3372453797382976,-0.01478335911181932,1.4367465770394479,-0.06352803758589584,-2.796307473708298,1.3515445167076854,2.9957545091489646,-0.41323170378671215,0.7487621195493683,-0.8331531079501767,0.5230120443274979,1.3034917922584703,5,rising,0.0,0.09167125013553834,1.6428910044446645,-0.15114539399736104,-0.08172930539853174
2026-09-12 18:20:00,Lainnya,60,1.0,1.0,1,67.85,-5.0,-3.185884968046621,898.5,52.302736746621974,60.37495832893253,1.0302112242690642,0.9903101852701682,-0.005666666666666665,-1.1116445376108433,-0.8431134493457441,-0.695433851551682,2.9014355389734883,1.1984870177107627,-0.8076682464305206,1.468403295140875,3.1611881300600664,-0.7481120293539935,0.9714672394712354,-0.8031067091103069,0.54574720788567,1.5640462291642805,5,rising,0.0,0.11685877843318959,1.8564052916760942,0.21351428723142973,0.3646596812287908
2026-09-12 18:21:00,Lainnya,60,1.0,1.0,1,67.41666666666667,11.0,8.24729091414288,873.2833333333333,69.93946333132281,51.72810271186729,0.9348123255060788,0.9896574363608832,0.014516666666666669,-1.1343311608273905,1.8548495885606369,1.416738581549024,2.276831539546443,2.131591759262993,-1.1776072284408228,1.724757299794405,3.0408347515958307,0.14407405842908552,0.9648671401221938,-0.5960239793691249,0.5893393821929144,1.2861926075772407,5,rising,0.0,0.25635400465353,1.6291996267450903,-0.22720566493100391,-0.44071995216243365
2026-09-12 18:22:00,Lainnya,60,1.0,1.0,1,72.53333333333333,-2.0,1.7404834676299428,839.4,64.08447814395504,44.51261485641943,1.1998461547906514,0.9894660404071538,0.049583333333333326,-0.8664544943858455,-0.3372453797382976,0.21466669376948558,1.7556221228614413,1.821822573138049,-0.1498558992832494,1.105611666547529,2.01559515246728,-0.49715771607285564,0.9208119162945911,-0.6695099745591512,0.4531950017329601,1.322380314232947,5,rising,0.0,-0.6191456332468759,1.6579172764257053,0.028717649680614965,0.2559233146116189
2026-09-12 18:23:00,Lainnya,57,0.95,1.0,1,74.59649122807018,-2.0,-3.5834550777755108,809.0526315789474,82.2114914309932,87.07867952932813,0.7895861103839669,0.9865867615704351,-0.164,-0.7584404502455204,-0.3372453797382976,-0.7688812151405094,4.830373849037794,2.7808668701102643,-1.7407671692799767,2.42817308190429,5.594400691792021,-0.5605590627207276,0.9981909954911151,-0.835314256801505,0.7325454641227767,1.5953007524917016,5,peak,0.0,1.322561415356761,1.8828129197826822,0.22489564335697687,0.1961779936763619
2026-09-12 18:24:00,Berbaring,58,0.9666666666666667,1.0,1,71.94827586206897,-5.0,-3.045443355438249,845.8793103448276,112.83959700454274,97.71476571427928,0.718395954890616,1.011497579965381,-0.0070862068965517324,-0.15670344071615694,-1.1241512657943253,-0.7259912166623659,2.3032873258441944,3.0904843970425255,-1.479949019140495,1.7730299253163064,4.2510496032301415,-0.48716086757405713,0.9687008942631579,-0.7993154954896466,0.6161348776420608,1.481294900490313,5,falling,0.4587281225847166,-0.6551431565879837,1.5770890360088334,-0.30572388377384874,-0.5306195271308256
2026-09-12 18:25:00,Berbaring,59,0.9833333333333333,1.0,1,67.49152542372882,3.0,-1.222516308679249,871.4915254237288,87.7387133681309,80.6146645340104,0.8174271360737563,0.9756455409181333,-0.10649152542372883,-0.5479446972827985,0.6744907594765952,-0.3111860735978948,1.69536680534025,2.0709535580118916,-1.1360468947359064,1.2453739558483188,2.8249475884501427,-0.14467794414362845,0.9153846575333587,-0.6697247351051039,0.49265346759047846,1.2450298947051897,5,falling,0.8281903230376368,-0.5276559694679877,1.2568285498855947,-0.32026048612323876,-0.014536602349390026
2026-09-12 18:26:00,Berbaring,60,1.0,1.0,1,69.68333333333334,0.0,0.9152542372881397,867.4333333333333,62.484266946321846,63.64826545095517,1.0526124292804206,0.9946686911672388,-0.003416666666666667,-0.3555341747349511,0.0,0.17526137844665693,1.0921994876199463,1.0451854088647003,-0.31932714045049937,0.6512044203459619,1.4078701329620937,-0.167656678439409,0.7320419360145951,-0.5070120013448642,0.298489814984646,0.9540186041512109,5,falling,1.0,-0.5941695355023568,0.9540186041512109,-0.3028099457343838,0.017450540388854963
2026-09-12 18:27:00,Berbaring,59,0.9833333333333333,1.0,1,68.64406779661017,-3.0,-1.2098188194038277,883.5593220338983,33.68324621224187,34.18559890383366,0.7436326641784098,1.0019388846246047,-0.01532203389830508,-0.44676736360639463,-0.6744907594765952,-0.3082967731923657,0.04478114816432957,-0.12463511455942057,-1.3923103801445293,0.6715223029101252,1.7088320792492206,-0.4576335199877485,0.0826354557984069,-0.5194673780312655,0.30322295330071036,0.7602943991760495,5,tau_out,1.0,0.020317882564163225,0.7602943991760495,-0.1937242049751614,0.1090857407592224
2026-09-12 18:28:00,Berbaring,60,1.0,1.0,1,74.11666666666666,1.0,-3.7260350097248915,809.0,73.9775504197165,49.03768872259619,1.085342865918456,0.9898255811712798,-0.0012833333333333353,0.033651382793842465,0.22483025315886507,-0.8808591358293905,0.5727832972750918,1.5120118804973148,-0.20566529619061819,0.7620315743603897,2.3421106208431026,-0.04613875218937653,0.5956020587804256,-0.37488124978382875,0.3078715289716174,0.7695397498946245,0,baseline,1.0,0.09050927145026455,0.7695397498946245,0.009245350718575018,0.20296955569373643
2026-09-12 18:29:00,Berbaring,60,1.0,1.0,1,71.35,17.0,13.888858016115655,830.0166666666667,92.98997424848801,19.696855121945617,1.7920157089971285,0.9811487407209747,-0.014683333333333331,-0.20922381476172092,3.822114303700706,3.1273913504640025,-0.4703037959818997,2.2842457467997344,2.2483728066605706,2.412711254453256,4.641741249914269,0.9052692348444724,0.3401296314552261,0.64137216761618,0.6741455692492367,1.3420249847453731,6,tau_in,0.0,1.6506796800928663,1.6736281127182404,0.9040883628236159,0.8948430121050409
2026-09-12 18:30:00,Berbaring,59,0.9833333333333333,1.0,1,85.66101694915254,-10.0,-10.167232654466874,739.9152542372881,119.56073166554212,123.77753960369719,0.8959518323532396,0.9806986393182365,0.1365932203389831,1.0470862100863905,-2.2483025315886507,-2.346546923656131,3.229837110643913,3.363478932192131,-0.8633569243032716,2.3856431605598662,5.5161589524452275,-0.4223718555157289,0.9839275286336522,-0.7380287521651046,0.6978080556210305,1.4758502252758954,6,plateau_persistent,0.019160386673542605,-0.027068093893389822,1.7720553700483812,0.0984272573301408,-0.8056611054934751
2026-09-12 18:31:00,Berbaring,60,1.0,1.0,1,70.98333333333333,-4.0,-4.302861906084994,854.2666666666667,53.776331088228154,52.25102383231762,1.4304532959335745,0.9772849585448841,0.010166666666666668,-0.24141209395583116,-0.8993210126354603,-1.0121154928478948,0.6870196010175201,0.6914923166124185,0.9927876417471343,0.7986677147454863,1.9224016419205128,-0.503803400024319,0.5363492028753413,-0.357072363264313,0.31226771845854107,0.8754999336947674,6,falling,1.0,-1.5869754458143799,0.8754999336947674,-0.8965554363536138,-0.9949826936837546
2026-09-12 18:32:00,Berbaring,60,1.0,1.0,1,70.21666666666667,-4.0,-3.019171992219982,863.9333333333333,32.47730193909183,15.859018714166119,1.5059511943425048,0.9834743381249972,0.004816666666666664,-0.30871485954351735,-0.8993210126354603,-0.7200131954367623,-0.6067415563220765,-0.17361734938581982,1.2549665569203,0.7522988667010369,1.9737672005741815,-0.4987128813984987,-0.3053137660048821,0.14362384392894195,0.31565668492840204,0.6798514433828837,6,tau_out,1.0,-0.04636884804444941,0.6798514433828837,-0.1956484903118837,0.7009069460417301
2026-09-12 18:33:00,Berbaring,60,1.0,1.0,1,67.63333333333334,3.0,2.884134481800532,882.6833333333333,28.130140459298936,26.788563206041264,0.8585794444818954,0.9859272350627324,0.005366666666666663,-0.535495917502025,0.6744907594765952,0.6232780190213829,-0.21818862869154643,-0.3501874357259542,-0.9931387104990688,0.6173506793007033,1.41217513917307,0.001316175310060287,-0.10011491141122211,-0.14187702744962222,0.26514287358653754,0.31694567694794507,0,baseline,1.0,-0.13494818740033354,0.31694567694794507,-0.36290576643493866,-0.16725727612305497
2026-09-12 18:34:00,Berbaring,60,1.0,1.0,1,75.46666666666667,1.0,2.093914976382363,804.5166666666667,75.6408757907752,74.18814835222808,0.9896731889421932,0.9820535395638254,0.02416666666666667,0.15216277437216033,0.22483025315886507,0.44346439697869333,1.4668996740016331,1.5795717136769103,-0.5378940423306151,0.9315340642399921,2.3699468123049594,0.2142849756071877,0.8246741386290242,-0.4163701558620969,0.3937685510099007,1.0268511402104785,0,baseline,1.0,0.31418338493928877,1.0268511402104785,0.7099054632625335,1.0728112296974721
2026-09-12 18:35:00,Berbaring,60,1.0,1.0,1,69.58333333333333,0.0,0.6018338427341351,863.9333333333333,32.58723191091595,36.650895426895374,0.9580391771195738,0.9827810956761167,-0.013466666666666674,-0.3643127963333457,0.0,0.10394289544239188,0.1324241585592352,-0.16915228759628662,-0.6477483704247127,0.31865722039055777,0.6793677549523616,-0.1827058928027758,0.10304075875672492,-0.2791042009541063,0.1588466333830314,0.3835756107436633,0,baseline,1.0,-0.6128768438494343,0.3835756107436633,-0.6432755294668152,-1.3531809927293486
2026-09-12 18:36:00,Berbaring,60,1.0,1.0,1,70.88333333333334,0.0,-1.618782995276422,851.4833333333333,40.19422830084644,47.92083867860638,0.9120400400275462,0.9822006096149695,-0.03363333333333334,-0.2501907155542245,0.0,-0.40135614371554734,0.5330784994549154,0.13982358449924612,-0.8074879673651089,0.4433663434547303,1.0663927686696675,-0.19526810866948094,0.36113213160389196,-0.43619150357027753,0.2020023902335849,0.6321503335339687,0,baseline,1.0,0.12470912306417253,0.6321503335339687,0.24857472279030535,0.8918502522571206
2026-09-12 18:37:00,Berbaring,60,1.0,1.0,1,69.48333333333333,-2.0,-0.38844123367595795,868.4,28.493948212660225,42.13336372737229,0.6647689325729508,0.9822706417263397,0.0002499999999999993,-0.37309141793173906,-0.44966050631773014,-0.12139316256046828,0.32732972945246525,-0.33541053665726034,-1.6661777067134664,0.7474312908472756,1.7099881114807367,-0.3437222810897326,0.16915534571451243,-0.547859904741536,0.33534294767781514,0.7479063479353388,0,baseline,1.0,0.30406494739254525,0.7479063479353388,0.11575601440137018,-0.13281870838893517
2026-09-12 18:38:00,Berbaring,60,1.0,1.0,1,73.7,0.0,-0.24006668519028346,835.65,87.06413474744944,71.33200009314288,1.0036528612860054,0.9820031330549751,-0.03884999999999999,-0.0029262071994644537,0.0,-0.08763068922334233,1.365361611858295,2.043553976503222,-0.48934732239776674,1.0236758673475546,2.529371071096822,-0.014752946879861555,0.8517306265307056,-0.5186092288683356,0.4289896040745875,1.0856566318516685,0,baseline,1.0,0.276244576500279,1.0856566318516685,0.33775028391632966,0.22199426951495949
2026-09-12 18:39:00,Berbaring,60,1.0,1.0,1,66.73333333333333,-3.0,-4.141150319533152,910.9333333333333,35.861251770275295,46.7929083428936,0.7530882498942756,0.9791369768590624,-0.025966666666666673,-0.6145035118875702,-0.6744907594765952,-0.9753181904467485,0.49297978953792976,-0.036170347097049686,-1.359474297848769,0.8037729423134349,1.4058153445618007,-0.5958074576944593,0.3670391914982344,-0.664852487942048,0.31779862354125465,1.016232793501302,0,baseline,1.0,-0.21990292503411968,1.016232793501302,-0.06942383835036647,-0.40717412226669614
2026-09-12 18:40:00,Berbaring,60,1.0,1.0,1,69.25,6.0,10.921367046401823,873.9666666666667,71.87276108033373,64.10650565891585,1.3403165043223246,0.9815147606248621,-0.025416666666666667,-0.3935748683279915,1.3489815189531904,2.4521418837214055,1.1084902465343278,1.4265209602473696,0.6797727533879123,1.3972267655545878,2.5729752277251805,0.5050404907804064,0.779860669563894,-0.015195377956167568,0.41367161698466104,1.0171546920062327,0,baseline,1.0,0.5934538232411529,1.0171546920062327,0.0009218985049306294,0.0703457368552971
2026-09-12 18:41:00,Berbaring,60,1.0,1.0,1,68.81666666666666,-2.0,-1.0219505418171773,880.6833333333333,30.153557097790596,40.578444641108725,0.8996528773094893,0.9842652213489459,0.010266666666666669,-0.4316155619210319,-0.44966050631773014,-0.2655475431010373,0.2720512717230121,-0.2680016572078859,-0.8505044347361994,0.4704955965255407,0.9734640336159808,-0.39027028363602967,0.1673615080129455,-0.4436758737056956,0.22179627959342352,0.6529645007224442,0,baseline,1.0,-0.9267311690290472,0.6529645007224442,-0.3641901912837885,-0.3651120897887191
2026-09-12 18:42:00,Berbaring,60,1.0,1.0,1,69.78333333333333,10.0,8.173937204779177,859.9666666666667,78.22738838658306,56.055662409212445,0.38274472475118926,0.9813862408764297,-0.022183333333333333,-0.3467555531365577,2.2483025315886507,1.826967096535012,0.8222771553215888,1.6846289457315606,-2.645553324015878,1.7807292164621962,4.782524118625218,0.6397912611751277,0.7364881169147448,-0.5243307102764262,0.5875615948822592,1.2537539334942296,0,baseline,1.0,1.3102336199366555,1.2537539334942296,0.6007894327717854,0.9649796240555739
2026-09-12 18:43:00,Berbaring,60,1.0,1.0,1,72.95,8.0,14.605723812170098,820.95,96.30714020381504,61.618151628959886,1.4115257856785701,0.9881570209342787,0.016149999999999998,-0.06876586918741841,1.7986420252709205,3.290513412654625,1.020027525691811,2.418980166457076,0.9270587378946392,1.9069469272934783,3.59759705506826,0.7596336685505924,0.8272980983067979,0.14712085491717328,0.5235169719858428,1.247870193476253,7,tau_in,0.0,0.12621771083128208,1.5991185133586758,0.34536457986444624,-0.2554248529073392
2026-09-12 18:44:00,Berbaring,60,1.0,1.0,1,89.3,-12.0,-30.94859683245336,701.95,119.14475243961986,34.472047138200324,1.200896973488096,0.9797385739757165,0.0022166666666666645,1.3665387621499772,-2.697963037906381,-7.075324609110152,0.05496458263046889,3.3465829672784246,0.19561541764217855,3.4265520843477697,8.567695573200021,-0.8072526034764219,0.5324572629846367,-0.6029168852862371,0.6356487791731023,1.3048852990788367,7,peak,0.0,1.5196051570542914,1.6439968502865403,0.04487833692786447,-0.30048624293658177
2026-09-12 18:45:00,Berbaring,60,1.0,1.0,1,69.86666666666666,-9.0,-6.385106974159446,880.7,62.02112816599719,45.32743397972624,0.8122487467333646,0.9845807002508555,-0.04540000000000001,-0.3394400351378966,-2.0234722784297854,-1.4859281804667106,0.44088115408249445,1.026373948832789,-1.1540297065521303,1.2245574979699043,2.832145445965756,-0.7684874564195207,0.5131277062337118,-0.7332377277293225,0.4415748552111759,1.2595629923506193,7,falling,0.9074581998802376,-2.2019945863778654,1.262958002654345,-0.3810388476321953,-0.4259171845600598
2026-09-12 18:46:00,Berbaring,60,1.0,1.0,1,66.75,6.0,4.732981383717756,888.3333333333334,40.789940047020764,46.36571644024224,0.9989705812357478,0.9827812421556705,-0.007650000000000005,-0.613040408287838,1.3489815189531904,1.0439811980200033,0.477792819526633,0.16401980424971271,-0.5056073128078877,0.7954342264692489,1.4014049811613027,0.22044083303720272,0.4023075844414388,-0.19847851606053268,0.3077848480839631,0.5870015224996445,7,falling,1.0,-0.42912327150065543,0.5870015224996445,-0.6759564801547004,-0.29491763252250514
2026-09-12 18:47:00,Berbaring,60,1.0,1.0,1,68.38333333333334,2.0,2.7857738260628127,875.3,45.24895354160326,45.40887690413533,0.8505351816644715,0.9813763103155917,0.005749999999999997,-0.46965625551407103,0.44966050631773014,0.6008961546742937,0.44377650683369746,0.34513302063010914,-1.0210737410533837,0.5975636273797269,1.2087394083750245,-0.03326608617148261,0.40053969124485805,-0.41596922073139303,0.258030724690935,0.6333631850937551,7,tau_out,1.0,-0.19787059908952198,0.6333631850937551,0.046361662594110564,0.722318142748811
2026-09-12 18:48:00,Berbaring,60,1.0,1.0,1,72.01666666666667,-4.0,-1.6654626285078489,848.4666666666667,67.99961781215296,57.36886298923804,1.1033008772649644,0.9784857296707402,-0.017216666666666665,-0.1506996707724281,-0.8993210126354603,-0.4119780454395821,0.8689623516089882,1.2692042273748263,-0.1433031373396105,0.7514125933793113,1.6617489951608877,-0.3922681283066586,0.6779822305782659,-0.5492441654552563,0.33043255876845956,1.012121049403678,0,baseline,1.0,0.15384896599958442,1.012121049403678,0.378757864309923,0.3323962017158124
2026-09-12 18:49:00,Berbaring,60,1.0,1.0,1,69.68333333333334,1.0,4.979716587941131,867.1833333333333,58.91001229012432,39.73684624064349,1.3177693509145292,0.9790273271919486,0.014266666666666669,-0.3555341747349511,0.22483025315886507,1.1001255357042143,0.24213186175738816,0.9000087329624997,0.6014740411684006,0.660510404477065,1.5687138954983653,0.03690733869230758,0.4047207081565382,-0.0818192315799121,0.2330014795208828,0.47554713685956107,0,baseline,1.0,-0.09090218890224633,0.47554713685956107,-0.536573912544117,-0.91533177685404
2026-09-12 18:50:00,Berbaring,60,1.0,1.0,1,69.18333333333334,4.0,8.17727146429565,863.3333333333334,50.164700488901985,38.67662544654333,0.9201565775119404,0.9818748888850217,0.012516666666666667,-0.3994272827269204,0.8993210126354603,1.8277258038010014,0.20444027325718864,0.544797529746099,-0.7793019510988723,0.9358430919557448,1.9262996110942083,0.31336291154182583,0.3171965908644141,-0.15666790377576384,0.2660929737792498,0.5423654619849546,0,baseline,1.0,0.2753326874786798,0.5423654619849546,0.06681832512539354,0.6033922376695106
2026-09-12 18:51:00,Berbaring,60,1.0,1.0,1,69.91666666666667,-3.0,-1.5787718810780624,868.7666666666667,34.17520494113183,45.553470164936904,0.694307388558592,0.9793761209184099,-0.0008166666666666655,-0.33505072433869865,-0.6744907594765952,-0.39225165652351895,0.44891689807707086,-0.10465306520614426,-1.5636005421908354,0.7503758431080055,1.6206418511999103,-0.41816235559516785,0.280063681380148,-0.6022972706367207,0.3307045617468176,0.8517176355117337,0,baseline,1.0,-0.18546724884773924,0.8517176355117337,0.30935217352677913,0.2425338484013856
2026-09-12 18:52:00,Berbaring,59,0.9833333333333333,1.0,1,68.59322033898304,1.0,3.033580734103433,875.1694915254237,37.15213482628945,50.895260940552184,0.8457354655510095,0.9740301515750478,-0.02598305084745763,-0.45123106950388386,0.22483025315886507,0.657284357441326,0.6388212848699535,0.01626187418457023,-1.037741547578946,0.6015875455111243,1.3902350108889223,-0.0819511547309912,0.41832779423686,-0.44840472607148096,0.25540042714711786,0.669335724239331,0,baseline,1.0,-0.14878829759688128,0.669335724239331,-0.18238191127240277,-0.4917340847991819
2026-09-12 18:53:00,Berbaring,61,1.0,1.0,1,68.63934426229508,-1.0,1.0546738440399888,871.8688524590164,31.260451804069238,49.000340134873895,0.3740472600414319,0.9745336688045357,-0.014868852459016394,-0.4471820248099867,-0.22483025315886507,0.20698616415737042,0.5714555289391698,-0.22304255118765848,-2.67575670596977,1.1423183319415873,2.8129661520871156,-0.2750798304571528,0.33457961005922165,-0.7016098177122176,0.46418122627194136,0.9462203631951762,0,baseline,1.0,0.540730786430463,0.9462203631951762,0.27688463895584525,0.459266550228248
2026-09-12 18:54:00,Berbaring,60,1.0,1.0,1,68.78333333333333,1.0,-0.2784106696304112,876.3166666666667,52.26966961424112,47.62565894379319,1.1790955355868742,0.9794184184658331,-0.004233333333333328,-0.4345417691204963,0.22483025315886507,-0.09635582278237707,0.5225846540596082,0.6302957524213134,0.11990632561954026,0.3944203805443392,0.8033227665109962,-0.1838865145112839,0.4868350593501448,-0.3318587510436346,0.19342293390615983,0.6468116319583898,0,baseline,1.0,-0.7478979513972481,0.6468116319583898,-0.29940873123678646,-0.5762933701926317
2026-09-12 18:55:00,Berbaring,60,1.0,1.0,1,68.71666666666667,0.0,1.798833009169282,874.9333333333333,31.534144350005846,42.09070109470817,0.6820615363767635,0.9771430588452183,0.006400000000000002,-0.4403941835194252,0.0,0.37631880393744327,0.32581304311348813,-0.2119258911115804,-1.6061262853977878,0.7148742600516838,1.6735038329255498,-0.18366110323577045,0.21107340471171368,-0.4917222193370663,0.3177805753795637,0.6488902974283955,0,baseline,1.0,0.32045387950734455,0.6488902974283955,0.0020786654700057916,0.30148739670679225
2026-09-12 18:56:00,Berbaring,60,1.0,1.0,1,69.08333333333333,-2.0,-1.578771881078029,874.4,37.61364700049659,44.54953441899424,0.9594318404470874,0.9761116899951525,-0.03245,-0.408205904325315,-0.44966050631773014,-0.3922516565235113,0.4132262822852652,0.035007265821289636,-0.6429121171235772,0.4297296539083824,0.7607597888967602,-0.3954544088478859,0.3073962991701959,-0.4739483484775143,0.19621205106768314,0.7169399418567178,0,baseline,1.0,-0.28514460614330134,0.7169399418567178,0.06804964442832229,0.0659709789583165
2026-09-12 18:57:00,Berbaring,60,1.0,1.0,1,69.4,3.0,2.927479855515488,858.85,29.930894984551852,45.4245509665035,0.5466285866017928,0.9758169276530279,0.015300000000000001,-0.3804069359304002,0.6744907594765952,0.6331412134794289,0.444333730680084,-0.27704559743002705,-2.07643956032338,0.9649095806240834,2.2683362124924784,0.08786740965497802,0.24604967366177122,-0.46391476942995785,0.3990162315485717,0.6653510275959708,0,baseline,1.0,0.5351799267157009,0.6653510275959708,-0.051588914260747076,-0.11963855868906936
2026-09-12 18:58:00,Berbaring,60,1.0,1.0,1,72.63333333333334,-1.0,-2.822977604348102,835.4833333333333,65.6780776744086,44.02483890575826,1.3188321173580662,0.9785974234310719,-0.004416666666666668,-0.09656483758233196,-0.22483025315886507,-0.6753693676575147,0.3945729909304425,1.1749094687216146,0.6051646730816197,0.634865022369897,1.4593904434758396,-0.2182950456089609,0.4854234984409215,-0.2599103547138192,0.26891458757846365,0.6505053018046818,0,baseline,1.0,-0.33004455825418644,0.6505053018046818,-0.014845725791288955,0.03674318846945812
2026-09-12 18:59:00,Berbaring,60,1.0,1.0,1,69.63333333333334,-1.0,-4.101000409220346,869.1166666666667,38.82865081732541,43.24290869659872,0.9125422331826015,0.9851489014747752,-0.02438333333333333,-0.35992348553414777,-0.22483025315886507,-0.9661821203440315,0.3667748267711266,0.08435747511033542,-0.8057440187337624,0.5633922299683457,1.1691866886972921,-0.38875650316664767,0.28654692621093736,-0.48733987365811204,0.1977506101873464,0.7140351643734841,0,baseline,1.0,-0.07147279240155124,0.7140351643734841,0.06352986256880233,0.07837558836009129
2026-09-12 19:00:00,Berbaring,60,1.0,1.0,1,67.31666666666666,-2.0,-2.6790775215337144,900.85,46.4458222747715,52.217926657487844,0.8943551577919255,0.9853934633184493,-0.00931666666666667,-0.5632948858969398,-0.44966050631773014,-0.6426250543044731,0.685842973374349,0.39374663126676585,-0.8689016402912917,0.6208689762611194,1.0055878279634787,-0.4938232723167179,0.5286785275319441,-0.6268172816827706,0.26524106439111017,0.9932850228461328,0,baseline,1.0,0.05747674629277366,0.9932850228461328,0.2792498584726487,0.21571999590384638
2026-09-12 19:01:00,Berbaring,60,1.0,1.0,1,68.46666666666667,-1.0,-4.878021672686806,880.8166666666667,67.85265483650277,52.324282206969414,0.8203156407262469,0.9797505417588052,-0.026516666666666668,-0.4623407375154099,-0.22483025315886507,-1.1429924962333924,0.6896239873179345,1.2632349838995196,-1.126016085505155,0.9046173721520675,2.348366631532165,-0.4567409486080286,0.6570302928275167,-0.6846300314439904,0.34588624767126097,1.1084478680170207,0,baseline,1.0,0.28374839589094814,1.1084478680170207,0.11516284517088782,-0.1640870133017609
2026-09-12 19:02:00,Berbaring,60,1.0,1.0,1,70.93333333333334,8.0,6.605168102250662,838.5833333333334,51.39125153626128,47.249248940313635,1.1445669176610849,0.9783731309334851,-0.006466666666666667,-0.24580140475502785,1.7986420252709205,1.4699953278806341,0.5092030159730325,0.5946167566921223,0.0,1.0057563098199789,1.5766164304462855,0.5545312619869252,0.4445410616897374,0.06042092271287344,0.3572906509558733,0.7977649862027021,0,baseline,1.0,0.10113893766791138,0.7977649862027021,-0.3106828818143186,-0.4258457269852064
2026-09-12 19:03:00,Berbaring,60,1.0,1.0,1,72.43333333333334,-1.0,-6.771881078077199,839.2333333333333,62.30661380859808,49.843653863942144,1.522502687413028,0.9832952799929958,0.018533333333333336,-0.11412208077911994,-0.22483025315886507,-1.5739382233230481,0.6014359200326939,1.0379696129913951,1.3124443488744753,0.974890615674888,2.4068248077439978,-0.35075722868993964,0.5463101998573459,-0.22688050618118885,0.330732340977683,0.763114744583035,0,baseline,1.0,-0.030865694145090883,0.763114744583035,-0.03465024161966712,0.27603264019465146
2026-09-12 19:04:00,Berbaring,60,1.0,1.0,1,71.35,-1.0,2.0222283967769337,840.5333333333333,36.37677908360188,36.43545488780614,1.1296339363047163,0.9781274600197313,0.01633333333333333,-0.20922381476172092,-0.22483025315886507,0.4271521907596345,0.12476509717239961,-0.015231004804867455,-0.051857242848109754,0.2218369251219213,0.7995098810594705,-0.11789847888872561,0.10625520461001005,-0.13286574744445268,0.07235253625797289,0.21926790959446107,0,baseline,1.0,-0.7530536905529667,0.21926790959446107,-0.5438468349885739,-0.5091965933689068
2026-09-12 19:05:00,Berbaring,60,1.0,1.0,1,70.41666666666667,-3.0,-2.445679355376449,857.95,37.9894833797148,42.69759648695359,0.9642330165850033,0.9749419685308756,0.024100000000000003,-0.2911576163467294,-0.6744907594765952,-0.5895155456842693,0.3473885974833647,0.050272735539125785,-0.6262392404220825,0.4834978270588741,0.751868171547997,-0.4226477647189164,0.25603763951569425,-0.46095621503954,0.20521507039525833,0.7062437703594804,0,baseline,1.0,0.2616609019369528,0.7062437703594804,0.4869758607650193,1.030822695753593
2026-09-12 19:06:00,Berbaring,60,1.0,1.0,1,70.7,1.0,4.127813281467122,847.1166666666667,36.40873971567288,40.573014326340406,0.688574945029841,0.974838138597704,0.009649999999999997,-0.26628485515128025,0.22483025315886507,0.9062758292404729,0.27185822024655265,-0.01393284930949574,-1.5835073986376051,0.7664190371710792,1.9471958888985172,0.05687234355561809,0.19669844040874165,-0.3744646157208105,0.3076274704091204,0.5261018427053721,0,baseline,1.0,0.28292121011220506,0.5261018427053721,-0.1801419276541083,-0.6671177884191276
2026-09-12 19:07:00,Berbaring,60,1.0,1.0,1,72.63333333333334,2.0,6.411781050291761,823.4166666666666,40.74613079963843,34.475488713488865,0.8694919313360788,0.9766743157606402,0.006866666666666666,-0.09656483758233196,0.44966050631773014,1.42599030645246,0.05508693303171549,0.16224038965268156,-0.9552432984999868,0.7287905467794147,1.8594228310110696,0.28735980261313265,0.08992728357033804,-0.0822743761747951,0.21348399666283546,0.3781627457779095,0,baseline,1.0,-0.03762849039166449,0.3781627457779095,-0.1479390969274626,0.032202830726645704
2026-09-12 19:08:00,Berbaring,60,1.0,1.0,1,67.9,-10.0,-10.94303973325921,911.8166666666667,72.45161837840283,57.074289976058274,1.3301743988069095,0.9781772144058405,-0.013449999999999998,-0.5120862599063081,-2.2483025315886507,-2.523081013092695,0.8584900755908037,1.4500325973406267,0.6445526177597555,1.577872102445827,2.3809999591706257,-0.8703691994260344,0.7338846764267598,-0.6371902557064376,0.48039221285594746,1.390293983926923,0,baseline,1.0,0.8490815556664124,1.390293983926923,1.0121312381490135,1.160070335076476
2026-09-12 19:09:00,Berbaring,60,1.0,1.0,1,66.76666666666667,4.0,2.2272853570436646,893.9333333333333,34.26609069840639,44.26480409259632,0.534519083970886,0.978415593803062,-0.007583333333333332,-0.6115773046881058,0.8993210126354603,0.4738126876188114,0.4031039206452764,-0.10096152853706672,-2.118491807206615,1.0056504598692566,2.382215242137901,0.004500658966286191,0.30840539695946,-0.5305037634763287,0.41756173468811264,0.7422440233125135,0,baseline,1.0,-0.5722216425765705,0.7422440233125135,-0.6480499606144096,-1.6601811987634232
2026-09-12 19:10:00,Berbaring,60,1.0,1.0,1,69.28333333333333,4.0,2.593664093730143,862.0,33.35225451683787,45.45066239192127,0.5749556706406359,0.9790767558225278,0.018349999999999998,-0.39064866112852703,0.8993210126354603,0.5571817859912417,0.44526201006064026,-0.1380791130184188,-1.9780690848553566,0.94885172764815,2.259067294175632,0.13763765177105006,0.28075736878391355,-0.44169095413625076,0.396224342018746,0.6707111535418917,0,baseline,1.0,-0.05679873222110665,0.6707111535418917,-0.07153286977062179,0.5765170908437878
2026-09-12 19:11:00,Berbaring,60,1.0,1.0,1,73.5,-2.0,-3.5243123089746655,823.5833333333334,38.537365388327295,40.7025173085675,0.9182098299991301,0.9780415155664329,-0.009716666666666669,-0.020483450396252424,-0.44966050631773014,-0.8349573462362103,0.27646214156446564,0.07252623912177246,-0.78606235319987,0.5162934092990058,1.0169017851327589,-0.26493417122900803,0.17253903378541588,-0.3780844690466843,0.19135162187730792,0.5286994819307047,0,baseline,1.0,-0.43255831834914416,0.5286994819307047,-0.142011671611187,-0.07047880184056521
2026-09-12 19:12:00,Berbaring,60,1.0,1.0,1,69.73333333333333,2.0,2.9249119501252703,861.9833333333333,38.23455339671601,48.10141123409857,0.7690933602823513,0.9756898655675481,0.003350000000000002,-0.3511448639357544,0.44966050631773014,0.6325568892934121,0.5394979797121552,0.0602268249518208,-1.3038939099544737,0.673356044201552,1.4753825579547932,0.03663560653730896,0.3644513898469335,-0.4145371510394448,0.28866469132615424,0.6239674164874648,0,baseline,1.0,0.15706263490254624,0.6239674164874648,0.09526793455676008,0.23727960616794708
2026-09-12 19:13:00,Berbaring,60,1.0,1.0,1,71.33333333333333,-5.0,-1.062103063950966,860.9833333333333,59.37656093696034,56.15595716772824,1.1541078379914216,0.975866281246833,0.004733333333333333,-0.21068691836145315,-1.1241512657943253,-0.2746842075208875,0.8258427039202774,0.9189586926630152,0.033132420831271756,0.6965576630313796,1.6412610184259782,-0.4576430243131648,0.6206677572106636,-0.5273335987911643,0.3137709118907227,0.9854940446832703,0,baseline,1.0,0.02320161882982752,0.9854940446832703,0.3615266281958055,0.2662586936390454
2026-09-12 19:14:00,Berbaring,60,1.0,1.0,1,69.81666666666666,3.0,3.3952234228162874,858.4333333333333,33.80972012811172,44.79520252763152,0.8443404204570492,0.9757594029222042,0.0032499999999999972,-0.34382934593709324,0.6744907594765952,0.739575773050339,0.42195995484659,-0.11949808195809689,-1.0425860719572422,0.6323823263863513,1.3282728557376688,0.12354309223318609,0.26452656250583084,-0.2785026887034546,0.2623908969574732,0.4813002475907211,0,baseline,1.0,-0.06417533664502828,0.4813002475907211,-0.5041937970925492,-0.8657204252883547
2026-09-12 19:15:00,Berbaring,60,1.0,1.0,1,77.1,2.0,-0.21420237092951744,793.4,87.32196415409364,46.28504169540914,0.9789142232163349,0.9681397985889136,0.01531666666666667,0.29554692714592606,0.44966050631773014,-0.08174529156232455,0.47492477609499245,2.0540263182378933,-0.5752563268688182,0.9193949414647045,3.6547806439340342,0.27769909356372774,0.6141800668400816,-0.2914185823548985,0.3954322236877499,0.8340415905350168,0,baseline,1.0,0.2870126150783532,0.8340415905350168,0.3527413429442957,0.8569351400368449
2026-09-12 19:16:00,Berbaring,60,1.0,1.0,1,68.43333333333334,-5.0,-8.839544528846016,893.4666666666667,58.85733013596916,58.50959648943011,0.8184028000718719,0.9730738539262255,0.023683333333333334,-0.46526694471487434,-1.1241512657943253,-2.0444328791734896,0.909516222950593,0.8978689245953616,-1.132658740443002,1.1955611920449167,1.9640806907431085,-0.716203946060937,0.673845862505795,-0.7578135830048791,0.37428147291545455,1.296682068328197,0,baseline,1.0,0.27616625058021227,1.296682068328197,0.4626404777931802,0.10989913484888447
2026-09-12 19:17:00,Berbaring,60,1.0,1.0,1,67.2,9.0,5.478193286713498,881.15,58.63556651910979,50.56175951669135,0.7596583527412816,0.9735074935632665,-0.025416666666666664,-0.5735366110950654,2.0234722784297854,1.2135533872006286,0.6269650767080849,0.8888614788959153,-1.3366585311412762,1.2155871074214661,2.5334169152324773,0.4411272583691429,0.5926581615735068,-0.33697288338186904,0.4555595568984263,0.9310865634151031,0,baseline,1.0,0.020025915376549408,0.9310865634151031,-0.3655955049130939,-0.8282359827062741
2026-09-12 19:18:00,Berbaring,60,1.0,1.0,1,71.45,-9.0,-11.024729091414233,863.8833333333333,66.39100706578444,58.254409886174635,1.1256207492843773,0.9740358832468815,-0.004166666666666667,-0.20044519316332632,-2.0234722784297854,-2.541669341109762,0.9004441612685427,1.2038667560859773,-0.06579369726013166,1.463962945862143,2.053655150286502,-0.799972873181059,0.6838443304419813,-0.6800774945082443,0.43200523986458683,1.3254182705509499,0,baseline,1.0,0.2483758384406769,1.3254182705509499,0.39433170713584675,0.7599272120489406
2026-09-12 19:19:00,Berbaring,60,1.0,1.0,1,67.83333333333333,0.0,1.4598106993442397,886.6,41.042846565964304,52.271455735858005,0.5949045518933505,0.9768625842256562,0.011416666666666665,-0.5179386743052382,0.0,0.29917463188785504,0.6877459694351228,0.17429219143694258,-1.908793301608702,0.8664708194204329,2.002426011391757,-0.2354863759642508,0.48187315762762767,-0.6505815642357785,0.37490211757734726,0.9227478218853993,0,baseline,1.0,-0.5974921264417101,0.9227478218853993,-0.4026704486655506,-0.7970021558013973
2026-09-12 19:20:00,Berbaring,60,1.0,1.0,1,72.25,1.0,5.063073075854471,834.35,53.92613435155254,38.51215964702533,0.9415641272339097,0.9767289495893402,-0.02191666666666667,-0.13021622037617567,0.22483025315886507,1.1190932173542942,0.19859339940573748,0.6975769249855311,-0.7049607008004715,0.6248862603367391,1.9957324452288738,0.16224753695899868,0.30013125343987196,-0.21349287324670724,0.2082493892823638,0.4531556549401788,0,baseline,1.0,-0.2415845590836938,0.4531556549401788,-0.4695921669452205,-0.06692171827966992
2026-09-12 19:21:00,Berbaring,60,1.0,1.0,1,72.7,3.0,-1.1303139761044267,824.3333333333334,36.50802868126531,36.31570608530937,0.9822030637203377,0.9812753440957248,0.0046000000000000025,-0.09071242318340306,0.6744907594765952,-0.29020552924612,0.12050794374528678,-0.009899996766803218,-0.563835285307547,0.38295260388714825,1.3407153601909663,0.10849581962531993,0.0817639136746688,-0.09775136268286971,0.1808281525709774,0.24639567797378115,0,baseline,1.0,-0.24193365644959086,0.24639567797378115,-0.20675997696639764,0.26283218997882285
2026-09-12 19:22:00,Berbaring,60,1.0,1.0,1,73.43333333333334,6.0,1.233676021117018,810.8166666666667,52.316666711662826,34.59597311728929,1.2237285300112835,0.9740247874316004,0.004949999999999999,-0.02633586479518133,1.3489815189531904,0.24771792234994347,0.05937023759809293,0.6322046489709493,0.27490176662823224,0.6272409704270226,1.6582355700364315,0.4031188767167306,0.19350114715095268,0.1686434804626539,0.2875597506203925,0.5577443468055173,0,baseline,1.0,0.2442883665398744,0.5577443468055173,0.3113486688317362,0.5181086457981339
2026-09-12 19:23:00,Berbaring,60,1.0,1.0,1,71.63333333333334,-8.0,-12.20338983050845,857.7,63.79025482132432,43.61153633724585,0.8525319021663326,0.9797315578515716,0.01355,-0.18435105356627057,-1.7986420252709205,-2.8098723596417967,0.37987979643252967,1.0982311475427449,-1.014139799498528,1.502408120851223,2.982648872464257,-0.7866060561659528,0.47797926819155384,-0.7154934520935098,0.41222621816370497,1.2365575616800561,0,baseline,1.0,0.8751671504242003,1.2365575616800561,0.6788132148745388,0.36746454604280265
2026-09-12 19:24:00,Berbaring,60,1.0,1.0,1,72.58333333333333,3.0,0.31842178382886677,822.6333333333333,32.72327045664188,32.58652107746703,0.8050612233818804,0.9802522462396672,-0.013250000000000003,-0.10095414838152988,0.6744907594765952,0.039452777832140504,-0.01206718356675957,-0.16362676528107759,-1.1789895678831979,0.5603007797582799,1.6583022744956706,0.15156355204516053,-0.027345993070659495,-0.13653953998221852,0.26417469928382864,0.3348889836435707,0,baseline,1.0,-0.9421073410929431,0.3348889836435707,-0.9016685780364855,-1.5804817929110242
2026-09-12 19:25:00,Berbaring,60,1.0,1.0,1,71.21666666666667,-10.0,-8.720755765490386,867.1,72.84245828370676,51.64759990813887,1.0810608416931546,0.982322851719315,-0.018983333333333335,-0.22092864355957872,-2.2483025315886507,-2.017402620301754,0.6655674597579964,1.465907470207777,-0.22053533217564575,1.4032158101382037,2.582949266610175,-0.7999998624121041,0.6508227477555036,-0.6868983701799997,0.46327046535870564,1.3228828080691883,0,baseline,1.0,0.8429150303799239,1.3228828080691883,0.9879938244256177,1.8896624024621032
2026-09-12 19:26:00,Berbaring,60,1.0,1.0,1,70.1,4.0,6.278410669630517,854.05,48.10420362899339,34.864143106869435,1.1980008664198694,0.982307429809783,-0.005050000000000004,-0.3189565847416442,0.8993210126354603,1.395642015812355,0.06890386771703093,0.46110565168985307,0.1855582077678013,0.7199683137119283,1.0874194173658294,0.2947100109701641,0.21362331288846068,0.08152796805193736,0.21421457866949922,0.43014370350465925,0,baseline,1.0,-0.6832474964262755,0.43014370350465925,-0.8927391045645291,-1.8807329289901467
2026-09-12 19:27:00,Berbaring,60,1.0,1.0,1,69.13333333333334,0.0,3.754376215615511,871.2833333333333,45.05141758023493,41.094970618915056,0.8198700104502098,0.9751633493231248,-0.014033333333333333,-0.40381659352611704,0.0,0.8213006154481499,0.2904141303968633,0.33710963757516266,-1.127563610201894,0.6200786928654431,1.7201038049877349,-0.09858279764884231,0.31381223803158914,-0.42381237691542223,0.2485094075897929,0.5912449113675289,0,baseline,1.0,-0.09988962084648512,0.5912449113675289,0.16110120786286963,1.0538403124273987
2026-09-12 19:28:00,Berbaring,60,1.0,1.0,1,71.0,5.0,6.785218116143444,844.7833333333333,51.50221047310318,35.69527338980444,1.2079131073341762,0.9769621933161855,-0.02765,-0.23994899035609893,1.1241512657943253,1.5109655202447991,0.09845112880525424,0.5991236122919097,0.21998010062330686,0.8186718270026873,1.2132120635273376,0.4069231817799873,0.24672153408201006,0.13134373309445735,0.2553310955281738,0.5557905503123767,0,baseline,1.0,0.1985931341372441,0.5557905503123767,-0.035454361055152206,-0.19655556891802184
2026-09-12 19:29:00,Berbaring,60,1.0,1.0,1,73.0,0.0,4.972435693340459,820.9,42.55512875143074,34.00523389426089,1.1175412593792218,0.9808690846039115,0.015733333333333335,-0.06437655838822172,0.0,1.0984687757522245,0.03836904630924267,0.23571705391322162,-0.09385105969176794,0.46127011739290386,1.3738213879339487,0.12864638305694878,0.09264115019575343,0.0010326657682258559,0.05743965590816058,0.16861985367288188,0,baseline,1.0,-0.3574017096097834,0.16861985367288188,-0.38717069663949477,-0.35171633558434257
2026-09-12 19:30:00,Berbaring,60,1.0,1.0,1,78.13333333333334,-2.0,-8.752431230897425,779.45,56.09991842647926,36.170968787839335,0.8981622020275455,0.97481511128987,-0.006366666666666669,0.38625935032933034,-0.44966050631773014,-2.0246103393287775,0.11536243189791562,0.7858702270813407,-0.855681050728589,0.984338055739152,2.8986659160892243,-0.22236908587795393,0.1806601467906794,-0.3737735391174927,0.2538187405165042,0.534992252817204,0,baseline,1.0,0.5230679383462482,0.534992252817204,0.36637239914432207,0.7535430957838168
2026-09-12 19:31:00,Berbaring,60,1.0,1.0,1,75.51666666666667,2.0,6.073353709363778,792.7166666666667,30.92149253456197,30.58663716202479,0.9731614717377628,0.9781794829602781,-0.011050000000000004,0.15655208517135702,0.44966050631773014,1.3489815189531762,-0.08316445123824819,-0.23681017122222373,-0.5952337060237122,0.6408006466810898,1.3726547053384952,0.39974805075006725,-0.13541644167416123,0.17352005800861062,0.164265096870145,0.48500345291063607,0,baseline,1.0,-0.3435374090580622,0.48500345291063607,-0.049988799906567905,-0.41636119905089
2026-09-12 19:32:00,Berbaring,60,1.0,1.0,1,74.76666666666667,2.0,-2.5973881633786537,799.8666666666667,44.097529300352875,33.163181544741626,1.1534281150626922,0.9781026423311244,0.023616666666666675,0.09071242318340306,0.44966050631773014,-0.6240367262873977,0.008433498138218856,0.29836524385513885,0.03077197075480278,0.33908824004795884,1.3067434008956567,0.09093259231905619,0.06101137809628366,0.022607209383240973,0.11535513337390035,0.16065185126502401,0,baseline,1.0,-0.301712406633131,0.16065185126502401,-0.32435160164561205,-0.27436280173904415
2026-09-12 19:33:00,Berbaring,60,1.0,1.0,1,75.15,-8.0,-10.427896637954946,812.9833333333333,46.19688582455538,34.29162075839064,0.953577762862996,0.9758886581948956,-0.008166666666666666,0.12436380597724676,-1.7986420252709205,-2.405860740495242,0.04855029902066752,0.383635497665637,-0.6632413679064716,1.2667654237381352,2.136069106361024,-0.6815868028669007,0.09742873378309486,-0.5087981851484211,0.3547891756397301,0.926716720670533,0,baseline,1.0,0.9276771836901763,0.926716720670533,0.766064869405509,1.090416471051121
2026-09-12 19:34:00,Berbaring,60,1.0,1.0,1,72.25,1.0,3.7060294526257724,829.1833333333333,34.80770013517935,35.19557946048512,0.9679669453445675,0.9779117844733664,-0.01621666666666666,-0.13021622037617567,0.22483025315886507,0.8102993600911034,0.08068666119175405,-0.0789628000660484,-0.6132725564196488,0.4306852387561444,0.9726304247678499,0.11683899104701229,0.050636861821940354,-0.08603015095289668,0.14019978175122672,0.20802068954824637,0,baseline,1.0,-0.8360801849819908,0.20802068954824637,-0.7186960311222866,-1.4847609005277955
2026-09-12 19:35:00,Berbaring,60,1.0,1.0,1,73.73333333333333,-1.0,-6.538482911919906,827.0833333333334,73.89784329016547,39.57036213281392,1.3485562085972225,0.9755294755258884,-0.006483333333333331,0.0,-0.22483025315886507,-1.5208287147028379,0.23621323563813648,1.508774389823879,0.7083864866661473,0.9307234541626234,2.4964857801398668,-0.2872564477091766,0.46769108021773326,-0.26691929667964664,0.31598361934528885,0.6872719781136365,0,baseline,1.0,0.500038215406479,0.6872719781136365,0.4792512885653901,1.1979473196876769
2026-09-12 19:36:00,Berbaring,60,1.0,1.0,1,74.15,2.0,5.013059183106453,810.0166666666667,38.13512623693993,32.58756131628099,1.1091920640347752,0.9795548302745333,-0.007966666666666669,0.036577589993308166,0.44966050631773014,1.107712608364243,-0.012030202351586488,0.05618835933055921,-0.1228450187834414,0.49141843505874827,0.9118550057973749,0.3105669136928718,0.00011496054009916432,0.1451471826971534,0.09998045387065901,0.35709328878844154,0,baseline,1.0,-0.4393050191038751,0.35709328878844154,-0.33017868932519495,-0.8094299778905851
2026-09-12 19:37:00,Berbaring,60,1.0,1.0,1,78.21666666666667,2.0,3.4359544317866675,776.7333333333333,73.65468368935224,44.29198190436898,1.2477101625299376,0.9755134285874475,0.010866666666666665,0.3935748683279915,0.44966050631773014,0.7488440715448713,0.4040701108043181,1.4988978964132709,0.3581819443593589,0.7589603695178256,2.1977391219475084,0.4330876480949219,0.4763467300355007,0.04780742169882983,0.3164693256517339,0.7189641867268898,0,baseline,1.0,0.26754193445907737,0.7189641867268898,0.36187089793844823,0.6920495872636432
2026-09-12 19:38:00,Berbaring,60,1.0,1.0,1,72.95,-3.0,-0.09169213670457144,828.6333333333333,50.397392543079484,42.67933251269066,1.2265853292459812,0.9787562362051403,-0.0059000000000000025,-0.06876586918741841,-0.6744907594765952,-0.05386821588620784,0.3467393004632274,0.5542488593752761,0.28482247356187035,0.40230835937077,1.0882728141745976,-0.24327169863446982,0.3301726391576324,-0.2528263713184439,0.1975003801848969,0.5206944067416578,0,baseline,1.0,-0.35665201014705566,0.5206944067416578,-0.198269779985232,-0.5601406779236802
2026-09-12 19:39:00,Berbaring,60,1.0,1.0,1,73.2,3.0,4.841344818005047,822.6166666666667,52.34503899458508,29.43248522365514,1.2058682707771735,0.978020530644075,-0.013516666666666672,-0.04681931519143375,0.6744907594765952,1.0686391841650955,-0.12419535741346428,0.6333570553097836,0.21287906812412952,0.5860891119369827,1.446225557113778,0.32470031449294395,0.09906964208280224,0.1651462656167,0.19294303495016485,0.4239639041205671,0,baseline,1.0,0.18378075256621268,0.4239639041205671,-0.09673050262109067,0.10153927736414131
2026-09-12 19:40:00,Berbaring,60,1.0,1.0,1,73.51666666666667,1.0,3.962767435398751,817.9333333333333,42.26946113487571,31.192404551347355,1.1855728198540072,0.9741087514333795,0.0008499999999999989,-0.019020346796520197,0.22483025315886507,0.8687198195733244,-0.061628998158812134,0.22411399845872185,0.14239976448623426,0.38294635218095463,0.9182925775447545,0.18513606254295265,0.025930805625044982,0.1155247592328457,0.07607499371058446,0.2325535271677133,0,baseline,1.0,-0.20314275975602802,0.2325535271677133,-0.19141037695285382,-0.09467987433176314
2026-09-12 19:41:00,Berbaring,60,1.0,1.0,1,87.13333333333334,21.0,25.15031953320373,681.6333333333333,75.34867350438265,25.127134364187498,1.4412803314465734,0.9923762719115478,0.016416666666666666,1.1763352941847778,4.721435316336167,5.689925141388838,-0.27725358249927157,1.5677032373902702,1.0303863098579227,3.1529674705578343,4.78141276767601,0.9941632609010318,0.004169255978125071,0.635491246747297,0.6889284451119877,1.366327010344756,0,baseline,1.0,2.7700211183768797,1.366327010344756,1.1337734831770427,1.3251838601298966
2026-09-12 19:42:00,Berbaring,60,1.0,1.0,1,91.13333333333334,-10.0,-12.08002222839668,667.7,41.28417433893353,20.746247363343013,1.3354206598446192,0.9869153692628105,-0.0043333333333333375,1.5274801581205322,-2.2483025315886507,-2.7818001907996726,-0.4329971700808081,0.18409428089405633,0.662771125248956,1.6220930422632263,2.570300888591703,-0.24646596048168704,-0.4602440675680015,0.2450429132536514,0.4697346594493276,0.7438190311033402,0,baseline,1.0,-1.530874428294608,0.7438190311033402,-0.6225079792414158,-1.7562814624184586
2026-09-12 19:43:00,Berbaring,60,1.0,1.0,1,78.25,-15.0,-21.95443178660733,795.55,73.51984051365007,32.17457676225918,1.262996334411041,0.9795650985831394,-0.03608333333333334,0.39650107552745595,-3.372453797382976,-5.0287117590673045,-0.026712091212613753,1.4934209268351255,0.41126569960815673,2.556650111322734,4.466176751054566,-0.9134494808384757,0.2723157593645452,-0.5152988649148166,0.5659476901955777,1.2224465366888555,0,baseline,1.0,0.9345570690595078,1.2224465366888555,0.47862750558551526,1.101135484826931
2026-09-12 19:44:00,Berbaring,60,1.0,1.0,1,68.03333333333333,-4.0,-4.607946651847694,895.6166666666667,40.84866309729314,30.432475962700423,1.3157024100260035,0.976819416452658,-0.010366666666666666,-0.5003814311084502,-0.8993210126354603,-1.0815372076871586,-0.08864498936763181,0.1664049776795352,0.5942962477290986,0.6605072763640265,1.3194975229226051,-0.6089410976087285,0.09265625527776494,-0.2608491103314202,0.23590477607353177,0.7092867993513047,0,baseline,1.0,-1.8961428349587075,0.7092867993513047,-0.5131597373375508,-0.9917872429230661
2026-09-12 19:45:00,Berbaring,60,1.0,1.0,1,68.13333333333334,0.0,0.3567657682690084,886.3166666666667,38.8327538086289,28.323195261666868,1.1693328395223266,0.9760800471659937,0.005816666666666667,-0.4916028095100557,0.0,0.048177911391178406,-0.16363138904699798,0.08452412765638823,0.08600375194120241,0.21806369040935555,0.764170684478881,-0.2572440031385116,0.02944581501971074,-0.13956180589863285,0.11214920300754494,0.3147959252814699,0,baseline,1.0,-0.4424435859546709,0.3147959252814699,-0.3944908740698348,0.11866886326771603
2026-09-12 19:46:00,Berbaring,60,1.0,1.0,1,65.45,-2.0,-1.298694081689309,926.55,43.20876598130429,32.99563402037881,1.6976046898974289,0.9765944951730554,0.011000000000000003,-0.7271624890669579,-0.44966050631773014,-0.3285202461792665,0.0024770668197119155,0.2622660520699215,1.9205149577720988,0.8752192800999831,2.7561273418221686,-0.5256502654926265,0.2092256382257004,-0.020076057632648393,0.37731560836178746,0.6803335106452684,0,baseline,1.0,0.6571555896906275,0.6803335106452684,0.3655375853637985,0.7600284594336333
2026-09-12 19:47:00,Berbaring,60,1.0,1.0,1,65.96666666666667,4.0,4.151153098082866,900.15,30.36714605164657,27.9014609908465,1.052284504118284,0.9770081263873763,0.006483333333333329,-0.6818062774752564,0.8993210126354603,0.9115867801024972,-0.17862433644120979,-0.2593262444819143,-0.32046591470884084,0.6200112497052379,1.0827848347118394,0.0315304131258927,-0.026707337995501724,-0.03205143763152363,0.2378523037598722,0.24353328707349514,0,baseline,1.0,-0.25520803039474516,0.24353328707349514,-0.4368002235717732,-0.8023378089355717
2026-09-12 19:48:00,Berbaring,60,1.0,1.0,1,67.53333333333333,7.0,6.198388441233735,882.95,60.47115154758941,28.342936225774228,1.2182534786249215,0.9798645400980218,-0.02793333333333333,-0.5442745391004196,1.5738117721120555,1.3774330414282838,-0.16292958400801708,0.9634180391870102,0.2558887468853685,0.9738787972097595,2.09540718226412,0.3621927968622606,0.2543873299901336,0.11002355183644222,0.3530630692420692,0.5767627316147883,0,baseline,1.0,0.35386754750452154,0.5767627316147883,0.33322944454129316,0.7700296681130664
2026-09-12 19:49:00,Berbaring,60,1.0,1.0,1,69.55,-7.0,-2.6690747429841215,875.6333333333333,33.18564457185844,26.52852637943553,1.4215607315197365,0.9782688097074791,0.008033333333333337,-0.36723900353281014,-1.5738117721120555,-0.6403489325064653,-0.22743311919565853,-0.14484636390313727,0.9619067438643957,0.8185114142811593,2.1515019844524566,-0.6470325490602739,-0.08762668820679927,-0.11478374799621643,0.34612323096003916,0.7478677395394208,0,baseline,1.0,-0.1553673829286002,0.7478677395394208,0.17110500792463246,-0.1621244366166607
2026-09-12 19:50:00,Berbaring,60,1.0,1.0,1,67.51666666666667,-3.0,-2.3656571269796554,896.45,27.619340435674687,22.78938200573657,1.233726572399415,0.9777858704723068,0.0042166666666666654,-0.5457376427001518,-0.6744907594765952,-0.5713065713001957,-0.3603623089083667,-0.37093476813886767,0.30962161926542325,0.4903192328647677,1.2834563291262844,-0.5285990134285922,-0.17980912908769534,-0.12918419725912783,0.21040047377180504,0.6104958280658777,0,baseline,1.0,-0.32819218141639156,0.6104958280658777,-0.1373719114735431,-0.30847691939817556
2026-09-12 19:51:00,Berbaring,60,1.0,1.0,1,67.91666666666667,5.0,4.23617671575445,875.55,28.008125334369712,24.70538265648581,1.3138370750788688,0.9828450468759401,0.02263333333333333,-0.5106231563065758,1.1241512657943253,0.9309338153855733,-0.2922471497867726,-0.35514336415044456,0.5878185642017314,0.7009702460222054,1.5089485504929394,0.19356924733735772,-0.1463388917420859,0.295437347829908,0.2757422649133221,0.47138216757038215,0,baseline,1.0,0.21065101315743767,0.47138216757038215,-0.1391136604954955,-0.001741749021952399
2026-09-12 19:52:00,Berbaring,60,1.0,1.0,1,69.36666666666666,-2.0,0.16337871631015694,868.9333333333333,27.681522116145757,24.701266007492034,1.0215235557242954,0.9753473602627329,0.0083,-0.3833331431298659,-0.44966050631773014,0.004172889963015415,-0.29239349952895516,-0.3684091143897287,-0.427288385924539,0.3542482372227593,1.0652634115864899,-0.33202767916885245,-0.17444939325290929,-0.17044576896794342,0.17636475167053012,0.4481420046496913,0,baseline,1.0,-0.3467220087994461,0.4481420046496913,-0.023240162920690866,0.11587349757480464
2026-09-12 19:53:00,Berbaring,60,1.0,1.0,1,68.95,4.0,1.66879688802449,868.8666666666667,49.684245931535585,26.402362503433512,1.46474916071542,0.9775955973536944,-0.03166666666666667,-0.4199107331231728,0.8993210126354603,0.346729220563323,-0.2319183329589806,0.5252827491079668,1.1118856936521955,0.6672483714696599,1.630612311229495,0.09060561661916426,0.08752323272520644,0.2203961536445521,0.30033141869688873,0.3932468939831674,0,baseline,1.0,0.3130001342469006,0.3932468939831674,-0.05489511066652386,-0.031654947745832995
2026-09-12 19:54:00,Berbaring,60,1.0,1.0,1,68.13333333333334,-4.0,-3.7477076965823457,889.75,29.87580223729622,27.20667914006611,1.2126924871884652,0.9775799603414339,-0.003933333333333332,-0.4916028095100557,-0.8993210126354603,-0.8857907330584079,-0.20332431569340656,-0.27928331764926895,0.23657728613184753,0.5788473589875092,1.1897538263977065,-0.5869802680303354,-0.08313630667452918,-0.2258373481901822,0.2192998784741097,0.671232020303545,0,baseline,1.0,-0.08840101248215071,0.671232020303545,0.2779851263203776,0.33288023698690145
2026-09-12 19:55:00,Berbaring,60,1.0,1.0,1,69.71666666666667,13.0,6.073353709363785,843.9666666666667,63.896889043039735,27.67884831541581,1.357940464687805,0.9858150804228324,-0.004083333333333334,-0.3526079675354866,2.9227932910652457,1.3489815189531777,-0.1865383722759657,1.1025623447671005,0.7409748650632484,1.4309838211657002,3.037162538441231,0.7090400940752526,0.23886121564726157,0.3857465677121708,0.5149063598163859,0.9867732815737424,0,baseline,1.0,0.8521364621781911,0.9867732815737424,0.31554126127019744,0.03755613494981985
2026-09-12 19:56:00,Berbaring,60,1.0,1.0,1,73.55,-12.0,-14.332314531814315,839.65,49.072697714889784,25.847663238971027,1.6444342562968195,0.9828172274614446,-0.029133333333333334,-0.016094139597055742,-2.697963037906381,-3.294306948984644,-0.251638278590898,0.5004432942323571,1.7358718498912882,1.8911521286685813,3.1434198700585028,-0.8648780781981963,-0.010071061236697588,-0.12235338811232695,0.5172356400621708,1.015193860972045,0,baseline,1.0,0.46016830750288107,1.015193860972045,0.02842057939830256,-0.2871206818718949
2026-09-12 19:57:00,Berbaring,60,1.0,1.0,1,69.01666666666667,0.0,3.5459849958322187,874.1166666666667,60.39168526972496,31.49414796326777,1.401332383002344,0.9843721857334334,0.014833333333333334,-0.4140583187242439,0.0,0.7738814113229636,-0.05090180946562738,0.9601903312656741,0.8916604644075977,0.6441986728158872,1.936807422589372,-0.11118823433590787,0.28660478051211985,-0.04043201160539265,0.26471319544916416,0.4076922210129881,0,baseline,1.0,-1.2469534558526942,0.4076922210129881,-0.6075016399590569,-0.6359222193573595
2026-09-12 19:58:00,Berbaring,60,1.0,1.0,1,71.53333333333333,4.0,2.7941094748541278,836.7666666666667,41.4390983258142,24.82719940928647,1.3365087707874734,0.9819148527117678,-0.019833333333333335,-0.19312967516466517,0.8993210126354603,0.6027929228392974,-0.28791647928441744,0.19038687937856918,0.6665497701198418,0.5435789304771173,1.0790445073370374,0.24866931855092422,-0.07200657006673136,0.3001474934167258,0.23315618388576442,0.4598605223433209,0,baseline,1.0,-0.10061974233876991,0.4598605223433209,0.052168301330332845,0.6596699412893898
2026-09-12 19:59:00,Berbaring,60,1.0,1.0,1,75.65,8.0,20.687413170325108,794.25,89.2466825096768,24.806027151699393,1.3199807206466772,0.9760804426241951,-0.025016666666666666,0.16825691396921608,1.7986420252709205,4.674395465843929,-0.2886691678046136,2.132203236165946,0.6091533876090263,2.240315635264538,5.686360096399815,0.870051916619457,0.32804095163854174,0.39687711077880405,0.4741875555383549,1.11667653438795,0,baseline,1.0,1.696736704787421,1.11667653438795,0.6568160120446289,0.604647710714296
2026-09-12 20:00:00,Berbaring,60,1.0,1.0,1,72.5,-8.0,-7.4320644623506045,843.0666666666667,44.998254831194366,44.783093056742004,0.9099449278051145,0.9821761381906965,-0.029733333333333334,-0.10826966638019102,-1.7986420252709205,-1.7241622619916237,0.4215294547127853,0.3349503087276364,-0.8147635904118323,1.0934112873764081,1.598696456352354,-0.6951044875688582,0.3250046389150392,-0.6193887333902264,0.3676345379292276,1.0524237836935488,0,baseline,1.0,-1.14690434788813,1.0524237836935488,-0.06425275069440106,-0.72106876273903
2026-09-12 20:01:00,Berbaring,60,1.0,1.0,1,70.26666666666667,-3.0,-4.8246735204222855,859.3666666666667,35.900978064513794,33.328869757644554,1.3534146365668551,0.9792280434670783,-0.00425,-0.30432554874432066,-0.6744907594765952,-1.1308531799773451,0.014323829637867493,-0.034556771149555916,0.7252581798042252,0.6263358402650869,1.4477121381868943,-0.49249900734929,0.06003175255811916,-0.15751776809741946,0.20692313665957884,0.5601679349147597,0,baseline,1.0,-0.4670754471113212,0.5601679349147597,-0.49225584877878914,-0.4280030980843881
2026-09-12 20:02:00,Berbaring,60,1.0,1.0,1,71.53333333333333,2.0,0.40677966101698204,843.6166666666667,52.711910231237006,46.57179622249748,1.1001691183065854,0.9871771256916374,0.010483333333333338,-0.19312967516466517,0.44966050631773014,0.05955852038121938,0.4851190994809588,0.6482583848859805,-0.15417868730319115,0.39208659791680767,0.8620195343777539,0.03759288451297754,0.4361820379766362,-0.24497484802237954,0.19292714670200217,0.53749563283586,0,baseline,1.0,-0.23424924234827926,0.53749563283586,-0.022672302078899698,0.46958354669988944
2026-09-12 20:03:00,Berbaring,60,1.0,1.0,1,71.53333333333333,0.0,0.8935815504307358,850.4833333333333,73.97330981490386,76.70126951858562,1.1120963841039102,0.9842698907821923,-0.021983333333333337,-0.19312967516466517,0.0,0.17032978121765088,1.5562428838128355,1.51183963845814,-0.1127592879076347,0.8931756983408162,2.1887273101342175,-0.08049730577914659,0.8544790262477204,-0.4905533922342721,0.3859799063392161,1.0612432997504084,0,baseline,1.0,0.5010891004240086,1.0612432997504084,0.5237476669145484,0.5464199689934481
2026-09-12 20:04:00,Berbaring,60,1.0,1.0,1,72.56666666666666,2.0,6.005001389274867,828.8833333333333,59.24413484999417,49.302078204212016,1.1484406697799487,0.9792338661428224,0.016883333333333337,-0.10241725198126211,0.44966050631773014,1.333428020000117,0.5821825276998287,0.9135798987723367,0.01345224369918818,0.7262299726242737,1.5432889951292712,0.2715929844286323,0.5146824344124238,-0.13026434508692267,0.2314807918747679,0.639697517653027,0,baseline,1.0,-0.16694572571654254,0.639697517653027,-0.42154578209738147,-0.9452934490119299
2026-09-12 20:05:00,Berbaring,60,1.0,1.0,1,70.48333333333333,-3.0,-1.8355098638510272,863.9166666666666,62.514890881460424,54.847400012540184,1.055294658231208,0.9758912040027713,0.017650000000000002,-0.28530520194780046,-0.6744907594765952,-0.45067211600573687,0.7793225846236163,1.0464292713015177,-0.31001265764523644,0.6503727082302115,1.2743554348899397,-0.40269877787067676,0.6335328811718505,-0.559379700647399,0.28941915228276693,0.9798976030325269,0,baseline,1.0,-0.07585726439406215,0.9798976030325269,0.3402000853795,0.7617458674768814
2026-09-12 20:06:00,Berbaring,60,1.0,1.0,1,69.75,0.0,1.5821061405946593,861.2833333333333,53.26813900230006,63.72584288063562,0.8813818638262997,0.9715278087214829,0.005333333333333332,-0.34968176033602216,0.0,0.32700283164724975,1.0949574193382166,0.6708509116619009,-0.9139535451762102,0.6724943573491394,1.5973759942972858,-0.1423021662927645,0.6857431982789595,-0.5636833913947439,0.30302781249945177,0.9487141094133431,0,baseline,1.0,0.02212164911892789,0.9487141094133431,-0.031183493619183822,-0.3713835789986838
2026-09-12 20:07:00,Berbaring,60,1.0,1.0,1,70.61666666666666,1.0,1.7754931925535553,851.45,50.91515874305518,56.03645907587945,1.094784093745174,0.972181162914209,-0.0014166666666666657,-0.2736003731499426,0.22483025315886507,0.3710078530754229,0.8215944634315153,0.575279139262203,-0.17287907403507763,0.46527829640221924,1.2051524209198425,-0.027373111473917904,0.5719504959028647,-0.3489114672818845,0.2141287412100754,0.7038941588110428,0,baseline,1.0,-0.2072160609469202,0.7038941588110428,-0.24481995060230033,-0.2136364569831165
2026-09-12 20:08:00,Berbaring,60,1.0,1.0,1,73.05,2.0,2.5056960266741433,833.3,92.03210567283719,93.91350149319247,0.9353289140699867,0.9745498832844534,0.0023166666666666687,-0.059987247589025045,0.44966050631773014,0.5371647443300605,2.1681497322419685,2.2453396840985107,-0.726613507800956,1.3394482540393098,3.2327640684216985,0.18048103676447455,0.9431488964214645,-0.5115227805030387,0.5150680142578064,1.2037665304109622,0,baseline,1.0,0.8741699576370905,1.2037665304109622,0.4998723715999194,0.7446923222022197
2026-09-12 20:09:00,Berbaring,60,1.0,1.0,1,72.1,3.0,-1.2670186162822579,829.35,59.969716934070505,37.33653638398375,1.5655677688164118,0.9766293480723068,-0.009583333333333333,-0.14338415277376695,0.6744907594765952,-0.3213125271522403,0.15679917266692558,0.9430511047139014,1.461994953091661,0.7778280818522341,2.0304774816196915,0.07514712929298677,0.3369777133774873,0.1473124682913413,0.3429084884083856,0.5084174122615277,0,baseline,1.0,-0.5616201721870757,0.5084174122615277,-0.6953491181494345,-1.1952214897493538
2026-09-12 20:10:00,Berbaring,60,1.0,1.0,1,70.56666666666666,-4.0,-4.731314253959414,859.5666666666667,91.74935766951376,88.59190382720541,1.1061057358352215,0.9775173484415455,-0.029766666666666667,-0.2779896839491393,-0.8993210126354603,-1.1096093765292714,1.9789632245766053,2.233855215534049,-0.13356280293743872,1.3565601784879349,2.766173596733348,-0.5292710718111503,0.9357198096230556,-0.6817933853069063,0.5035972895670023,1.3689966690553392,0,baseline,1.0,0.5787320966357008,1.3689966690553392,0.8605792567938115,1.555928374943246
2026-09-12 20:11:00,Berbaring,60,1.0,1.0,1,74.21666666666667,2.0,4.729647124201259,829.6833333333333,103.82522662443756,80.06491010741519,1.4405615363340922,0.9834039810696863,-0.019783333333333333,0.042430004392237076,0.44966050631773014,1.0432224907540086,1.6758226521424469,2.7243447531126317,1.0278901751734664,1.4479469459027063,3.2878884422686214,0.3047231571489894,0.9208064306348556,-0.13248437185554482,0.5313928064039377,1.1138541685001506,0,baseline,1.0,0.09138676741477147,1.1138541685001506,-0.2551425005551886,-1.1157217573490001
2026-09-12 20:12:00,Berbaring,60,1.0,1.0,1,68.45,1.0,-4.96637954987491,892.1333333333333,86.39453581800784,80.65273961112332,0.8773768261453496,0.9907828395872215,-0.028133333333333337,-0.4638038411151421,0.22483025315886507,-1.1630982387824684,1.6967204008805747,2.0163566567500117,-0.9278616996619373,1.2532585380061236,2.8513670782045835,-0.34706926494496876,0.9104324915777219,-0.7050129711529064,0.47020308832905267,1.2913088825520744,0,baseline,1.0,-0.1946884078965827,1.2913088825520744,0.1774547140519238,0.4325972146071124
2026-09-12 20:13:00,Berbaring,60,1.0,1.0,1,68.56666666666666,-8.0,-9.09585996110027,901.4,98.43077236897282,90.34369402923183,1.459099606760889,0.9939658745594525,0.006916666666666664,-0.4535621159170165,-1.7986420252709205,-2.10275718772708,2.0412405877455675,2.5052364319534437,1.092266684935047,1.8026988446340388,3.4949963859663074,-0.8020972576468567,0.950766708591709,-0.6325297401961908,0.5803096854981682,1.5113472626125881,0,baseline,1.0,0.5494403066279152,1.5113472626125881,0.22003838006051368,0.04258366600858987
2026-09-12 20:14:00,Berbaring,15,0.25,1.0,0,68.53333333333333,1.0,6.000000000000037,867.9333333333333,22.936143238710965,36.20082871979591,,0.9931697148371775,-0.011466666666666665,-0.45648832311648097,0.22483025315886507,1.3322899591011057,0.11642397329968213,-0.5611537276276132,,0.6873681422044597,1.6886382591544697,0.01622256876680317,0.01504128356282659,0.0006497067707692621,0.15749325371329104,0.1590407464541652,0,baseline,1.0,-1.115330702429579,0.1590407464541652,-1.352306516158423,-1.5723448962189366
2026-09-12 20:29:00,Berbaring,10,0.16666666666666666,1.0,0,73.8,0.0,1.4545454545453254,805.7,39.586894576642685,52.655062012645615,,0.9830011251622519,-0.0692,0.0058524143989289075,0.0,0.2979765309402795,0.7013834400556116,0.11515531104807417,,0.3446806462197501,1.3701824470221788,0.04787867199167288,0.39133818046091934,-0.18668739511232832,0.14695182295908216,0.4603096354444183,0,baseline,1.0,-0.34268749598470966,0.4603096354444183,0.30126888899025306,1.653575405148676
2026-09-12 20:30:00,Berbaring,60,1.0,1.0,1,70.4,0.0,-0.2700750208390704,854.1666666666666,29.866463629253367,38.200408197304355,0.6761201266464937,0.9849165515507786,-0.009916666666666667,-0.2926207199464616,0.0,-0.09445905461736755,0.18751041799034607,-0.279662626960894,-1.6267588114747942,0.689717934040873,1.7109461628627451,-0.17334210118104565,0.09148271894195965,-0.43901131207293287,0.31420953491798176,0.5743475740945077,0,baseline,1.0,0.3450372878211229,0.5743475740945077,0.11403793865008938,-0.18723095034016368
2026-09-12 20:31:00,Berbaring,60,1.0,1.0,1,73.9,2.0,2.737427063073107,809.9833333333333,54.43562257979344,72.72003430850751,0.7055504374088384,0.9845735464817345,-0.03133333333333333,0.014631035997323516,0.44966050631773014,0.5898948993172546,1.4147071960619364,0.7182709757742917,-1.524557199092323,0.9479775778756755,2.563385278152086,0.22738434058496615,0.7419171613634581,-0.5283868221770112,0.39479911186215133,1.0184319737941927,0,baseline,1.0,0.2582596438348025,1.0184319737941927,0.44408439969968505,0.3300464610495957
2026-09-12 20:32:00,Berbaring,60,1.0,1.0,1,77.73333333333333,-3.0,-14.424006668519008,797.25,102.61803868914461,97.82065914689086,0.5849571612442652,0.9835643614788256,-0.006950000000000001,0.3511448639357544,-0.6744907594765952,-3.315171398799736,2.307051911210827,2.6753120040522957,-1.9433372577206296,2.153483396762888,5.215325283112201,-0.46720842019018016,0.9533648945839506,-0.8242666482460919,0.6004666283440506,1.4721290735826766,0,baseline,1.0,1.2055058188872123,1.4721290735826766,0.45369709978848394,0.009612700088798887
2026-09-12 20:33:00,Berbaring,60,1.0,1.0,1,73.33333333333333,0.0,-3.7277021394831418,827.6,71.06411523811629,81.44562499304966,0.7983506209326967,0.983676074892288,-0.007666666666666668,-0.035114486393575936,0.0,-0.8812384894623884,1.7249080290705647,1.3936759263459082,-1.2022932426524713,1.0909448229417666,2.766415781889915,-0.15035022429881753,0.8627854690019485,-0.662739602667983,0.4311332965127379,1.179874423730794,0,baseline,1.0,-1.0625385738211213,1.179874423730794,-0.29225464985188254,-0.7459517496403665
2026-09-12 20:34:00,Berbaring,60,1.0,1.0,1,72.36666666666666,-2.0,-0.7368713531535901,840.1166666666667,77.70088053656916,93.31839065210193,0.802277465914832,0.983112759891419,-0.008183333333333336,-0.11997449517805009,-0.44966050631773014,-0.2006780718577725,2.1469931268827707,1.6632436033724491,-1.1886566252211757,1.227852018953093,3.087688073282806,-0.22696361345239613,0.9247187505065589,-0.701961305927029,0.48881490787957627,1.2799636473563922,0,baseline,1.0,0.1369071960113264,1.2799636473563922,0.10008922362559813,0.3923438734774807
2026-09-12 20:35:00,Berbaring,60,1.0,1.0,1,73.88333333333334,5.0,3.8393998332870867,808.9,66.14204027338,44.53393297745751,1.188841942229304,0.98276654662653,5.0000000000000504e-05,0.01316793239759129,1.1241512657943253,0.8406476507312243,0.4126716401600733,1.193754390066215,0.15375233159056895,0.7734732425209075,1.6547201254859194,0.43867177404090635,0.4798384720376213,0.008108604700755202,0.315907946387456,0.7228702958681648,0,baseline,1.0,-0.4543787764321855,0.7228702958681648,-0.5570933514882275,-0.6571825751138256
2026-09-12 20:36:00,Berbaring,60,1.0,1.0,1,74.68333333333334,-3.0,-4.469574881911586,809.2666666666667,49.37640507905647,61.23475251239477,0.7344868111702735,0.9818061739979194,0.015349999999999999,0.08339690518474192,-0.6744907594765952,-1.0500508561480344,1.0063974197616803,0.5127790760436187,-1.4240708644830282,0.9007640833676968,2.0166146665539553,-0.3040594613028333,0.5817037445093913,-0.6480815938875498,0.3520328286062422,0.9873035334365796,0,baseline,1.0,0.1272908408467892,0.9873035334365796,0.26443323756841486,0.8215265890566423
2026-09-12 20:37:00,Berbaring,60,1.0,1.0,1,78.43333333333334,2.0,7.372047791053113,765.1666666666666,71.67586329114616,67.66041829156713,1.1455498523133811,0.9809053980434415,-0.034466666666666666,0.4125952151245117,0.44966050631773014,1.6444979990613053,1.234834318694545,1.4185234980415975,0.00341340283976255,1.0499078857883306,2.671079539381424,0.5430705037538648,0.7403577863720341,-0.10740938919952099,0.35732981037231026,0.9910986803331444,0,baseline,1.0,0.14914380242063385,0.9910986803331444,0.003795146896564794,-0.26063809067185006
2026-09-12 20:38:00,Berbaring,60,1.0,1.0,1,74.4,-3.0,-8.94248402333976,819.45,76.14558424491864,98.09438554054086,0.6944622835775054,0.9798798231827759,-0.03756666666666667,0.058524143989292815,-0.6744907594765952,-2.0678566534909413,2.3167830753688134,1.6000716228104788,-1.5630626436680914,1.5866774427455406,3.8284730748085285,-0.4465138193324116,0.9305590087552827,-0.7894621945460404,0.5208976544549024,1.3999641362065318,0,baseline,1.0,0.53676955695721,1.3999641362065318,0.4088654558733874,0.4050703089768226
2026-09-12 20:39:00,Berbaring,60,1.0,1.0,1,71.51666666666667,0.0,-3.302584051125268,837.3833333333333,75.00148962739128,94.6833258994942,0.6421456045202514,0.980630257893976,-0.03145,-0.1945927787643974,0.0,-0.7845033130470178,2.195517526668565,1.5536015557708451,-1.7447409479620701,1.3497782396395728,3.402746831353063,-0.22099458899944704,0.9267496818798914,-0.7531557325649816,0.5123663457354728,1.318129891539271,0,baseline,1.0,-0.2368992031059678,1.318129891539271,-0.08183424466726086,-0.49069970054064826
2026-09-12 20:40:00,Berbaring,60,1.0,1.0,1,78.65,-5.0,-6.9769380383439525,788.6333333333333,130.1955461065727,79.6881634236259,1.2302509735102338,0.976090822142028,0.02279999999999999,0.4316155619210319,-1.1241512657943253,-1.6205987201822298,1.6624290448360999,3.7954366850367607,0.2975520283821515,1.885642924944854,4.866691135622165,-0.33010547921220823,0.9443577432908886,-0.5658822030659152,0.6198347667389521,1.3058326770779043,8,tau_in,0.0,0.5358646853052813,1.6447489110877824,0.32661901954851147,0.4084532642157723
2026-09-12 20:41:00,Berbaring,60,1.0,1.0,1,71.25,9.0,-9.337593776048822,846.4,99.83973598400556,71.54529204328767,1.6382261235943212,0.9739950517318504,0.01778333333333333,-0.21800243636011427,2.0234722784297854,-2.1577634645122807,1.372944289409989,2.5624647701030283,1.7143130842634553,1.8343018364551475,5.6090320678239,0.16203496288472852,0.8935639896084722,-0.059408308621886674,0.5857353011531671,1.082278671540916,8,rising,0.0,-0.05134108848970653,1.473542372269074,-0.1712065388187085,-0.49782555836722
2026-09-12 20:42:00,Berbaring,60,1.0,1.0,1,74.9,-12.0,-23.976660183384197,834.8666666666667,104.17756462766546,52.74209716686778,1.2672389743218377,0.979025618395234,-0.03395,0.10241725198126211,-2.697963037906381,-5.488867715898068,0.7044776004760149,2.7386557815710972,0.42599896705963153,2.756663501090936,5.423892393949054,-0.9180361778033973,0.7824443691529817,-0.6911031684866322,0.5849752931626144,1.5082537245695857,8,peak,0.0,0.9223616646357884,1.8096489432146854,0.33610657094561147,0.50731310976432
2026-09-12 20:43:00,Berbaring,60,1.0,1.0,1,71.3,14.0,8.645734926368482,827.1333333333333,79.9958614748747,41.43138088495118,1.4907826528772234,0.9818816346239126,-0.007516666666666663,-0.2136131255609176,3.147623544224111,1.9343241746744182,0.30237374992633886,1.7564595982944684,1.2022912927084919,1.7472291928414192,3.1741530269235443,0.8065048767479794,0.5704185775520269,0.3542590964288719,0.574153296722975,1.1962353386249767,8,falling,0.5746315715119205,-1.0094343082495167,1.2696130455101786,-0.5400358977045068,-0.8761424686501182
2026-09-12 20:44:00,Berbaring,60,1.0,1.0,1,73.18333333333334,-14.0,-16.356210058349497,867.15,67.76550419883286,64.86178264168838,0.9049659679004946,0.9810948185754884,-0.02261666666666667,-0.04828241879116598,-3.147623544224111,-3.7548422594484188,1.1353408699108443,1.259695157810817,-0.8320538505911744,2.143861389846349,2.9676113688862995,-0.9111182906587219,0.7393380435657078,-0.7910240221597886,0.5599708990593899,1.5218553458406192,8,falling,0.34884433522072944,0.39663219700493,1.6553088513742094,0.38569580586403074,0.9257317035685375
2026-09-12 20:45:00,Berbaring,60,1.0,1.0,1,71.51666666666667,2.0,-0.12836899138643754,838.6333333333333,74.47237382598217,53.78472469176998,1.485864260775103,0.9833998386842693,-0.008383333333333331,-0.1945927787643974,0.44966050631773014,-0.06221399581224216,0.741543735988806,1.532110285392919,1.1852113642216653,0.8704315518403578,1.968583417145334,0.018537900225488336,0.6803660132099562,-0.12628535873326974,0.3790793528506061,0.7892342575332152,8,falling,1.0,-1.2734298380059914,0.7892342575332152,-0.8660745938409942,-1.251770399705025
2026-09-12 20:46:00,Berbaring,60,1.0,1.0,1,71.83333333333333,-2.0,-0.8202278410668912,846.45,70.0528674451527,61.52552178168402,1.0368008412484402,0.9814203258906129,-0.0082,-0.16679381036948385,-0.44966050631773014,-0.21964575350784346,1.0167344700322853,1.3526017424342127,-0.3742354900172113,0.739548472755487,1.6503702831857279,-0.2539041572922526,0.7309262195301146,-0.5486890857992591,0.33107197524008647,1.0046834452460505,8,tau_out,1.0,-0.13088307908487085,1.0046834452460505,0.21544918771283528,1.0815237815538294
2026-09-12 20:47:00,Berbaring,60,1.0,1.0,1,69.58333333333333,1.0,-0.05168102250621703,863.8666666666667,37.27836954801259,44.213273564870015,0.968705592804485,0.9824919700333812,0.008150000000000001,-0.3643127963333457,0.22483025315886507,-0.04476372869418064,0.4012719744534395,0.021389191358635776,-0.6107074811815589,0.3463419722071837,0.8651635560938764,-0.13873696408021505,0.2903142867175879,-0.34355672685566085,0.17257354519168222,0.5013413840312183,0,baseline,1.0,-0.39320650054830325,0.5013413840312183,-0.5033420612148322,-0.7187912489276674
2026-09-12 20:48:00,Berbaring,60,1.0,1.0,1,76.83333333333333,2.0,-0.4868018894136551,801.4833333333333,103.19021298794365,70.87838713396253,1.3317475120221913,0.9837339176543078,-0.011133333333333332,0.27213726955020917,0.44966050631773014,-0.14377502690755245,1.3492353548645386,2.6985521955681087,0.6500155130842482,1.2794572211849904,3.1594234603043976,0.25710629375349864,0.8769231435984761,-0.20782411789266766,0.5034394074016697,1.0638326686885977,0,baseline,1.0,0.9331152489778067,1.0638326686885977,0.5624912846573794,1.0658333458722116
2026-09-12 20:49:00,Berbaring,60,1.0,1.0,1,77.95,23.0,26.59238677410397,765.1833333333333,108.34713384501399,47.56066598726875,1.485062387291855,0.9834158932129736,-0.06221666666666666,0.3701652107322746,5.171095822653896,6.018066033935096,0.5202741091369256,2.9080125446291536,1.1824267261804133,3.4933204870212142,5.500430720692307,0.990216087424486,0.7348180697042791,0.36005949367822776,0.7433892698528423,1.4841684341335197,0,baseline,1.0,2.213863265836224,1.4841684341335197,0.420335765444922,-0.1421555192124574
2026-09-12 20:50:00,Berbaring,60,1.0,1.0,1,92.28333333333333,12.0,9.24090025006951,652.0166666666667,58.710288898955945,16.257462432549637,1.3791074482919958,1.005609643349743,0.01768333333333334,1.6284343065020608,2.697963037906381,2.069753421655938,-0.5925766043070133,0.8918965023525559,0.8144807098057888,1.6342524947961599,3.378530929138422,0.9651058290597926,-0.40417563386428035,0.7240000731894094,0.5352174511314325,1.3803698889314704,0,baseline,1.0,-1.8590679922250544,1.3803698889314704,-0.10379854520204934,-0.5241343106469714
2026-09-12 20:51:00,Berbaring,60,1.0,1.0,1,99.51666666666667,-7.0,-3.0825229230340745,605.8,17.628751554092883,12.436959680793972,1.3627756313724202,0.9927667128178417,-0.00955,2.2634212687858835,-1.5738117721120555,-0.7344286334908126,-0.7283981410891445,-0.7767257997371986,0.7577657795492055,1.2811076293776216,2.2773907856283198,0.5800737635435935,-0.7808265302144904,0.7163213960030795,0.49449816144589465,1.3053047213136095,0,baseline,1.0,-0.3531448654185383,1.3053047213136095,-0.07506516761786086,0.02873337758418848
2026-09-12 20:52:00,Berbaring,60,1.0,1.0,1,91.75,-22.0,-26.51569880522361,677.6666666666666,75.60662392886555,29.876298638535918,1.0279357973580336,0.9806672338441103,0.005299999999999999,1.581614991310627,-4.946265569495031,-6.066623298959288,-0.10841748105257636,1.5781804945462639,-0.4050208183393354,3.327597161192005,6.0983266940600025,-0.9093895955777827,0.01859036872963412,-0.5308968317766767,0.7039540826820863,1.2667824733828288,0,baseline,1.0,2.0464895318143834,1.2667824733828288,-0.03852224793078074,0.03654291968708012
2026-09-12 20:53:00,Berbaring,60,1.0,1.0,1,71.85,-10.0,-6.730202834120524,856.9333333333333,40.3211122167467,37.322688151410766,0.9485273649084238,0.9783509532382364,-0.02523333333333333,-0.16533070676975162,-2.2483025315886507,-1.5644543824980068,0.1563068583428711,0.14497727020653442,-0.6807797085070345,1.157484865662227,1.9794084703017565,-0.761632289329903,0.1540431390245348,-0.5647479865988573,0.4106470692768045,1.044693417564949,0,baseline,1.0,-2.170112295529778,1.044693417564949,-0.22208905581787985,-0.18356680788709911
2026-09-12 20:54:00,Berbaring,60,1.0,1.0,1,68.23333333333333,0.0,3.9410947485413015,883.0833333333334,43.22322495072809,28.189732473884042,1.3012624195637232,0.975007637903186,-0.014016666666666667,-0.4828241879116623,0.0,0.863788222344308,-0.16837608421350733,0.26285333678235207,0.544150997142048,0.47832903242723895,1.4325877421093238,-0.13515301476584157,0.06955881353466899,-0.0037612883993742015,0.1622299047749901,0.22234535127672955,0,baseline,1.0,-0.6791558332349881,0.22234535127672955,-0.8223480662882194,-0.6002590104703396
2026-09-12 20:55:00,Berbaring,60,1.0,1.0,1,71.01666666666667,8.0,20.78744095582111,851.4833333333333,104.88969050932145,34.31336153251408,1.739119820289559,0.9846018624731875,-0.017433333333333335,-0.2384858867563667,1.7986420252709205,4.697156683824025,0.04932319870014594,2.7675804325171285,2.0646831012418216,2.49265989465673,5.678680873304795,0.8051198907449361,0.6450181658735124,0.46289740270131746,0.5819952788632797,1.2717149770395646,0,baseline,1.0,2.014330862229491,1.2717149770395646,1.049369625762835,1.8717176920510545
2026-09-12 20:56:00,Berbaring,60,1.0,1.0,1,67.55,-9.0,-6.860238955265308,910.7333333333333,39.14287894050988,32.925956995473896,1.4270461818733022,0.9962159359088726,-0.0048000000000000004,-0.5428114355006873,-2.0234722784297854,-1.5940439658721253,0.0,0.09712058204783608,0.9809558757375023,1.1475893079857096,2.265352852667398,-0.8159888617282265,0.1320664810492411,-0.3142365789636152,0.4041255979731847,0.9722867397929464,0,baseline,1.0,-1.3450705866710206,0.9722867397929464,-0.29942823724661816,-1.3487978630094533
2026-09-12 20:57:00,Berbaring,60,1.0,1.0,1,65.86666666666666,1.0,2.6373992775771393,909.75,22.520517951715927,27.658939769133276,0.6014410248546155,0.9958682312959446,0.025149999999999995,-0.690584899073651,0.22483025315886507,0.567133681337168,-0.1872461349781256,-0.5780353164876049,-1.886094320230957,0.8921541799720626,2.2554517594437913,-0.22346717198206245,-0.10894312707614809,-0.4138160829848751,0.37619077339492046,0.6120207761303564,0,baseline,1.0,-0.255435128013647,0.6120207761303564,-0.36026596366259,-0.06083772641597185
2026-09-12 20:58:00,Berbaring,60,1.0,1.0,1,65.36666666666666,-2.0,-4.204501250347282,925.8666666666667,44.39135152702022,38.75739404578614,1.2372146771239008,0.9957917355329753,5.000000000000097e-05,-0.7344780070656203,-0.44966050631773014,-0.9897336285008074,0.2073116532785372,0.3102995177882469,0.32173463872621233,0.5721308503118498,1.1879424691351692,-0.5962582710446854,0.32613035260381174,-0.4161006088105258,0.1989718147395586,0.8213491537658802,0,baseline,1.0,-0.32002332966021274,0.8213491537658802,0.2093283776355238,0.5695943412981138
2026-09-12 20:59:00,Berbaring,60,1.0,1.0,1,65.25,-1.0,1.5220894692970575,924.1833333333333,34.597683701573494,30.75380643383013,1.0704559765664605,0.9959049234380033,0.0027333333333333315,-0.7447197322637459,-0.22483025315886507,0.313346100859193,-0.07722146706190726,-0.08749310656305945,-0.25736247694482417,0.3612929431206177,1.0509756410949183,-0.40535725512761867,0.08439761526360991,-0.3102641542142588,0.16895295600074067,0.5442852271359744,0,baseline,1.0,-0.21083790719123213,0.5442852271359744,-0.27706392662990587,-0.4863923042654297
2026-09-12 21:00:00,Berbaring,60,1.0,1.0,1,66.15,12.0,5.196443456515734,893.9333333333333,83.81433611174825,42.48449368169321,1.3909563496135962,0.9938942578178495,-0.005250000000000001,-0.6657121378782006,2.697963037906381,1.1494415079944034,0.33981264416419804,1.9115558374046144,0.8556279756232384,1.5024985063800942,3.2317079347116815,0.5481014650535774,0.6628770049386428,0.10758110510234423,0.5424120852004884,1.022548631614598,0,baseline,1.0,1.1412055632594764,1.022548631614598,0.4782634044786236,0.7553273311085295
2026-09-12 21:01:00,Berbaring,60,1.0,1.0,1,64.7,-14.0,-4.858016115587627,958.3666666666667,58.50075087644043,64.59312027174936,0.9892126883011474,0.9893822394791338,-0.003416666666666667,-0.7930021510549119,-3.147623544224111,-1.1384402526373782,1.1257897353268216,0.8833856276360114,-0.5394932068245988,1.5368397342190956,3.2922990510056542,-0.9139839737760097,0.7610186919797924,-0.7735672527192815,0.5517243441459728,1.5222753365488717,0,baseline,1.0,0.0343412278390014,1.5222753365488717,0.49972670493427374,0.021463300455650147
2026-09-12 21:02:00,Berbaring,60,1.0,1.0,1,64.95,3.0,3.6593498193943255,921.45,45.55251207049072,41.280766646408765,1.3182597716996232,0.9892318842023315,0.005000000000000003,-0.7710555970589272,0.6744907594765952,0.7996774583670639,0.29701930872597565,0.35746275714992604,0.6031771083017118,0.6149215766095867,1.3655871766360248,-0.10143171213381016,0.38586919522128255,-0.14632219236967514,0.24830124268231024,0.49218606150983607,0,baseline,1.0,-0.9219181576095089,0.49218606150983607,-1.0300892750390356,-1.5298159799733093
2026-09-12 21:03:00,Berbaring,60,1.0,1.0,1,65.31666666666666,0.0,0.8052236732425979,918.95,26.272641567136986,35.76666377072561,0.43371223509770246,0.9889633866616727,-0.0077833333333333365,-0.738867317864817,0.0,0.15022403866856687,0.10098910662603153,-0.42563407861932206,-2.468560230786341,1.0687722673517965,2.683607115257548,-0.36604059613670303,0.09660671939026787,-0.6340547768644123,0.4425743321404979,0.860939066244325,0,baseline,1.0,0.45385069074220985,0.860939066244325,0.36875300473448896,1.3988422797735245
2026-09-12 21:04:00,Berbaring,60,1.0,1.0,1,69.81666666666666,3.0,7.7771603223118095,872.8833333333333,75.56030068460569,65.64865392916953,1.3092930609137479,0.9889238308800807,-0.0009499999999999985,-0.34382934593709324,0.6744907594765952,1.7366809318806622,1.1633146928498046,1.576298968111937,0.5720387249022312,1.13684247495446,2.365396041675636,0.26710446583724445,0.8014537854499117,-0.1775815548462854,0.3853759523246507,0.9453691337958674,0,baseline,1.0,0.06807020760266336,0.9453691337958674,0.08443006755154236,-0.2843229371829466
2026-09-12 21:05:00,Berbaring,60,1.0,1.0,1,67.78333333333333,-3.0,-4.419560989163571,894.6666666666666,52.67381772234027,42.19325996460427,1.3163175667421971,0.9975783836100519,0.008599999999999998,-0.5223279851044349,-0.6744907594765952,-1.038670247157984,0.32945908245046435,0.6467111689345892,0.596432480974156,0.6694662697961504,1.2452551494956428,-0.5685841876916554,0.41971487854216244,-0.4005282774367672,0.24704470133826473,0.8490597995715132,0,baseline,1.0,-0.46737620515830947,0.8490597995715132,-0.09630933422435417,-0.18073940177589654
2026-09-12 21:06:00,Berbaring,60,1.0,1.0,1,67.55,-1.0,1.315365379272045,895.0333333333333,53.35775217823671,44.124054702507,0.9721093331027134,0.9964907633780231,-0.009800000000000001,-0.5428114355006873,-0.22483025315886507,0.26630625036701117,0.3981001816859747,0.6744907594765952,-0.5988874311175539,0.4810058230171849,1.2316239638025648,-0.31496655810570606,0.4590761201792695,-0.4971406848985077,0.2263532330971033,0.7799611936235514,0,baseline,1.0,-0.1884604467789655,0.7799611936235514,-0.0690986059479618,0.02721072827639237
2026-09-12 21:07:00,Berbaring,60,1.0,1.0,1,67.5,3.0,2.540705751597719,887.3833333333333,50.58106152811281,52.37139211310319,0.9981738876592133,0.9959732833039572,-0.01831666666666667,-0.547200746299884,0.6744907594765952,0.5451311706230878,0.6912987773297493,0.5617090028956141,-0.5083739627679947,0.5920852309208233,1.0320020241503571,-0.016841914353982065,0.5581084887394713,-0.3951577240263722,0.25956543390949005,0.7316369158404241,0,baseline,1.0,0.1110794079036384,0.7316369158404241,-0.04832427778312731,0.020774328164834488
2026-09-12 21:08:00,Berbaring,60,1.0,1.0,1,67.05,4.0,-1.6121144762433475,891.0666666666667,59.23892063090046,39.269602683440205,0.9070359611876988,0.9949380877826072,-0.011533333333333333,-0.5867045434926567,0.8993210126354603,-0.39983872918353924,0.22552102749958364,0.9133681111219695,-0.8248654571935808,0.6926249077733032,2.3783636364377494,-0.11239016469284482,0.43797264950254505,-0.4363169343815463,0.3083535662756631,0.6999328395603355,0,baseline,1.0,0.10053967685247989,0.6999328395603355,-0.031704076280088644,0.016620201503038667
2026-09-12 21:09:00,Berbaring,60,1.0,1.0,1,70.78333333333333,-6.0,-10.314531814392879,874.1166666666667,85.06529728543765,64.79079763073702,1.599514800704077,0.9948738404209523,-0.004733333333333334,-0.2589693371526191,-1.3489815189531904,-2.3800646934511507,1.1328173032751496,1.9623665384731694,1.5798816251874783,1.5906868340750913,3.057536328454868,-0.7183064271392288,0.8228032326367515,-0.48662912846334083,0.49833303971389775,1.295420012986713,0,baseline,1.0,0.898061926301788,1.295420012986713,0.5954871734263776,0.6271912497064662
2026-09-12 21:10:00,Berbaring,60,1.0,1.0,1,66.83333333333333,4.0,4.527924423450995,891.9,36.24946522106994,40.76222911021793,0.7832102400375291,0.995466616048327,0.01225,-0.6057248902891769,0.8993210126354603,0.9973207011608196,0.27858493774893744,-0.02040215379577909,-1.2548707146359035,0.79823303127578,1.4938352838499125,0.08603251243985591,0.2629418596109031,-0.3348442030045825,0.31343816720960305,0.5356343339273939,0,baseline,1.0,-0.7924538027993112,0.5356343339273939,-0.7597856790593192,-1.3552728524856967
2026-09-12 21:11:00,Berbaring,60,1.0,1.0,1,69.63333333333334,1.0,6.551819949986155,891.0833333333334,80.53408409217163,84.47133703014897,1.0631367737420163,0.9959238085414605,-0.0207,-0.35992348553414777,0.22483025315886507,1.45785601162459,1.832474201755605,1.7783207632058897,-0.2827796169829655,1.2183177238535752,2.93413817060968,0.08794179592414299,0.9094658243371093,-0.4686930460468376,0.44136341995053274,1.1177373058955467,0,baseline,1.0,0.4200846925777951,1.1177373058955467,0.5821029719681527,1.341888651027472
2026-09-12 21:12:00,Berbaring,60,1.0,1.0,1,67.41666666666667,0.0,-0.7285357043622828,893.2166666666667,44.3560676172187,43.7934288082089,0.8270404887582028,0.9951688973330614,-0.03503333333333333,-0.5545162642985452,0.0,-0.1987813036927706,0.3863462006051082,0.3088663796292363,-1.1026629405980901,0.5488669665509596,1.206700802772481,-0.3228281954658868,0.3804710016464806,-0.5422569920254627,0.2571957240363346,0.7804924809020996,0,baseline,1.0,-0.6694507573026156,0.7804924809020996,-0.3372448249934471,-0.9193477969615999
2026-09-12 21:13:00,Berbaring,60,1.0,1.0,1,68.2,-1.0,-0.19672131147536812,881.8333333333334,40.86736158522903,39.777772517332814,0.8611261713747868,0.9952699333104352,0.01693333333333333,-0.4857503951111268,-0.22483025315886507,-0.07776749476530573,0.2435868194307364,0.16716446030851417,-0.9842947809580895,0.4741069822202789,1.0955944543363356,-0.3330695980988046,0.26633417781344887,-0.48272493245184367,0.22825122150950172,0.6833675672582668,0,baseline,1.0,-0.07475998433068065,0.6833675672582668,-0.0971249136438328,0.2401199113496143
2026-09-12 21:14:00,Berbaring,60,1.0,1.0,1,68.4,-1.0,-0.5334815226451318,886.6833333333333,86.15033994968522,69.9141119577976,1.321589119500862,1.0043002842078779,-0.0009499999999999997,-0.4681931519143388,-0.22483025315886507,-0.15439692863159857,1.3149546999828228,2.006438072921448,0.6147388181394483,1.0349231291750585,2.138315069819108,-0.3347026363349473,0.8664037411648614,-0.4912151955795488,0.4320934583959173,1.1360802888136168,0,baseline,1.0,0.5608161469547795,1.1360802888136168,0.45271272155535003,0.5498376351991828
2026-09-12 21:15:00,Berbaring,60,1.0,1.0,1,67.28333333333333,0.0,1.2053348152264736,894.0666666666667,36.733518922496096,35.36444638046254,1.1608621059038822,0.9966491573805865,0.005599999999999994,-0.5662210930964042,0.0,0.24126891058891434,0.08668999794434722,-0.0007411855406615485,0.05658773112992739,0.25479890433375035,0.7119507123851729,-0.26848578933604456,0.15936825537411492,-0.22032929450251287,0.12077091071687851,0.4007661048389039,0,baseline,1.0,-0.7801242248413081,0.4007661048389039,-0.7353141839747128,-1.1880269055300627
2026-09-12 21:16:00,Berbaring,60,1.0,1.0,1,69.83333333333333,-1.0,-1.8471797721589052,864.55,38.60290012816504,30.060109272780853,1.336535586978164,0.9964782816027413,-0.013983333333333329,-0.34236624233736107,-0.22483025315886507,-0.4533275914367504,-0.10188288483783138,0.07518808518505236,0.666642893768745,0.37276339903808714,1.042342728771495,-0.3128934273285964,0.03122452948981301,-0.055878031295444906,0.16241287638627966,0.3582981508531903,0,baseline,1.0,0.11796449470433679,0.3582981508531903,-0.042467953985713625,0.6928462299889993
2026-09-12 21:17:00,Berbaring,60,1.0,1.0,1,67.21666666666667,7.0,-0.3250903028618681,892.0333333333333,80.25910723267056,51.9029407089549,1.1461960234302542,0.9929937569771462,-0.016216666666666664,-0.5720735074953331,1.5738117721120555,-0.10697772450641868,0.6746450032708432,1.7671519377437273,0.005657338710935985,1.0322790064180072,2.7705295626236426,0.1405204240289616,0.7293126602735421,-0.3119500790186233,0.4315808824088151,0.9139025417762263,0,baseline,1.0,0.65951560737992,0.9139025417762263,0.555604390923036,0.5980723449087497
2026-09-12 21:18:00,Berbaring,60,1.0,1.0,1,74.88333333333334,-9.0,-16.25284801333698,846.7833333333333,116.09246631226023,88.86325430740028,1.0838935529110147,0.9866101256486396,0.009350000000000002,0.10095414838152988,-2.0234722784297854,-3.7313223342023254,1.9886099233545869,3.2226072586354686,-0.21069827485684794,2.3242044838707128,4.4378965931285395,-0.8044915436078001,0.9544205859924295,-0.765572240229563,0.6176725485353661,1.5892594284530386,0,baseline,1.0,1.2919254774527056,1.5892594284530386,0.6753568866768123,0.11975249575377622
2026-09-12 21:19:00,Berbaring,60,1.0,1.0,1,66.3,-1.0,-2.297304806890718,911.1,57.663459628010415,61.32865064413621,0.7641537341054611,0.9852762002890655,-0.018166666666666668,-0.6525442054806107,-0.22483025315886507,-0.5557530723471306,1.0097355638183054,0.8493770938572823,-1.3210475772711903,0.843741480755813,1.6150321978854254,-0.4697202661989782,0.7154240349464899,-0.724018122842247,0.35924903219199633,1.177170670545292,0,baseline,1.0,-1.4804630031148998,1.177170670545292,-0.4120887579077466,-1.0874456445845588
2026-09-12 21:20:00,Berbaring,60,1.0,1.0,1,68.7,1.0,2.8341205890525742,884.7666666666667,80.64535601215785,87.56973008476527,1.1146965613238022,0.9858765814320438,-0.013033333333333333,-0.44185728711915745,0.22483025315886507,0.6118974100313456,1.942624235292338,1.7828403313448988,-0.10372974328273911,1.1242236855993475,2.742775291320067,-0.08359229487218255,0.9220477324664951,-0.5181796341470111,0.4513907514128396,1.1530062603535078,0,baseline,1.0,0.2804822048435345,1.1530062603535078,-0.02416441019178417,0.3879243477159624
2026-09-12 21:21:00,Berbaring,60,1.0,1.0,1,68.26666666666667,-1.0,-1.4670741872741744,883.9833333333333,46.82006366486403,45.04385810010476,0.8643095510014139,0.9855897639377937,-0.01175,-0.47989798071219786,-0.22483025315886507,-0.36683496311240915,0.4307998338303798,0.4089473167871569,-0.9732399697026447,0.5347025727996375,1.1139464153062562,-0.36826829724398324,0.4096215070348344,-0.5528575164191092,0.2450826754542651,0.8180026094392352,0,baseline,1.0,-0.58952111279971,0.8180026094392352,-0.33500365091427264,-0.3108392407224885
2026-09-12 21:22:00,Berbaring,60,1.0,1.0,1,73.01666666666667,2.0,6.053348152264561,831.35,76.90470109718558,57.20910203745732,1.2178846993823373,0.9864495796606569,0.019299999999999998,-0.0629134547884895,0.44966050631773014,1.3444292753571534,0.8632827383751901,1.6309049214514602,0.25460810008861395,0.9559965118481165,2.1849829640785243,0.2931053858255965,0.7139106650024549,-0.17858557339104197,0.34866034653808875,0.8654686875188996,0,baseline,1.0,0.421293939048479,0.8654686875188996,0.04746607807966441,0.38246972899393705
2026-09-12 21:23:00,Berbaring,60,1.0,1.0,1,66.4,-4.0,-3.83773270352868,911.7833333333333,36.34537327077671,49.72108647925914,0.5692746579510864,0.9935925645123331,-0.020266666666666665,-0.6437655838822159,-0.8993210126354603,-0.9062758292404777,0.5970785640435214,-0.016506625024612913,-1.9977973392229629,1.0321916632696921,2.010364931567247,-0.6409642968299784,0.4243780125336178,-0.755435993828238,0.41009099264206483,1.1531652485009005,0,baseline,1.0,0.07619515142157562,1.1531652485009005,0.2876965609820009,0.2402304829023365
2026-09-12 21:24:00,Berbaring,60,1.0,1.0,1,64.93333333333334,-2.0,-2.0739094192830922,928.35,30.80547221913775,42.7939485663371,0.557992115202857,0.9936529569615984,-0.0014500000000000001,-0.7725187006586595,-0.44966050631773014,-0.5049196855249453,0.3508139810897521,-0.24152260649910237,-2.0369778314017464,0.9473300997223894,2.039722771168167,-0.5618424048449092,0.2794365347573359,-0.7014244181995398,0.3973638153921598,1.0215898790946767,0,baseline,1.0,-0.08486156354730279,1.0215898790946767,-0.13157536940622383,-0.41927193038822475
2026-09-12 21:25:00,Berbaring,60,1.0,1.0,1,67.15,1.0,-1.0853014726312604,893.9333333333333,44.24119817341308,40.037694103838476,0.8776262110016376,0.9936391008717617,-0.011416666666666667,-0.5779259218942621,0.22483025315886507,-0.2799629811550854,0.2528272130689364,0.30420068968307695,-0.9269956695808341,0.49643846806419334,1.238211749259827,-0.2843465276454721,0.3191409272763796,-0.4756267942519355,0.23249177947963218,0.6804242457341181,0,baseline,1.0,-0.450891631658196,0.6804242457341181,-0.3411656333605586,-0.20959026395433478
2026-09-12 21:26:00,Berbaring,60,1.0,1.0,1,66.05,-1.0,-0.0016671297582014028,912.1833333333333,34.6828202803473,39.81099413776662,0.7700774977334338,0.9937068091750832,0.01785,-0.6744907594765952,-0.22483025315886507,-0.03338311970413011,0.24476787120190416,-0.08403508616637734,-1.3004763301973719,0.6143848891261486,1.3243331627132182,-0.4164805994215799,0.24351913814082693,-0.5532793548404661,0.2856838730185386,0.7877124983970767,0,baseline,1.0,0.1179464210619553,0.7877124983970767,0.1072882526629586,0.4484538860235172
2026-09-12 21:27:00,Berbaring,60,1.0,1.0,1,66.35,2.0,1.742150597388206,904.4166666666666,36.21699744532672,39.06925619538996,0.5719265665705392,0.9938047298221223,-0.008633333333333333,-0.648154894681414,0.44966050631773014,0.36342078041538795,0.21839857015195252,-0.02172090811233736,-1.988588148773441,0.8904143755217703,2.2511611826974423,-0.16553653627649909,0.2395719650848968,-0.5514950624598272,0.3817621968442798,0.7312224354832113,0,baseline,1.0,0.27602948639562164,0.7312224354832113,-0.05649006291386538,-0.16377831557682399
2026-09-12 21:28:00,Berbaring,60,1.0,1.0,1,69.51666666666667,7.0,16.626285079188705,861.9,93.61328675795502,51.66827043255392,1.300133047791754,0.9951296529658351,0.00725,-0.3701652107322746,1.5738117721120555,3.750290015852388,0.6663023113140786,2.309563035822713,0.5402290672308566,1.9471547024594327,4.1128169164235455,0.6810641572680554,0.7690057537815408,0.059607189365836165,0.48259570198010515,1.1365165481673056,0,baseline,1.0,1.0567403269376623,1.1365165481673056,0.4052941126840943,0.4617841755979597
2026-09-12 21:29:00,Berbaring,60,1.0,1.0,1,71.56666666666666,-3.0,-3.5109752709085447,854.8333333333334,76.62237728343445,61.98318525404522,1.2043256915181288,0.9931391488677248,-0.004583333333333333,-0.1902034679652007,-0.6744907594765952,-0.8319225171722006,1.0330047255939596,1.6194376823342491,0.20752220700311694,0.9051659935141229,1.7835366313790042,-0.4067806955386491,0.7661970785561901,-0.5396299205781405,0.368436807571341,1.0860362009654554,0,baseline,1.0,-1.04198870894531,1.0860362009654554,-0.05048034720185024,-0.45577445988594456
2026-09-12 21:30:00,Berbaring,60,1.0,1.0,1,68.8,-3.0,1.9872186718533433,886.3166666666667,67.24694981846393,71.90577638803506,1.2670118481851382,0.9955554220001918,-0.007133333333333334,-0.4330786655207641,-0.6744907594765952,0.4191857644666038,1.3857597592240052,1.2386328641418554,0.42521023405669667,0.8615448185133677,2.4977567186789043,-0.36067587494418557,0.8205314294405343,-0.5113986882683352,0.3702828961440153,1.0963562172058194,0,baseline,1.0,-0.04362117500075513,1.0963562172058194,0.01032001624036405,0.06080036344221429
2026-09-12 21:31:00,Berbaring,60,1.0,1.0,1,67.78333333333333,0.0,-2.332314531814318,889.4833333333333,41.4215581578722,47.809650823493854,1.0398611805064828,0.9961034525607473,-0.006516666666666669,-0.5223279851044349,0.0,-0.5637194986401635,0.529125693676683,0.18967444461341587,-0.3636079567527813,0.4160863968842183,1.0491389713157255,-0.35559862187878133,0.4160481220006295,-0.45985493230394825,0.1729306674745721,0.7354712735517337,0,baseline,1.0,-0.44545842162914945,0.7354712735517337,-0.36088494365408574,-0.3712049598944498
2026-09-12 21:32:00,Berbaring,60,1.0,1.0,1,69.81666666666666,0.0,-9.210891914420655,899.1666666666666,117.3645871959835,91.98922191839945,1.1959433997548825,0.9860100836146867,0.01321666666666667,-0.34382934593709324,0.0,-2.1289325884041848,2.0997402515978965,3.2742774105997356,0.17841331513371178,1.8171500388363633,4.094794240818621,-0.4687335358328497,0.9668903639710051,-0.6374760984873171,0.5827487377474381,1.3786079830913471,0,baseline,1.0,1.401063641952145,1.3786079830913471,0.6431367095396134,1.0040216531936992
2026-09-12 21:33:00,Berbaring,60,1.0,1.0,1,63.03333333333333,-1.0,-0.610169491525365,963.9,78.5730147319536,82.6506841666803,1.192799937852838,0.9817629060347693,-0.046266666666666664,-0.9393125110281433,-0.22483025315886507,-0.17184719574966295,1.767748722955867,1.6986673645773243,0.16749712476636877,1.0801890069638793,2.3618026652500217,-0.5440201189077504,0.9193468436965935,-0.6477151617841266,0.44589147094093173,1.3264654701326366,0,baseline,1.0,-0.736961031872484,1.3264654701326366,-0.05214251295871053,-0.695279222498324
2026-09-12 21:34:00,Berbaring,60,1.0,1.0,1,63.56666666666667,0.0,-0.22339538760762803,933.0833333333334,108.47873987860349,128.925152376308,0.42604746336875604,0.9824194650928443,0.012799999999999999,-0.8924931958367089,0.0,-0.08383715289332924,3.4128383340336983,2.9133580301423554,-2.4951774158907596,2.1277767589527268,4.717216301739104,-0.4648235877783678,0.9923912995123881,-0.8618527647343689,0.6881648338782915,1.554754799243293,0,baseline,1.0,1.0475877519888475,1.554754799243293,0.22828932911065647,0.280431842069367
2026-09-12 21:35:00,Berbaring,60,1.0,1.0,1,64.56666666666666,1.0,1.053626007224279,927.0333333333333,45.18923175565907,64.82662667009389,0.323569208263947,0.9824494765519115,0.017266666666666663,-0.804706979852771,0.22483025315886507,0.20674772998578825,1.1340910506071313,0.34270728122531163,-2.851050073520124,1.3084942939249333,2.977686167242337,-0.33115735303851085,0.7015612033898216,-0.8138088542879538,0.510905348919936,1.234974672390378,0,baseline,1.0,-0.8192824650277934,1.234974672390378,-0.319780126852915,-0.5480694559635715
2026-09-12 21:36:00,Berbaring,60,1.0,1.0,1,65.61666666666666,0.0,-2.652403445401439,913.5,45.39599773294438,62.932705517312804,0.515832753823258,0.9819826041950281,-0.021433333333333335,-0.7125314530696356,0.0,-0.6365553961764461,1.0667608330338805,0.3511055628698224,-2.1833831733230156,1.0755866396791902,2.382549972452978,-0.4521310050935216,0.6734343469282836,-0.7840270209738237,0.43541783438114745,1.2092242660085262,0,baseline,1.0,-0.2329076542457431,1.2092242660085262,-0.025750406381851887,0.2940297204710631
2026-09-12 21:37:00,Berbaring,60,1.0,1.0,1,65.71666666666667,-1.0,0.5018060572381563,918.0833333333334,46.81854321420696,55.19718121026944,0.9939542521581687,0.9815054795073481,0.004849999999999997,-0.703752831471241,-0.22483025315886507,0.08118167746230277,0.7917575500980556,0.40888556014318533,-0.5230273436091124,0.5196204026159461,1.0940918235550658,-0.415578777927474,0.5905033900151051,-0.5769979701873437,0.2472546720773272,0.9567975254709877,0,baseline,1.0,-0.5559662370632441,0.9567975254709877,-0.25242674053753844,-0.22667633415568655
2026-09-12 21:38:00,Berbaring,60,1.0,1.0,1,66.06666666666666,9.0,5.464851347596597,894.8666666666667,65.15547680887686,47.3674779368893,0.9437095584598745,0.9824488316722506,-0.004316666666666665,-0.673027655876863,2.0234722784297854,1.2105174429076395,0.5134061392399212,1.1536828176350842,-0.6975103367074817,1.1614537832720706,2.2966251784803866,0.3956272867073693,0.6077839433775972,-0.2507268120467242,0.43768612902684056,0.8833772431054984,0,baseline,1.0,0.6418333806561245,0.8833772431054984,-0.07342028236548936,0.17900645817204908
2026-09-12 21:39:00,Berbaring,60,1.0,1.0,1,67.8,-13.0,-16.404556821339188,930.0166666666667,71.07897056441642,78.59842151345522,0.47231867763075436,0.995299512005723,-0.0065166666666666715,-0.5208648815047027,-2.9227932910652457,-3.7658435148054545,1.6236879600751322,1.3942793100158313,-2.3344929860640233,2.346125640039215,3.668374803770562,-0.9388416983148029,0.8730514593437158,-0.8983186229054861,0.6211733090613593,1.6841838418966806,0,baseline,1.0,1.1846718567671446,1.6841838418966806,0.8008065987911822,0.8742268811566716
2026-09-12 21:40:00,Berbaring,60,1.0,1.0,1,61.65,1.0,-0.8919144206723848,975.8,46.50452866593401,62.513591742455276,0.4884405201411557,0.9971202795709991,-0.02358333333333334,-1.0607501098059249,0.22483025315886507,-0.23595795972691688,1.051861046098365,0.39613112804804845,-2.2785072266051922,1.131837908709186,2.3529287358957234,-0.501536697488655,0.7112486767072281,-0.8085175857121515,0.4608081448310908,1.274150137069446,0,baseline,1.0,-1.214287731330029,1.274150137069446,-0.41003370482723467,-1.2108403036184168
2026-09-12 21:41:00,Berbaring,60,1.0,1.0,1,62.4,-1.0,-1.4037232564600672,962.4666666666667,46.12711495924362,64.77575399086255,0.3853001928794517,0.9975445239470528,0.011716666666666669,-0.994910447817971,-0.22483025315886507,-0.35241952505835566,1.1322824913879947,0.380801591501951,-2.636679039092098,1.2611994827106088,2.643475534561457,-0.5833413935245831,0.7244455755679153,-0.847332732662909,0.4965535023265618,1.352644341234568,0,baseline,1.0,0.12936157400142267,1.352644341234568,0.07849420416512198,0.48852790899235665
2026-09-12 21:42:00,Berbaring,60,1.0,1.0,1,63.05,0.0,1.0619616560156118,952.0666666666667,43.59127057171536,60.07452998186813,0.5678093349928715,0.9979790781284326,-0.03411666666666667,-0.937849407428411,0.0,0.20864449815079597,0.9651506998023854,0.277802366713011,-2.0028859150861247,0.9952668029857779,2.025136492256898,-0.4498566144648028,0.6571912492605931,-0.765535889913971,0.4190728871092515,1.1814984532951758,0,baseline,1.0,-0.2659326797248309,1.1814984532951758,-0.17114588793939212,-0.2496400921045141
2026-09-12 21:43:00,Berbaring,60,1.0,1.0,1,62.833333333333336,1.0,0.5901639344262969,952.4333333333333,34.52062349274248,47.610175525399214,0.5410526056955487,0.9980574777791625,-0.026816666666666666,-0.9568697542249306,0.22483025315886507,0.1012874200113874,0.5220342077394363,-0.09062308638780918,-2.095803074485152,0.9703547715137086,2.0909730972962293,-0.41665392232431303,0.4266851801925248,-0.707917616755971,0.411984757253788,1.0131828691342342,0,baseline,1.0,-0.024912031472069218,1.0131828691342342,-0.1683155841609416,0.0028303037784505047
2026-09-12 21:44:00,Berbaring,60,1.0,1.0,1,64.08333333333333,1.0,0.545151430953102,935.5,32.35214084027752,47.39555868486886,0.368314375349879,0.9985781971387188,0.007916666666666667,-0.847136984245008,0.22483025315886507,0.0910448719203463,0.5144044294107168,-0.17870105886539536,-2.6956650944271954,1.1789568247865254,2.7663797954703697,-0.366885623969298,0.3864964000574013,-0.741360383167537,0.47555790135552767,1.0294440555973225,0,baseline,1.0,0.20860205327281678,1.0294440555973225,0.016261186463088384,0.18457677062403
2026-09-12 21:45:00,Berbaring,60,1.0,1.0,1,66.13333333333334,10.0,10.672964712420187,906.1166666666667,94.18465304950959,81.29773695434766,1.072172063448319,0.9968124705486009,0.024533333333333338,-0.6671752414779328,2.2483025315886507,2.3956181924041946,1.7196505061754508,2.332770408242759,-0.2514030819615153,1.8120519101628654,3.0665380019309487,0.5829284965412149,0.9305444832909616,-0.23688318668178773,0.5663553930664769,1.2580106290691848,0,baseline,1.0,0.63309508537634,1.2580106290691848,0.22856657347186227,0.21230538700877388
2026-09-12 21:46:00,Berbaring,60,1.0,1.0,1,66.85,-10.0,-9.711030841900453,923.75,56.87054135997187,68.88568275146581,0.5650935636306273,0.9867376423204901,-0.02873333333333333,-0.6042617866894446,-2.2483025315886507,-2.242738678304608,1.2783933245954024,0.8171708720044639,-2.012316879452244,1.6733872987305118,2.6456489068695785,-0.8724495843887257,0.7732101094897266,-0.8636608392370334,0.5356819715795238,1.5465727821942676,0,baseline,1.0,-0.13866461143235354,1.5465727821942676,0.2885621531250828,0.059995579653220554
2026-09-12 21:47:00,Berbaring,60,1.0,1.0,1,62.88333333333333,-1.0,-0.7885523756598886,950.15,58.04581037159284,87.59082453301191,0.3412994216581781,0.9860245337033228,-0.00034999999999999685,-0.9524804434257339,-0.22483025315886507,-0.2124380344808283,1.943374157636227,0.8649071596531773,-2.7894789806625457,1.4893431466748372,3.2438664148052467,-0.5533375711272586,0.9006363172411839,-0.8758309266500933,0.5570784341590396,1.481466988304709,0,baseline,1.0,-0.1840441520556746,1.481466988304709,-0.06510579388955873,-0.35366794701464155
2026-09-12 21:48:00,Berbaring,60,1.0,1.0,1,63.36666666666667,3.0,4.964712420116757,943.2333333333333,53.64742610492711,60.52930373108129,0.8155227985950896,0.9833749446068648,-0.0037000000000000023,-0.9100504390334969,0.6744907594765952,1.0967113530072061,0.981318223691203,0.6862565405463721,-1.1426600209924298,0.9332301249946181,1.6075146431676386,-0.13288326871579978,0.713019470344125,-0.6004038982282275,0.36140365370328,1.0085396224800214,0,baseline,1.0,-0.5561130216802191,1.0085396224800214,-0.47292736582468753,-0.4078215719351288
2026-09-12 21:49:00,Berbaring,60,1.0,1.0,1,64.21666666666667,-2.0,-3.60933592664623,945.8833333333333,57.53527780492934,64.90854060959772,0.9298600551612133,0.9843390808882764,-0.003699999999999997,-0.8354321554471489,-0.44966050631773014,-0.8543043815192821,1.1370031482733813,0.8441706906275273,-0.7456050231431597,0.8357934950507091,1.3984908992270308,-0.6184749202726999,0.7630521464700515,-0.7206331410641368,0.3403335498767984,1.2648710821307374,0,baseline,1.0,-0.097436629943909,1.2648710821307374,0.256331459650716,0.7292588254754035
2026-09-12 21:50:00,Berbaring,60,1.0,1.0,1,63.95,1.0,0.6218393998333472,939.8833333333333,44.73655149369498,66.81558226864676,0.4300569893242146,0.9824344988440405,-0.00019999999999999868,-0.8588418130428658,0.22483025315886507,0.10849513903841343,1.2047998089931145,0.32432061827041214,-2.4812536751308922,1.1911671685995566,2.612159974491781,-0.37018688989038057,0.7237561065444589,-0.799750415672243,0.4789857671848199,1.2368869502669446,0,baseline,1.0,0.3553736735488475,1.2368869502669446,-0.027984131863792783,-0.2843155915145088
2026-09-12 21:51:00,Berbaring,60,1.0,1.0,1,65.8,8.0,7.7521533759378105,908.55,74.2027513309631,61.05887683767173,0.934310893504481,0.985510392364897,0.011800000000000003,-0.6964373134725799,1.7986420252709205,1.7309906273856388,1.0001449168908212,1.5211589399124126,-0.7301487522662071,1.3268884777590524,2.236952914648562,0.3937248898337233,0.7893319234161407,-0.3483930286851583,0.45942435898667255,1.0538086250667784,0,baseline,1.0,0.13572130915949576,1.0538086250667784,-0.1830783252001662,-0.15509419333637342
2026-09-12 21:52:00,Berbaring,60,1.0,1.0,1,65.16666666666667,-6.0,-1.2303417616004098,928.3,57.05551860591428,88.50624798398918,0.3495960147573208,0.9824176880620026,-0.005416666666666667,-0.752035250262407,-1.3489815189531904,-0.31296674722621004,1.975918099624228,0.8246841535880522,-2.760667691551098,1.564656444386423,3.5077232918882424,-0.6989572583304113,0.8943666882483656,-0.8913509232627279,0.5743490113421503,1.5533242666140696,0,baseline,1.0,0.23776796662737065,1.5533242666140696,0.4995156415472912,0.6825939667474574
2026-09-12 21:53:00,Berbaring,60,1.0,1.0,1,63.53333333333333,-1.0,-1.1736593498193275,947.0333333333333,63.45423191578792,84.16086292011047,0.781214777091438,0.981764850905833,0.007516666666666665,-0.895419403036174,-0.22483025315886507,-0.3000687237041533,1.821436630656588,1.0845827947684994,-1.2618002891207547,1.0823167278917072,2.375406711908182,-0.5405554712404229,0.8960915212158922,-0.7788796295001901,0.4451180108153193,1.3783917268634152,0,baseline,1.0,-0.48233971649471585,1.3783917268634152,-0.17493253975065448,-0.6744481812979457
2026-09-12 21:54:00,Berbaring,60,1.0,1.0,1,64.25,-1.0,-1.8988607946651435,940.7,47.0147110046149,65.53586157625742,0.54510530026898,0.9830219865703336,0.003333333333333336,-0.8325059482476845,-0.22483025315886507,-0.46508755405979246,1.159304846056014,0.41685337174864096,-2.081729423573239,1.0654633641552638,2.183178008111515,-0.5335468548608546,0.7203307988210643,-0.8026362865682014,0.4368657217510439,1.2800880334645564,0,baseline,1.0,-0.016853363736443416,1.2800880334645564,-0.0983036933988588,0.07662884635179568
2026-09-12 21:55:00,Berbaring,60,1.0,1.0,1,64.08333333333333,0.0,0.9285912753543217,940.7166666666667,48.46389243608582,70.43075695620294,0.5548124767497061,0.9816635208424993,0.02951666666666667,-0.847136984245008,0.0,0.17829620751068057,1.3333217899219594,0.4757152501644228,-2.0480196508147137,1.0760937918021936,2.3088412308481576,-0.4129652701115146,0.7705512221620976,-0.7858696823354008,0.4445912302407876,1.2567983210979952,0,baseline,1.0,0.010630427646929785,1.2567983210979952,-0.023289712366561188,0.07501398103229762
2026-09-12 21:56:00,Berbaring,60,1.0,1.0,1,69.43333333333334,-3.0,-15.047513198110522,902.3833333333333,115.23551295641326,67.59350084092556,1.190861739299535,1.0013864291493555,-0.02743333333333334,-0.37748072873093574,-0.6744907594765952,-3.457049657542272,1.2324553566640888,3.187800102578644,0.16076641033849476,2.0106169599884525,4.83845106243628,-0.7299026943622652,0.9138344175882923,-0.7023392653551634,0.5435865255018903,1.468542828920245,0,baseline,1.0,0.9345231681862589,1.468542828920245,0.21174450782224974,0.23503422018881093
2026-09-12 21:57:00,Berbaring,60,1.0,1.0,1,61.266666666666666,1.0,-0.1367046401777928,978.1,56.21619888385511,74.7605216221793,0.49234741134864596,0.9998470326183617,0.021583333333333336,-1.094401492599768,0.22483025315886507,-0.06411076397725496,1.4872479428523917,0.7905932286293533,-2.264939901950256,1.2395745450165228,2.5085212005884028,-0.4960764609488514,0.8438839674353028,-0.8305683905176324,0.492770430437511,1.3750994705993107,0,baseline,1.0,-0.7710424149719297,1.3750994705993107,-0.0934433583209342,-0.30518786614318394
2026-09-12 21:58:00,Berbaring,60,1.0,1.0,1,60.766666666666666,0.0,-0.43678799666569895,988.5833333333334,41.308386174741585,54.12164578403803,0.509155756342982,0.9998987983142016,-0.0003833333333333318,-1.1382946005917374,0.0,-0.13239441791751544,0.753521515747015,0.1850777009852936,-2.206570149290358,1.0633471629299447,2.1619830122713406,-0.5689177377434462,0.5969307360785727,-0.7941356841178309,0.44103384309909754,1.2268480066994778,0,baseline,1.0,-0.17622738208657807,1.2268480066994778,-0.1482514638998329,-0.0548081055788987
2026-09-12 21:59:00,Berbaring,60,1.0,1.0,1,65.81666666666666,5.0,8.440677966101743,913.6666666666666,87.50974118496687,67.31786475560732,1.3411096780238554,0.9985300435203619,-0.013250000000000001,-0.6949742098728476,1.1241512657943253,1.8876636778152398,1.222656301635708,2.0616533196060507,0.6825271800010195,1.3857083372130556,2.4978450413449185,0.2337562055588843,0.8684820472368883,-0.20944783426848182,0.4678273236226167,1.0351974835835538,0,baseline,1.0,0.32236117428311095,1.0351974835835538,-0.191650523115924,-0.04339905921609111
2026-09-12 22:00:00,Berbaring,60,1.0,1.0,1,63.483333333333334,-5.0,-4.466240622395062,952.55,39.55062192829911,52.743221911702726,0.6102481548379612,0.9972177827804397,-0.027116666666666667,-0.8998087138353706,-1.1241512657943253,-1.0492921488820333,0.7045175859391585,0.11368201297079276,-1.8555101075113414,1.0898449577526998,1.8801466744371207,-0.7571635483311436,0.5341020321822358,-0.7936799794214258,0.42240819742477587,1.2910918691900453,0,baseline,1.0,-0.2958633794603558,1.2910918691900453,0.25589438560649147,0.4475449087224155
2026-09-12 22:01:00,Berbaring,60,1.0,1.0,1,62.55,-2.0,0.34509585996113107,962.7,55.119992374110815,60.186151906862534,0.742238398275828,0.9973775591250733,-0.0027666666666666673,-0.9817425154203804,-0.44966050631773014,0.04552243596016502,0.9691189370675865,0.7460682485999968,-1.3971521986521367,0.8771097272341106,1.6266530922756306,-0.583681319796027,0.7239429855667187,-0.7610155844566608,0.38140526613776315,1.2607109209702347,0,baseline,1.0,-0.21273523051858922,1.2607109209702347,-0.030380948219810522,-0.286275333826302
2026-09-12 22:02:00,Berbaring,60,1.0,1.0,1,63.983333333333334,1.0,1.4387329813837784,940.85,50.49612336186087,50.38815437873187,0.75133217734379,0.9966414342996015,-0.0008000000000000007,-0.8559156058434013,0.22483025315886507,0.29437841920912705,0.6207932930023683,0.5582590414855325,-1.3655725496670903,0.7562654603597831,1.5187739134382099,-0.3444631234040466,0.5731385142787377,-0.6514395077142885,0.335659210557822,0.9920600474660014,0,baseline,1.0,-0.12084426687432748,0.9920600474660014,-0.26865087350423333,-0.2382699252844228
2026-09-12 22:03:00,Berbaring,60,1.0,1.0,1,63.28333333333333,4.0,1.9088635732148265,945.0166666666667,50.751468766144136,58.63157013886932,0.6943694107948796,0.9953385934023407,0.003733333333333332,-0.9173659570321586,0.8993210126354603,0.401356143715534,0.9138524712378494,0.5686304896800451,-1.5633851597368973,0.9499180199412174,1.8959820322974497,-0.17280013322993476,0.6795350440470507,-0.6535446997871783,0.40099951071236295,1.0390134957467,0,baseline,1.0,0.19365255958143424,1.0390134957467,0.046953448280698695,0.31560432178493203
2026-09-12 22:04:00,Berbaring,60,1.0,1.0,1,64.18333333333334,-1.0,-0.1850514031675069,940.9666666666667,45.352841432359014,51.977994039850934,0.7955540774646231,0.9957530082389217,0.016216666666666667,-0.8383583626466133,-0.22483025315886507,-0.075112019334296,0.6773132015173259,0.3493526692274077,-1.2120047014896804,0.6842016100636954,1.2136743876365277,-0.4928463851440456,0.5563505349263894,-0.6747754456239687,0.312281785744447,1.0513159814190969,0,baseline,1.0,-0.265716409877522,1.0513159814190969,0.012302485672396779,-0.034650962608301916
2026-09-12 22:05:00,Berbaring,60,1.0,1.0,1,66.73333333333333,0.0,6.325090302861958,912.7833333333333,93.33284553948398,71.5902890867569,1.053583615478106,0.9968659120510414,-0.04201666666666667,-0.6145035118875702,0.0,1.406263917536393,1.3745439656808238,2.2981722626966308,-0.3159545360587701,1.2666219446070448,3.059218600269137,-0.12635833004324262,0.8963715672514904,-0.555078935164174,0.4611949791494543,1.157696785520228,0,baseline,1.0,0.5824203345433494,1.157696785520228,0.10638080410113115,0.09407831842873438
2026-09-12 22:06:00,Berbaring,60,1.0,1.0,1,63.85,1.0,2.4623506529592154,948.7666666666667,87.57918773483678,74.09579232775614,1.3491631391093177,0.9953761749274519,-0.0025666666666666654,-0.8676204346412598,0.22483025315886507,0.5273015498720209,1.4636163529337178,2.064474052942862,0.7104941530595181,1.154006692009849,2.310311980197536,-0.31910195302783106,0.9041734195383161,-0.48591799707611716,0.4625828908184946,1.1702370955435693,0,baseline,1.0,-0.11261525259719574,1.1702370955435693,0.012540310023341217,-0.09384049407778994
2026-09-12 22:07:00,Berbaring,60,1.0,1.0,1,63.56666666666667,-1.0,0.6668519033064984,951.2666666666667,52.30933632408909,62.96407369501426,0.6841132961000516,0.9952005492732249,-0.006983333333333335,-0.8924931958367089,-0.22483025315886507,0.1187376871294446,1.0678759936235458,0.6319069082100371,-1.5990012110608307,0.9089977756729476,1.747835163626785,-0.49337367900368684,0.727693508140126,-0.7579532062637749,0.39175051673796635,1.2251191612136825,0,baseline,1.0,-0.24500891633690147,1.2251191612136825,0.05488206567011322,0.042341755646772006
2026-09-12 22:08:00,Berbaring,60,1.0,1.0,1,64.75,2.0,-1.2686857460405214,922.6666666666666,50.554775350449965,53.24710543577121,1.0219588561154005,0.9945091809257126,-0.04001666666666667,-0.7886128402557152,0.44966050631773014,-0.32169188078524114,0.7224309965673088,0.5606413285796137,-0.4257767334584502,0.569371220410221,1.2765681168615952,-0.3337946775375489,0.6013249217083568,-0.5366731253313305,0.26173184840061725,0.9107865568507582,0,baseline,1.0,-0.33962655526272656,0.9107865568507582,-0.3143326043629243,-0.36921467003303754
2026-09-12 22:09:00,Berbaring,60,1.0,1.0,1,64.85,-1.0,-0.665184773548147,932.65,51.473483382470086,64.62119083617034,0.706107392493726,0.9950081229931176,-0.018416666666666668,-0.7798342186573218,-0.22483025315886507,-0.18436586563871055,1.1267876634650091,0.5979567946116912,-1.522623080619712,0.8792292681786845,1.7074220728448963,-0.4807911415684795,0.7283430776254066,-0.7485057840326156,0.38109648520558925,1.2112552168316573,0,baseline,1.0,0.3098580477684635,1.2112552168316573,0.3004686599808991,0.6148012643438234
2026-09-12 22:10:00,Berbaring,60,1.0,1.0,1,65.8,1.0,1.2636843567657972,906.1833333333333,57.060328367845266,81.60290373696934,0.6192186343731834,0.9954773314122026,-0.013283333333333331,-0.6964373134725799,0.22483025315886507,0.2545462877439669,1.7304993980841108,0.824879513268933,-1.824358636507621,1.1257372546999904,2.6476468109590776,-0.27050582595105,0.8610218175240816,-0.7561709727006061,0.45879598934697297,1.26365354109494,0,baseline,1.0,0.2465079865213059,1.26365354109494,0.052398324263282836,-0.24807033571761627
2026-09-12 22:11:00,Berbaring,60,1.0,1.0,1,72.65,28.0,28.779661016949195,816.5,125.69703959406468,43.357598595081384,1.4297443971892476,0.9867946582976336,0.006116666666666668,-0.09510173398259973,6.295247088448222,6.515778000433003,0.3708521326330695,3.612719367769531,0.9903258738347541,4.005507896764803,6.7762984114164135,0.9928290310425507,0.809703983304067,0.29019936726664325,0.8060708020282754,1.5411994796598623,9,tau_in,0.0,2.879770642064812,1.8371978217121394,0.5735442806171993,0.5211459563539165
2026-09-12 22:12:00,Berbaring,60,1.0,1.0,1,70.86666666666666,-29.0,-11.886635176437855,894.25,99.3054908274189,99.28071825359218,0.9458710866184448,0.9829356161220612,-0.003499999999999999,-0.251653819153958,-6.520077341607086,-2.7377951693715152,2.358958030522949,2.540765159020304,-0.6900040733587899,3.2292036370953445,6.929369727022398,-0.9867492930708386,0.9628028985508212,-0.836755820550278,0.8097435979394484,1.804579891958889,9,rising,0.0,-0.776304259669458,2.063130772990979,0.2259329512788395,-0.3476113293383598
2026-09-12 22:13:00,Berbaring,60,1.0,1.0,1,66.85,3.0,0.768546818560757,895.7333333333333,70.96546466515416,65.66827265809802,1.1286664240573994,0.9844866948516965,-0.045033333333333335,-0.6042617866894446,0.6744907594765952,0.14187825874253826,1.1640121523429448,1.3896690036064618,-0.05521708884070105,0.8295935439582167,1.6554738034976373,-0.1082887319209408,0.803523125249897,-0.4719218327809579,0.3644587236873945,1.0064373998414358,9,rising,0.0,-2.399610093137128,1.4187727935788697,-0.6443579794121093,-0.8702909306909488
2026-09-12 22:14:00,Berbaring,60,1.0,1.0,1,68.56666666666666,-4.0,-6.115031953320313,922.85,114.43461977648997,108.9569966484212,0.9100126482233092,0.9823294713886664,0.022366666666666663,-0.4535621159170165,-0.8993210126354603,-1.424472891920472,2.70295647452707,3.1552699611091772,-0.8145284200805842,1.8694374677231897,3.8247004188498552,-0.6248524278346621,0.9825415640067395,-0.7806264937490732,0.6221017894036638,1.5336938549442956,9,rising,0.0,1.039843923764973,1.830906016346523,0.4121332227676533,1.0564912021797626
2026-09-12 22:15:00,Berbaring,60,1.0,1.0,1,67.3,-3.0,-4.899153389884261,906.0,66.20358943620269,62.6602352752187,0.8686536407636434,0.9837816675590481,-0.004833333333333337,-0.564757989496672,-0.6744907594765952,-1.1478009963820255,1.0570743259395945,1.1962543526381788,-0.9581544008950572,0.9624471380580001,1.6913041382472953,-0.5948470745465462,0.7588109358613853,-0.7334450314668811,0.36900364975438604,1.2663895080878265,9,rising,0.0,-0.9069903296651897,1.6136115970688012,-0.21729441927772175,-0.629427642045375
2026-09-12 22:16:00,Berbaring,60,1.0,1.0,1,65.95,-2.0,-1.851878374701051,922.95,82.03893763412343,77.05808946854556,0.704621742717386,0.9842944175033504,0.009449999999999997,-0.6832693810749886,-0.44966050631773014,-0.4543967535313954,1.5689280818370515,1.8394438940274174,-1.5277822447142984,1.2284635240950574,2.5931656581361304,-0.5218333218349471,0.8975409214160363,-0.7954915046404922,0.4857991415709203,1.3952409330649242,9,rising,0.0,0.26601638603705735,1.7165946700662567,0.10298307299745546,0.3202774922751772
2026-09-12 22:17:00,Berbaring,60,1.0,1.0,1,65.11666666666666,4.0,4.873020283412106,911.9166666666666,54.06282963388615,58.919364604718275,0.8008098574821023,0.9826729220001931,-0.019783333333333333,-0.7564245610616049,0.8993210126354603,1.0758469031921234,0.9240837651718833,0.703129122187344,-1.1937531377718684,0.9409012417991738,1.64940236640424,0.015138674035517155,0.6833186712401199,-0.5414817282686429,0.36603336059015046,0.9456936443852376,9,rising,0.0,-0.28756228229588365,1.376348963392145,-0.3402457066741116,-0.44322877967156704
2026-09-12 22:18:00,Berbaring,60,1.0,1.0,1,74.8,24.0,35.17643789941655,800.3,124.06945840324514,45.39935786897491,1.4516416612689012,0.9829848054195091,-0.02715,0.0936386303828675,5.395926075812762,7.97135789025959,0.4434380984963189,3.546611367704561,1.0663677380806709,4.214648318995874,7.247108417787347,0.9935395337380721,0.8047034057673345,0.3069126474966941,0.7693649789450379,1.5234126887926795,9,peak,0.0,3.2737470771967,1.8223024503014151,0.44595348690927006,0.7861991935833816
2026-09-12 22:19:00,Berbaring,60,1.0,1.0,1,86.7,-3.0,-0.9002500694636504,698.0166666666667,39.05037670630023,26.217797034761183,1.464456689544241,0.9913380421496866,-0.009916666666666667,1.1382946005917374,-0.6744907594765952,-0.2378547278919093,-0.23847976406394977,0.09336338840389717,1.1108700392300845,0.7195888662003991,1.4824045505298171,0.3696663586126734,-0.3234379118138233,0.5394512945629343,0.3233018848031727,0.7979956813237461,9,falling,1.0,-3.4950594527954744,0.7979956813237461,-1.024306768977669,-1.470260255886939
2026-09-12 22:20:00,Berbaring,60,1.0,1.0,1,75.05,-16.0,-16.319533203667604,827.5166666666667,66.86604156164992,56.43535374694105,0.9987036155904926,0.9912893527014262,0.0051666666666666675,0.11558518437885217,-3.597284050541841,-3.7464964795223783,0.8357754471287243,1.2231613883050472,-0.5065343950808591,2.2151474676067533,3.1695465727920813,-0.91822434796012,0.6305627603931618,-0.7412012009449532,0.5842369801804197,1.4599511694827358,9,falling,0.6219967638679941,1.4955586014063542,1.5080927901824468,0.7100971088587007,1.7344038778363697
2026-09-12 22:21:00,Berbaring,60,1.0,1.0,1,71.38333333333334,3.0,8.664073353709428,846.3,67.591820786898,38.64791090019165,1.4397151371755663,1.000175639162697,0.012816666666666672,-0.2062976075622552,0.6744907594765952,1.9384970646374384,0.20341945111232942,1.2526406015943665,1.0249509143746578,1.0736448577815179,2.3577361578096707,0.3624105129376481,0.43520524251458903,0.16347308946291872,0.3279337386341329,0.6745435278119735,9,falling,0.9770908508572032,-1.1415026098252354,0.674932441083898,-0.8331603490985487,-1.5432574579572496
2026-09-12 22:22:00,Berbaring,60,1.0,1.0,1,78.46666666666667,1.0,4.731314253959494,779.7833333333333,112.76315236403,116.04557842152558,0.8105903836245671,1.004683268460616,-0.015183333333333333,0.41552142232397615,0.22483025315886507,1.0436018443870028,2.9549604992817717,3.087379419958441,-1.1597886462046316,1.8673119915945684,4.894457482805244,0.4239732761143735,0.9806394529660827,-0.49156668739613,0.6305691259093139,1.334414593100815,9,falling,0.7302000388442237,0.7936671338130505,1.3614162939086898,0.6864838528247917,1.5196442019233405
2026-09-12 22:23:00,Berbaring,60,1.0,1.0,1,97.66666666666667,21.0,10.3428730202835,602.3833333333333,20.099828540179956,15.95119675654782,1.466380862135908,0.9851051217112469,-0.01963333333333333,2.1010167692155974,4.721435316336167,2.3205061730699104,-0.6034645626415727,-0.6763572537757312,1.1175520461908175,2.386123879124595,4.805879313764798,0.9941999488707822,-0.7264637470054743,0.824232236002645,0.6986599836908206,1.638190363091139,9,falling,0.5688101025129978,0.5188118875300265,1.6939871290595832,0.33257083515089336,-0.3539130176738984
2026-09-12 22:24:00,Berbaring,60,1.0,1.0,1,90.45,-16.0,-19.717143651014126,683.5833333333334,68.87505062698725,26.788246853639478,1.2894740029552096,0.9926847177735192,-0.018366666666666663,1.467492910531507,-3.597284050541841,-4.519619183579355,-0.21819987524001588,1.304761969689851,0.5032137744754122,2.500806024506464,4.561008883452775,-0.7397862166410766,-0.08709677886909467,-0.25273888782357506,0.6033048295816699,0.991323942027204,9,falling,0.5331352373328181,0.11468214538186894,1.095758123244651,-0.5982290058149322,-0.9307998409658256
2026-09-12 22:25:00,Berbaring,60,1.0,1.0,1,88.51666666666667,6.0,19.11030841900535,681.4166666666666,65.53748873262182,26.257847898698525,1.2345010687879956,0.9913515299587681,-0.01603333333333333,1.2977728929625587,1.3489815189531904,4.315526929024564,-0.23705592792434171,1.169199121474302,0.31231118582612044,1.9853000894379635,4.8417216590457,0.9431471137256124,-0.09732649344794139,0.5612956039716949,0.3942178070604657,1.1702390178494895,9,falling,0.6934967711349118,-0.5155059350685003,1.2097121923011533,0.1139540690565024,0.7121830748714346
2026-09-12 22:26:00,Berbaring,60,1.0,1.0,1,78.61666666666666,-12.0,-13.825507085301394,783.0,55.038661296293675,33.65326689760381,1.1013367627285116,0.9826102147656077,-8.333333333333341e-05,0.42868935472156616,-2.697963037906381,-3.1789834445522014,0.025856374158806917,0.7427647974861926,-0.15012384929709913,1.738947005330847,2.839654975862724,-0.781984075989278,0.11368079043195746,-0.4797353438401394,0.4695042795555818,1.0368233629044352,9,falling,0.7701313076879078,-0.24635308410711665,1.061999200362097,-0.1477129919390563,-0.2616670609955587
2026-09-12 22:27:00,Berbaring,60,1.0,1.0,1,76.46666666666667,-1.0,-3.4509585996109666,795.4333333333333,61.91310659595093,27.3520674395984,1.7547121933571304,0.9888579894757705,-0.0014333333333333346,0.23994899035609893,-0.22483025315886507,-0.8182657863841493,-0.1981556602687921,1.0219864012253848,2.1188301906573277,1.028821842748815,2.4885705435679526,-0.058151318197701696,0.09820365902859132,0.3254858074379504,0.4131446398935943,0.5381960969489433,9,falling,0.9910342159114258,-0.710125162582032,0.5382707720612362,-0.5237284283008609,-0.37601543636180457
2026-09-12 22:28:00,Berbaring,60,1.0,1.0,1,73.51666666666667,4.0,3.1792164490136656,813.1,41.51279157569122,32.35109303159606,1.237661896347413,0.985183402208156,0.007316666666666666,-0.019020346796520197,0.8993210126354603,0.6904236120626449,-0.02043681475655931,0.1933801023250722,0.3232876813053575,0.4878786177097064,0.7334803217432081,0.3477646889135159,0.04088604131206959,0.22929080856711487,0.19596568610148013,0.46215665336752637,9,falling,1.0,-0.5409432250391085,0.46215665336752637,-0.07611411869370982,0.44761430960715104
2026-09-12 22:29:00,Berbaring,60,1.0,1.0,1,71.25,-6.0,-4.6562934148374024,852.3333333333334,35.25580450666854,27.881407449336777,1.0013053319874576,0.9854229835662104,-0.042,-0.21800243636011427,-1.3489815189531904,-1.0925384630441983,-0.17933725382479834,-0.06076199755824581,-0.4974995054094951,0.7465784311116239,1.444415603118376,-0.5970024276239589,-0.07011028713854653,-0.37074848038073255,0.2795796401287822,0.7595699848142444,9,tau_out,1.0,0.2586998134019175,0.7595699848142444,0.29741333144671805,0.3735274501404279
2026-09-12 22:30:00,Berbaring,60,1.0,1.0,1,73.56666666666666,4.0,3.520978049458205,813.9166666666666,35.559590313681014,27.496378806265145,1.3829885391694328,0.9837082177466756,0.007383333333333326,-0.014631035997323516,0.8993210126354603,0.768191106827937,-0.19302529055847067,-0.048423029608139795,0.8279584385555804,0.5950110161667266,1.1377181507733605,0.36008007312777335,-0.1148346533555188,0.40263919023770184,0.24191341787695209,0.6028972349738932,0,baseline,1.0,-0.15156741494489734,0.6028972349738932,-0.15667274984035118,-0.45408608128706923
2026-09-12 22:31:00,Berbaring,60,1.0,1.0,1,72.28333333333333,-1.0,-0.46512920255622225,833.2333333333333,31.982710724870316,25.900068712689432,1.2578353312585429,0.9827960601562358,-0.026583333333333327,-0.1272900131767112,-0.22483025315886507,-0.1388434296785398,-0.24977522745896033,-0.1937063232608656,0.39334326419944843,0.23827771457181418,0.6902266607526889,-0.15697631160941347,-0.15898475691541797,0.07960450752273243,0.11905808204549506,0.2653854175651685,0,baseline,1.0,-0.3567333015949124,0.2653854175651685,-0.33751181740872477,-0.1808390675683736
2026-09-12 22:32:00,Berbaring,60,1.0,1.0,1,70.03333333333333,-3.0,-1.1303139761043912,867.1333333333333,44.142476053008124,38.28041053213085,1.1123610764053167,0.9840621826293204,-0.030983333333333328,-0.3248089991405731,-0.6744907594765952,-0.2902055292461119,0.1903545567773944,0.30019086087763425,-0.1118401001964543,0.36136674307397587,0.7604062557747969,-0.40073396750899265,0.23993441598419685,-0.3581269577637243,0.17054698069994811,0.6127784487007885,0,baseline,1.0,0.12308902850216169,0.6127784487007885,0.34739303113562,0.6849048485443447
2026-09-12 22:33:00,Berbaring,60,1.0,1.0,1,71.61666666666666,2.0,1.4720755765491196,835.25,39.485515473441524,32.400826522205165,1.141667305141001,0.9829380466698809,0.002033333333333334,-0.18581415716600405,0.44966050631773014,0.30196549186916016,-0.018668754487275514,0.11103756269929022,-0.010069383134620106,0.23828690180327802,0.4186236641640607,0.0778374183939231,0.054600052614084967,0.010766258542374955,0.10568006819721043,0.14256233227911147,0,baseline,1.0,-0.12307984127069785,0.14256233227911147,-0.470216116421677,-0.817609147557297
2026-09-12 22:34:00,Berbaring,60,1.0,1.0,1,70.73333333333333,1.0,1.3237010280633883,847.95,29.125924732537225,30.84378353981313,1.1374613432663057,0.982211694809525,-0.03205,-0.2633586479518158,0.22483025315886507,0.2682030185320213,-0.07402271820504432,-0.3097413386763895,-0.024675280051041526,0.22130943965304858,0.6336465613148968,-0.037150622103127695,-0.06538269230921562,0.010592186448422239,0.09998239808116771,0.12555373158958755,0,baseline,1.0,-0.01697746215022944,0.12555373158958755,-0.017008600689523923,0.45320751573215307
2026-09-12 22:35:00,Berbaring,60,1.0,1.0,1,71.21666666666667,-1.0,0.4017782717422333,845.35,23.833337284184413,28.247693771170603,0.7196768350230519,0.981620096912214,-0.0017333333333333307,-0.22092864355957872,-0.22483025315886507,0.05842045948222634,-0.16631551967976135,-0.5247121022567864,-1.475500951437074,0.6561069219773387,1.747722125838181,-0.17827138258162248,-0.17659494873214152,-0.2876682032680816,0.30171437378149435,0.4865706734721242,0,baseline,1.0,0.43479748232429005,0.4865706734721242,0.36101694188253663,0.37802554257206056
2026-09-12 22:36:00,Berbaring,60,1.0,1.0,1,70.68333333333334,0.0,-1.4554042789663226,851.15,37.04775891572884,36.414515638032896,1.126715570550532,0.9817340321781617,-0.010799999999999999,-0.2677479587510125,0.0,-0.3641794876814016,0.12402069224245688,0.012022403526490534,-0.06199174968386612,0.19308215694488756,0.5410952779901811,-0.199189379873541,0.12412317810201387,-0.18795869014845398,0.065248946998815,0.3076830620676523,0,baseline,1.0,-0.4630247650324511,0.3076830620676523,-0.1788876114044719,-0.5399045532870086
2026-09-12 22:37:00,Berbaring,60,1.0,1.0,1,71.35,1.0,0.14504028896923155,841.1666666666666,33.4968587784377,38.37946131523289,0.9894241098965345,0.9822435286010801,-0.03415,-0.20922381476172092,0.22483025315886507,0.0,0.1938758811827256,-0.13220567420678994,-0.5387590104338259,0.2706937741924787,0.7107022095099467,-0.04758805029069356,0.11491519533175712,-0.19461421182343325,0.13779747343329096,0.2689478755760308,0,baseline,1.0,0.07761161724759114,0.2689478755760308,-0.0387351864916215,0.1401524249128504
2026-09-12 22:38:00,Berbaring,60,1.0,1.0,1,71.78333333333333,1.0,2.8491247568769804,832.6333333333333,33.17491735095866,36.03435272446539,0.8751096691694954,0.9836381819566288,0.022383333333333335,-0.17118312116868054,0.22483025315886507,0.6153115927283611,0.11050563558542846,-0.14528207495948253,-0.9357347765155101,0.4773849963840588,1.1210779374448392,0.06550118080474472,0.05862689711285923,-0.18133825406847018,0.19936308880762021,0.283472611233279,0,baseline,1.0,0.2066912221915801,0.283472611233279,0.014524735657248211,0.05325992214886971
2026-09-12 22:39:00,Berbaring,60,1.0,1.0,1,75.78333333333333,0.0,-3.3425951653236465,795.4833333333333,54.49910329433875,25.098450218884643,1.4180281563841979,0.9850515477826156,0.011816666666666666,0.17996174276707388,0.0,-0.7936078002390504,-0.2782733238656468,0.7208493928172982,0.949639293560194,0.6001491824585276,1.7828435373035902,-0.020059520318482335,-0.008830098968280133,0.1817111265073682,0.24171826526354667,0.30319467056957367,0,baseline,1.0,0.12276418607446876,0.30319467056957367,0.019722059336294673,0.005197323679046462
2026-09-12 22:40:00,Berbaring,60,1.0,1.0,1,70.13333333333334,-1.0,-0.40677966101686636,859.1833333333333,36.9257118020817,40.86687772408426,0.8296989877489579,0.9822844979177798,0.0003833333333333351,-0.31603037754217844,-0.22483025315886507,-0.12556605252347983,0.28230526894119046,0.0070651758057326975,-1.093430863996304,0.49015778271424804,1.1119767053483653,-0.2543897103521706,0.2167470532017815,-0.4444891169886518,0.2343255719817674,0.6034670319169482,0,baseline,1.0,-0.10999139974427952,0.6034670319169482,0.3002723613473745,0.28055030201107983
2026-09-12 22:41:00,Berbaring,60,1.0,1.0,1,70.48333333333333,1.0,1.0586273964990824,850.0333333333333,41.59121756490273,30.73919818545607,1.324081049424292,0.9808784322970853,0.0124,-0.28530520194780046,0.22483025315886507,0.20788579088479375,-0.07774080047763327,0.19656555650034394,0.6233924561582672,0.31845041673233343,0.8259469606389286,-0.058220002154805384,0.06335999842693407,0.05774517831829827,0.1547426766632325,0.18623603209765938,0,baseline,1.0,-0.1717073659819146,0.18623603209765938,-0.4172309998192888,-0.7175033611666632
2026-09-12 22:42:00,Berbaring,60,1.0,1.0,1,73.41666666666667,-2.0,-3.1658794109474617,821.1833333333333,31.184791853367454,24.94808168298751,1.204881231498995,0.9817725885524448,-0.006699999999999999,-0.027798968394913557,-0.44966050631773014,-0.7533963151409031,-0.28361903016564677,-0.22611565626783617,0.20945141129341238,0.3970749927549304,0.7408526549264217,-0.2572833851794931,-0.2040544997588934,0.012613726239930049,0.12851005586599418,0.35285538072928474,0,baseline,1.0,0.07862457602259698,0.35285538072928474,0.16661934863162536,0.5838503484509141
2026-09-12 22:43:00,Berbaring,60,1.0,1.0,1,71.66666666666667,3.0,3.1575437621562177,832.7166666666667,29.07389280674078,26.391125883973363,1.1784752376152012,0.9804535091812759,0.0037999999999999996,-0.18142484636680611,0.6744907594765952,0.6854920148336289,-0.23231780261585028,-0.3118547365046108,0.117752238516129,0.4325973088349368,0.724244403357926,0.20254725960901684,-0.16784999763470487,0.22343522384563813,0.16530197251532075,0.3826840151528401,0,baseline,1.0,0.03552231608000639,0.3826840151528401,0.029828634423555378,-0.13679071420806999
2026-09-12 22:44:00,Berbaring,60,1.0,1.0,1,76.51666666666667,4.0,8.607390941928397,782.3333333333334,42.36310621710337,28.357284658802207,1.1982321757089454,0.9817047566437664,-0.04061666666666667,0.24433830115529562,0.8993210126354603,1.9255990411153934,-0.16241948720900806,0.22791761153615797,0.18636146745790477,0.8840690282580028,1.5709929285212125,0.5999200228256744,-0.08104085769543522,0.39000063024346415,0.19871044953393135,0.7470327896066181,0,baseline,1.0,0.451471719423066,0.7470327896066181,0.364348774453778,0.3345201400302226
2026-09-12 22:45:00,Berbaring,60,1.0,1.0,1,72.16666666666667,-6.0,-7.131981105862715,845.5333333333333,37.27973351666353,33.76338403796212,1.1291245571458306,0.9812613006411817,0.013200000000000002,-0.13753173837483681,-1.3489815189531904,-1.655878608051367,0.02977111528093977,0.021444592121543152,-0.05362614606399953,0.8741493041349593,1.1280551934819978,-0.6222808395614277,0.04920184837126301,-0.3627428192772245,0.2618092113770998,0.7679717971823653,0,baseline,1.0,-0.009919724123043538,0.7679717971823653,0.02093900757574718,-0.3434097668780308
2026-09-12 22:46:00,Berbaring,60,1.0,1.0,1,72.93333333333334,-4.0,0.15337593776052935,837.5833333333334,64.32973629474485,34.67695957582972,1.2306688225368836,0.9839721895371675,-0.006700000000000005,-0.07022897278715064,-0.8993210126354603,0.0018967681649997444,0.06224936266938067,1.12014344382701,0.2990030781043546,0.6002378901642715,2.346214505580455,-0.29874196791583113,0.31700934039801554,-0.27185206816631735,0.2801868098283793,0.584935791913879,0,baseline,1.0,-0.27391141397068774,0.584935791913879,-0.1830360052684863,-0.20397501284423347
2026-09-12 22:47:00,Berbaring,60,1.0,1.0,1,73.73333333333333,8.0,7.545429285912785,803.5166666666667,28.23298447612966,21.277026681535645,1.0964225576496303,0.9840265102159216,0.037733333333333334,0.0,1.7986420252709205,1.6839507768934543,-0.4141275952176657,-0.3460101864988948,-0.16718923765454724,1.0319867820164514,1.4483956713087616,0.6596451795483727,-0.3043191476560219,0.4595514761494615,0.343978674270884,0.9258783905653033,0,baseline,1.0,0.4317488918521799,0.9258783905653033,0.3409425986514243,0.5239786039199106
2026-09-12 22:48:00,Berbaring,60,1.0,1.0,1,75.78333333333333,1.0,2.3389830508474927,794.4166666666666,34.60444356039111,22.398168811349173,1.6261069710554308,0.982635818251868,0.004116666666666665,0.17996174276707388,0.22483025315886507,0.4992293810299075,-0.37427021075367367,-0.08721853915611541,1.6722273264817717,0.7389400451706989,1.888303219671381,0.23673502171051372,-0.2577022114810044,0.5415780700546912,0.3222894390672798,0.7208544851805693,0,baseline,1.0,-0.29304673684575255,0.7208544851805693,-0.20502390538473403,-0.5459665040361583
2026-09-12 22:49:00,Berbaring,60,1.0,1.0,1,76.36666666666666,0.0,2.210614059461017,785.65,28.615999436133862,24.01906022802075,1.3477338722187917,0.9768876373182189,-0.013116666666666662,0.23117036875770433,0.0,0.47001915128880006,-0.31664639067708006,-0.33045314200632925,0.7055307878434247,0.40447407217180553,0.9982437888748384,0.19511253122707528,-0.29405824349319976,0.3886001071710781,0.17718408098863125,0.5540247217022916,0,baseline,1.0,-0.33446597299889336,0.5540247217022916,-0.16682976347827772,0.038194141906456314
2026-09-12 22:50:00,Berbaring,60,1.0,1.0,1,79.23333333333333,15.0,5.541539316476878,747.85,63.14358805028747,19.81011554651062,1.5208431873623607,0.981469999449133,-0.01721666666666667,0.4828241879116623,3.372453797382976,1.2279677100257147,-0.4662773089144722,1.071965270803169,1.306681461003648,1.6425797301769183,3.745158756944225,0.8979405527641506,-0.08482173404116822,0.6650728472579638,0.5754615566603531,1.2597499189195889,0,baseline,1.0,1.2381056580051126,1.2597499189195889,0.7057251972172973,0.872554960695575
2026-09-12 22:51:00,Berbaring,60,1.0,1.0,1,96.66666666666667,-8.0,-11.292316413076705,629.9666666666667,57.20168501330693,15.88464774234245,1.5441351841995061,1.008687816135288,0.039516666666666665,2.013230553231659,-1.7986420252709205,-2.602558556309998,-0.6058304264998189,0.8306210425886827,1.3875667649879144,1.6854190766651875,3.4601774975461654,0.17546564190653202,-0.4840021099673944,0.565049749381298,0.5115934209130035,0.9198126339314427,0,baseline,1.0,0.04283934648826926,0.9198126339314427,-0.3399372849881461,-1.0456624822054434
2026-09-12 22:52:00,Berbaring,60,1.0,1.0,1,75.95,-20.0,-23.808280077799346,831.2333333333333,88.2986777770491,41.37427350993098,0.9722094248040665,0.9952011398679284,0.0039499999999999995,0.1945927787643974,-4.496605063177301,-5.450552998964928,0.3003435429245842,2.0936978164181372,-0.598539846161792,3.022082013445877,5.654827048392389,-0.9680012502429896,0.5714645032215305,-0.747124271896564,0.6737300385098941,1.5085439805858283,0,baseline,1.0,1.3366629367806895,1.5085439805858283,0.5887313466543855,0.9286686316425317
2026-09-12 22:53:00,Berbaring,60,1.0,1.0,1,67.45,0.0,1.1486524034454522,890.05,30.85912495875959,23.07908290631606,1.276725754286489,0.9909765529417452,0.0014333333333333294,-0.5515900570990807,0.0,0.2283708870668714,-0.35006323989034493,-0.23934337554312138,0.4589433765337444,0.3528133121433515,1.1681446113879936,-0.26280477839612326,-0.1411047735989165,0.024848556519390993,0.1700374014148307,0.3442485690910604,0,baseline,1.0,-2.6692687013025256,0.3442485690910604,-1.164295411494768,-1.7530267581491534
2026-09-12 22:54:00,Berbaring,60,1.0,1.0,1,71.08333333333333,2.0,-0.9219227563211394,847.3166666666667,57.566613342730285,26.110910765749807,1.7544382245533772,0.9857846207285706,-0.022266666666666667,-0.23263347235743778,0.44966050631773014,-0.24278632512093473,-0.24227964545687958,0.8454434564635207,2.117878788760413,0.9638588011762663,2.508667502098545,-0.029459679811208856,0.12399240246406121,0.3267425570971183,0.4085206090557322,0.5384159871744325,0,baseline,1.0,0.6110454890329149,0.5384159871744325,0.19416741808337212,1.35846282957814
2026-09-12 22:55:00,Berbaring,60,1.0,1.0,1,67.41666666666667,0.0,1.9088635732147878,889.3333333333334,29.826428200658547,26.69348933506738,1.1878585468804315,0.9858981558715213,0.020483333333333333,-0.5545162642985452,0.0,0.4013561437155252,-0.2215685710977036,-0.28128875912012274,0.15033732890589516,0.3212974612509896,1.0056245404685134,-0.24000604185612462,-0.08110312146088353,-0.05726641633112384,0.14047720838856914,0.2952861408095506,0,baseline,1.0,-0.6425613399252768,0.2952861408095506,-0.24312984636488189,-0.437297264448254
2026-09-12 22:56:00,Berbaring,60,1.0,1.0,1,68.73333333333333,2.0,-0.19338705195883155,871.05,46.39236677423619,32.15850574148967,1.2414485859852804,0.9858883339861612,0.007700000000000001,-0.438931079919693,0.44966050631773014,-0.07700878749930186,-0.027283427206958786,0.39157541163557674,0.33643758616729325,0.33367932584975996,0.9613304212931335,-0.1175197152934472,0.16903604076387538,-0.0900733611714524,0.166357545649632,0.2795927573222735,0,baseline,1.0,0.012381864598770331,0.2795927573222735,-0.015693383487277113,0.22743646287760477
2026-09-12 22:57:00,Berbaring,60,1.0,1.0,1,69.45,0.0,-0.1450402889690849,864.9333333333333,57.21558003612353,74.99853105906108,0.45597667476058024,0.9856587271043965,-0.02108333333333333,-0.3760176251312035,0.0,-0.06600753214225341,1.495709344292576,0.8311854212964509,-2.3912432887155237,1.2104962041600777,2.9085744748323035,-0.21338085906176882,0.8025157974796603,-0.7766973828082894,0.4846205067227748,1.235993064792776,0,baseline,1.0,0.8768168783103178,1.235993064792776,0.9564003074705024,0.9720936909577795
2026-09-12 22:58:00,Berbaring,60,1.0,1.0,1,69.96666666666667,-6.0,-4.644623506529536,872.9,56.2508606337174,43.93851636479073,0.9608542195495045,0.9821653441811379,-0.021583333333333333,-0.33066141353950196,-1.3489815189531904,-1.0898829876131875,0.3915041644081319,0.7920010963136652,-0.637972670888706,0.8470028937063588,1.741399488998521,-0.6351732216313147,0.4458109156447201,-0.618230529470006,0.3261552424605768,1.044403477463939,0,baseline,1.0,-0.3634933104537189,1.044403477463939,-0.1915895873288369,-1.1479898947993394
2026-09-12 22:59:00,Berbaring,60,1.0,1.0,1,67.35,2.0,-0.005001389274767227,897.65,59.15960171076434,50.069443301702215,1.3356116385012557,0.983228744749524,-0.01015,-0.5603686786974753,0.44966050631773014,-0.034141826970140635,0.6094628919833497,0.910146388477908,0.6634343301602634,0.5996290335081093,1.390708080404148,-0.17655625669083233,0.5881382122172275,-0.2801963069816315,0.2798830184879011,0.730700446784316,0,baseline,1.0,-0.24737386019824958,0.730700446784316,-0.313703030679623,-0.12211344335078611
2026-09-12 23:00:00,Berbaring,60,1.0,1.0,1,69.0,2.0,3.9677688246735703,869.05,39.284026598131604,35.714736074642296,1.0386748160571153,0.9847366846904599,-0.041100000000000005,-0.41552142232397615,0.44966050631773014,0.8698578804723335,0.09914304082216586,0.10285362283981574,-0.3677278031444047,0.46316615144244383,0.777082231668541,0.036823394421431704,0.16190889806098538,-0.1413889616594589,0.1502920751174257,0.26485656489934467,0,baseline,1.0,-0.13646288206566543,0.26485656489934467,-0.46584388188497133,-0.15214085120534832
2026-09-12 23:01:00,Berbaring,60,1.0,1.0,1,68.55,0.0,0.21505973881640233,878.3166666666667,36.83747707856938,36.88943627211693,1.4122763474304294,0.9852301634161041,0.014433333333333334,-0.45502521951674874,0.0,0.015932852586059112,0.14090445193643844,0.003481317046128762,0.9296651874782698,0.4265062233115097,1.668300099083476,-0.24291909892773125,0.16777158518767238,-0.03992560393355275,0.20830567177932913,0.3635138238982691,0,baseline,1.0,-0.036659928130934105,0.3635138238982691,0.09865725899892441,0.5645011408838958
2026-09-12 23:02:00,Berbaring,60,1.0,1.0,1,70.51666666666667,13.0,8.203945540427966,835.1833333333333,61.60081764443778,20.023714753820602,1.4198920012520273,0.9869616724708276,0.01488333333333333,-0.282378994748336,2.9227932910652457,1.8337954619290378,-0.4586837081563115,1.0093020582608871,0.9561118025411962,1.5345192234626717,2.9940199810381594,0.760162060192951,0.05646514944408352,0.5213964523924264,0.5198605679096019,1.059784856229431,0,baseline,1.0,1.1080130001511619,1.059784856229431,0.6962710323311618,0.5976137733322374
2026-09-12 23:03:00,Berbaring,60,1.0,1.0,1,72.81666666666666,-10.0,-12.165045846068342,844.7,57.1555415703796,37.30633608201705,1.2230614518477203,1.0009873378142822,-0.0029833333333333335,-0.08047069798527746,-2.2483025315886507,-2.8011472260827666,0.15572553087396604,0.8287468192041634,0.27258522758615994,1.5106918959303905,2.302050160472507,-0.8140506883464118,0.29946326188486594,-0.506429276855702,0.4176483393952254,1.0877764091357054,0,baseline,1.0,-0.023827327532281117,1.0877764091357054,0.02799155290627442,-0.6682794794248874
2026-09-12 23:04:00,Berbaring,60,1.0,1.0,1,67.91666666666667,-2.0,2.2823006390664613,893.6333333333333,57.6332550737461,34.32323915021296,1.4525329680827421,0.9966691265158434,-0.004549999999999999,-0.5106231563065758,-0.44966050631773014,0.4863313575078623,0.04967435489679891,0.8481502655512472,1.0694629481257711,0.6538381782338268,1.9883957499455813,-0.3299669663606167,0.3288007949144618,-0.1473491637961232,0.28909158131458135,0.567691712185401,0,baseline,1.0,-0.8568537176965637,0.567691712185401,-0.5200846969503043,-0.5480762498565788
2026-09-12 23:05:00,Berbaring,60,1.0,1.0,1,68.41666666666667,0.0,-1.4687413170324422,878.0166666666667,26.967960693289402,27.48404776149125,1.019360359675187,0.9975476918006325,0.00805,-0.46673004831460657,0.0,-0.367214316745411,-0.19346366779836402,-0.39739207318442665,-0.4348004412984544,0.3504956886952385,0.9329401923126918,-0.3020589016252459,-0.11193597290102224,-0.1892196318616458,0.159306107190611,0.40614252049056815,0,baseline,1.0,-0.30334248953858833,0.40614252049056815,-0.1615491916948329,0.35853550525547145
2026-09-12 23:06:00,Berbaring,60,1.0,1.0,1,69.0,-1.0,0.6235065295915844,873.1,35.64547657136877,53.009592991764634,0.5590170417193454,0.9968331741016659,-0.007299999999999999,-0.41552142232397615,-0.22483025315886507,0.10887449267140828,0.7139872635703809,-0.0449345592566588,-2.0334186048816956,0.9020022634982139,2.122598900489738,-0.2725854529184825,0.4337963916619532,-0.6613412210717559,0.3894815701666663,0.9227947999148445,0,baseline,1.0,0.5515065748029754,0.9227947999148445,0.5166522794242763,0.6782014711191091
2026-09-12 23:07:00,Berbaring,60,1.0,1.0,1,68.7,0.0,-1.073631564323339,875.05,38.20348062943205,36.098265135082485,1.0782986660214793,0.9972209660343005,-0.0014166666666666676,-0.44185728711915745,0.0,-0.27730750572406193,0.11277776634766258,0.05896473215226441,-0.23012744316653785,0.23849934284665808,0.4991793241653825,-0.2771733968160986,0.16365540810974963,-0.28073643202893733,0.10861295825455264,0.4407016036677045,0,baseline,1.0,-0.6635029206515558,0.4407016036677045,-0.48209319624714,-0.9987454756714162
2026-09-12 23:08:00,Berbaring,60,1.0,1.0,1,68.85,0.0,0.5318143928869778,876.6,51.57098119771346,54.240675212036464,1.093469676581765,0.9972852762827975,0.002416666666666667,-0.42868935472156744,0.0,0.08801004285633586,0.7577530949091072,0.6019168954120684,-0.17744360461473663,0.4396021430681521,0.9625693852790149,-0.21897348445501616,0.5736735350413277,-0.4393657706812988,0.2133520210304931,0.7846095060763362,0,baseline,1.0,0.20110280022149402,0.7846095060763362,0.34390790240863167,0.8260010986557716
2026-09-12 23:09:00,Berbaring,60,1.0,1.0,1,69.8,-1.0,-2.0805779383161247,864.3,26.83932101492832,31.45375944224867,0.6052677898272957,0.9971270736444249,-0.006866666666666663,-0.3452924495368255,-0.22483025315886507,-0.5064371000569438,-0.05233764954993323,-0.4026170732725452,-1.8728052471533774,0.8264878790977409,2.1666143650753127,-0.3215057033367511,-0.06030821042498149,-0.476324780950351,0.354863257847292,0.6780975049652641,0,baseline,1.0,0.3868857360295888,0.6780975049652641,-0.10651200111107206,-0.45041990351970373
2026-09-12 23:10:00,Berbaring,60,1.0,1.0,1,69.7,1.0,1.9305362600722815,861.7833333333333,33.15096013982235,41.44958138039719,0.6231621854958928,0.9972458192945377,-0.015100000000000004,-0.35407107113521885,0.22483025315886507,0.4062877409445517,0.30302079023027195,-0.14625515287675556,-1.810664004245386,0.7887438325080441,1.9446616219610868,-0.0662496723002254,0.19825149955260218,-0.4680797224786483,0.3444970112700865,0.6176321668472694,0,baseline,1.0,-0.03774404658969677,0.6176321668472694,-0.060465338117994705,0.04604666299307736
2026-09-12 23:11:00,Berbaring,60,1.0,1.0,1,68.73333333333333,-3.0,-2.790775215337503,882.3,52.90294919849275,56.345784736989145,0.6662477638159515,0.9970881731921941,-0.02713333333333333,-0.438931079919693,-0.6744907594765952,-0.6680417477155602,0.8325912063703239,0.6560178773960871,-1.661042221101482,0.9107237860533277,1.94866969772385,-0.4959838937694953,0.6104986181455743,-0.7355775835741021,0.37869432711232875,1.1415745093861287,0,baseline,1.0,0.12197995354528357,1.1415745093861287,0.5239423425388593,0.584407680656854
2026-09-12 23:12:00,Berbaring,60,1.0,1.0,1,67.73333333333333,1.0,3.580994720755845,887.1166666666667,38.86355604805824,37.876024347058696,0.9450238260224194,0.9969200865952955,-0.020983333333333333,-0.5267172959036316,0.22483025315886507,0.7818478376160024,0.1759783459279915,0.0857752323371758,-0.6929463256415187,0.4929107716180252,1.017732542724027,-0.10458442756617004,0.21992315551100913,-0.30685378516417655,0.18594552426546218,0.4336347314079019,0,baseline,1.0,-0.4178130144353025,0.4336347314079019,-0.7079397779782268,-1.2318821205170862
2026-09-12 23:13:00,Berbaring,60,1.0,1.0,1,67.78333333333333,1.0,-1.252014448457861,885.6,39.44582210267561,55.44244228729161,0.4485642434307857,0.9965182892744036,6.66666666666658e-05,-0.5223279851044349,0.22483025315886507,-0.3178983444552269,0.8004767524016487,0.1094253240153015,-2.4169841801283534,1.073854737524912,2.6040264212825868,-0.261312021738419,0.5168882373718475,-0.7218068742070838,0.44226045774485745,1.0256982493773141,0,baseline,1.0,0.5809439659068867,1.0256982493773141,0.5920635179694123,1.300003295947639
2026-09-12 23:14:00,Berbaring,60,1.0,1.0,1,67.51666666666667,1.0,0.33509308141155697,887.5666666666667,30.412623754221194,32.160613873894924,0.8593616802911405,0.9963842141569075,-0.0073666666666666655,-0.5457376427001518,0.22483025315886507,0.04324631416216152,-0.02720848162999505,-0.25747906169206897,-0.9904222675225154,0.4827388006246044,1.1614176000863863,-0.22243811413339862,0.029804268525518852,-0.32463347228193196,0.23220310271936861,0.4578997502509579,0,baseline,1.0,-0.5911159369003075,0.4578997502509579,-0.5677984991263563,-1.1598620170957685
2026-09-12 23:15:00,Berbaring,60,1.0,1.0,1,68.76666666666667,0.0,0.23006390664081103,876.4333333333333,29.367551946742733,36.19860471138145,0.552882320814302,0.9962030115815157,-0.002816666666666673,-0.43600487272022853,0.0,0.019347035283075183,0.11634490824979325,-0.29992708671618273,-2.054722435924285,0.8675493492709184,2.251606535260217,-0.23256613124866515,0.0760617090672199,-0.5231666094690232,0.3782123572077658,0.6903769096646888,0,baseline,1.0,0.38481054864631403,0.6903769096646888,0.23247715941373087,0.8002756585400872
2026-09-12 23:16:00,Berbaring,60,1.0,1.0,1,69.55,-2.0,-3.8694081689357813,869.2666666666667,34.32786419058147,38.529099722465986,0.6379203753681382,0.9960416198348384,0.0040333333333333315,-0.36723900353281014,-0.44966050631773014,-0.9134835482675153,0.19919563089961564,-0.09845245430608,-1.7594137536799053,0.8481764548507875,2.0113147327373393,-0.44134677019921004,0.15708085508589928,-0.5921807676719911,0.34114446006420307,0.8285644035516352,0,baseline,1.0,-0.019372894420130904,0.8285644035516352,0.1381874938869464,-0.09428966552678447
2026-09-12 23:17:00,Berbaring,60,1.0,1.0,1,66.18333333333334,-2.0,-2.308974715198605,912.1333333333333,39.664468438353936,44.28738964260518,0.7707023210143532,0.9963181486061646,0.002983333333333333,-0.6627859306787361,-0.44966050631773014,-0.5584085477781461,0.4039068526965261,0.11830615408065132,-1.2983065282105788,0.6850835472191291,1.3043379997637117,-0.5249813495776474,0.3664207798957302,-0.6351086673080871,0.2980207475091099,0.9497625969575272,0,baseline,1.0,-0.1630929076316584,0.9497625969575272,0.121198193405892,-0.016989300481054403
2026-09-12 23:18:00,Berbaring,60,1.0,1.0,1,67.06666666666666,1.0,1.8638510697416704,895.1166666666667,35.016747405635165,39.93214583748838,0.760107589928527,0.9965952895946935,0.009349999999999999,-0.5852414398929244,0.22483025315886507,0.3911135956245017,0.24907489860357654,-0.07047185838717827,-1.3350984808499489,0.6318647761312693,1.3923190909171956,-0.19330353665480277,0.23211288715889197,-0.46290224302668953,0.2845577177579727,0.6216866019171216,0,baseline,1.0,-0.05321877108785977,0.6216866019171216,-0.32807599504040563,-0.44927418844629763
2026-09-12 23:19:00,Berbaring,60,1.0,1.0,1,66.93333333333334,0.0,-0.5201444845790206,897.3333333333334,31.766449984736546,37.210578047701276,0.8185106169568221,0.9966059293727462,0.004716666666666665,-0.5969462686907823,0.0,-0.15136209956759106,0.15232126598395193,-0.20249025680805469,-1.1322843285119508,0.536272195446843,1.170401724737877,-0.33728404319811633,0.1513710940823012,-0.45834742494150016,0.25306109951927236,0.6409337063691914,0,baseline,1.0,-0.09559258068442633,0.6409337063691914,0.019247104452069896,0.34732309949247553
2026-09-12 23:20:00,Berbaring,60,1.0,1.0,1,66.81666666666666,-1.0,-2.4923589886079003,899.4166666666666,33.17610517830958,36.012238974162706,1.1169422201968857,0.9967869483206265,-0.013483333333333335,-0.6071879938889091,-0.22483025315886507,-0.6001374474083097,0.10971947634270916,-0.1452338285856398,-0.09593132213987485,0.37007316967102255,0.938449386350073,-0.45534519070971513,0.14445724214809552,-0.33555726107767375,0.1409382222182618,0.6005575704755495,0,baseline,1.0,-0.16619902577582046,0.6005575704755495,-0.04037613589364197,-0.05962324034571187
2026-09-12 23:21:00,Berbaring,60,1.0,1.0,1,72.8,1.0,-0.9302584051124763,834.5666666666667,86.95768826287069,63.85245174008856,1.1417987907603644,0.9995316396044458,0.00956666666666667,-0.0819338015850097,0.22483025315886507,-0.24468309328594337,1.0994584525734967,2.0392304046598384,-0.009612777616160875,0.9560764913990549,2.336822026555259,-0.014316000785375111,0.8113258677606736,-0.4268394228078313,0.40595404926218204,1.0027189010641924,0,baseline,1.0,0.5860033217280324,1.0027189010641924,0.4021613305886429,0.44253746648228487
2026-09-12 23:22:00,Berbaring,60,1.0,1.0,1,67.4,-1.0,-3.150875243123055,891.2166666666667,34.75926491131741,32.630182554796136,0.8232686602124698,0.9965570750714082,-0.03578333333333333,-0.5559793678982774,-0.22483025315886507,-0.7499821324438876,-0.010514987603468674,-0.0809301094698883,-1.1157612378643686,0.6019023019772208,1.4902346042572154,-0.4508248443473624,0.08497468684403288,-0.47603273784341504,0.24710906847353376,0.7057859426948231,0,baseline,1.0,-0.3541741894218341,0.7057859426948231,-0.2969329583693693,-0.6990942889580122
2026-09-12 23:23:00,Berbaring,60,1.0,1.0,1,70.0,11.0,10.242845234787474,846.2,66.05000673603682,36.76125447408555,1.23717153756833,0.9971960461445046,0.0068499999999999985,-0.32773520634003755,2.4731327847475155,2.29774495508981,0.13634749963791729,1.1900162336369196,0.3215848294981553,1.4743119352570704,2.317694925295976,0.7193744106790649,0.4120203322668111,0.2292158815463414,0.4636532504199773,0.9771256592266842,0,baseline,1.0,0.8724096332798496,0.9771256592266842,0.27133971653186106,0.5682726749012303
2026-09-12 23:24:00,Berbaring,60,1.0,1.0,1,69.21666666666667,-12.0,-12.435120866907415,896.3,69.7283591359829,55.306388511359984,1.3221148133975273,0.9968861302806753,-0.034533333333333326,-0.39650107552745595,-2.697963037906381,-2.8626025146289913,0.7956399457998072,1.3394210818043868,0.6165643769754618,1.7529952558527349,2.5656880428309754,-0.8970400261593705,0.6919864904273988,-0.6355375916400353,0.5111319520612554,1.3959548754424687,0,baseline,1.0,0.2786833205956645,1.3959548754424687,0.4188292162157845,0.14748949968392344
2026-09-12 23:25:00,Berbaring,60,1.0,1.0,1,77.21666666666667,0.0,10.644623506529674,792.75,131.17689247212738,56.855749675705106,1.172641680875111,0.9939977186159676,0.02188333333333334,0.3057886523440529,0.0,2.3891691806431723,0.8507208155296362,3.8352963528455173,0.097494249751543,1.8816821030883382,6.7109601484229815,0.48274648645972085,0.8776770053086638,-0.19517636405841307,0.5857846500043458,1.176689663889577,0,baseline,1.0,0.1286868472356033,1.176689663889577,-0.2192652115528917,-0.6380944277686762
2026-09-12 23:26:00,Berbaring,60,1.0,1.0,1,68.31666666666666,-5.0,-1.7788274520699523,902.9166666666666,103.14960201319356,115.4643535865184,1.1120180445369874,0.9863510348365934,0.017533333333333335,-0.47550866991300117,-1.1241512657943253,-0.43777409248368176,2.934297551121261,2.6969026862615615,-0.11303133498581579,1.711609039275084,4.142552349639124,-0.581311462197947,0.9831214220523805,-0.7079411778031365,0.6063772194976867,1.4742200616380337,0,baseline,1.0,-0.17007306381325416,1.4742200616380337,0.2975303977484567,0.5167956093013484
2026-09-12 23:27:00,Berbaring,60,1.0,1.0,1,64.31666666666666,5.0,4.046123923312089,927.2166666666667,57.76753286325585,74.1715830275555,0.8149528781725917,0.9859940555908675,-0.003650000000000001,-0.8266535338487556,1.1241512657943253,0.8876875012234037,1.4663107651588658,0.8536042706526241,-1.1446391637401683,1.0742414036041774,2.2885157565692467,0.01573776181722588,0.829085097949905,-0.5890884143600359,0.425292650267992,1.102510215415174,0,baseline,1.0,-0.6373676356709066,1.102510215415174,-0.37170984622285963,-0.6692402439713163
2026-09-12 23:28:00,Berbaring,60,1.0,1.0,1,74.25,3.0,-4.94970825229225,820.1666666666666,103.37592524811548,67.75354140472183,1.45253658404493,1.0052648714777763,-0.02496666666666666,0.04535621159170153,0.6744907594765952,-1.1593047024524545,1.2381449103000073,2.706095331466185,1.0694755051513798,1.4024214167931914,3.5336967123655643,0.05334674620038953,0.8736827528224114,-0.2329341317803228,0.5147418471907497,1.0418180776446113,0,baseline,1.0,0.328180013189014,1.0418180776446113,-0.060692137770562704,0.3110177084522969
2026-09-12 23:29:00,Berbaring,60,1.0,1.0,1,68.11666666666666,-1.0,-1.2086690747429665,887.3166666666667,39.856306166564636,51.87239885249056,0.6933501920388244,1.0068790635692044,-0.0034833333333333318,-0.49306591310978914,-0.22483025315886507,-0.30803514999719506,0.6735592189773337,0.1260980901269452,-1.5669245651166246,0.7431222009881693,1.5858252346255497,-0.36690385428887434,0.4625851815964982,-0.6466990562548873,0.3304533636379565,0.9359607809226294,0,baseline,1.0,-0.6592992158050222,0.9359607809226294,-0.10585729672198196,-0.04516515895141926
2026-09-12 23:30:00,Berbaring,60,1.0,1.0,1,65.05,-2.0,0.3017504862462021,930.5833333333334,40.947379074946234,44.64568610891307,1.00485357046747,1.006847972591591,-0.005883333333333329,-0.7622769754605339,-0.44966050631773014,0.03565924150212531,0.41664454190645583,0.17041455698280683,-0.4851776615559546,0.45139847484764406,0.9145856906144931,-0.49962149792641974,0.40047415870711456,-0.5313957604355865,0.21894719280780994,0.8604188052511091,0,baseline,1.0,-0.2917237261405252,0.8604188052511091,-0.07554197567152021,0.030315321050461752
2026-09-12 23:31:00,Berbaring,60,1.0,1.0,1,65.35,1.0,0.6218393998333455,916.5666666666667,30.066235731688238,40.986562494124165,0.38649994487737177,1.0069650609781504,0.004316666666666667,-0.7359411106653525,0.22483025315886507,0.10849513903841303,0.28656014596981333,-0.27154841782943206,-2.6325127022281527,1.1321003742435471,2.813089941771787,-0.3104508450597631,0.23257424078622754,-0.6778720147487448,0.4618414956624439,0.9073469789285998,0,baseline,1.0,0.6807018993959031,0.9073469789285998,0.04692817367749069,0.1224701493490109
2026-09-12 23:32:00,Berbaring,60,1.0,1.0,1,66.45,-1.0,0.5251458738538756,905.1666666666666,40.00346030230625,44.70297453417826,0.9661411613071986,1.0073499111961175,0.0023166666666666644,-0.6393762730830194,-0.22483025315886507,0.08649262832432149,0.41868118537066246,0.13207509801450193,-0.6196128928839183,0.41703108189485544,0.782409057367497,-0.3851835903880229,0.37236730046185945,-0.4934235270517527,0.20355489662762705,0.7562573488877556,0,baseline,1.0,-0.7150692923486917,0.7562573488877556,-0.1510896300408442,-0.19801780371833488
2026-09-12 23:33:00,Berbaring,60,1.0,1.0,1,65.41666666666667,-1.0,-4.176160044456754,922.05,44.4428503716013,39.408551081016476,0.9305508958453553,1.006828497237188,-0.00036666666666666884,-0.7300886962664224,-0.22483025315886507,-0.983284616739782,0.23046073991925176,0.3123912632815687,-0.7432059648257373,0.6128461395869714,1.294787622540857,-0.5486798220817583,0.3371459592251798,-0.562064076506205,0.22402650585376516,0.8836406772016308,0,baseline,1.0,0.195815057692116,0.8836406772016308,0.1273833283138751,0.2784729583547193
2026-09-12 23:34:00,Berbaring,60,1.0,1.0,1,65.98333333333333,2.0,3.225896082245129,917.7333333333333,82.64563246156297,82.34054955910189,0.9874695735930075,1.008029500421196,-0.005000000000000001,-0.6803431738755241,0.44966050631773014,0.701045513786688,1.7567232214060338,1.86408621719877,-0.545546460396336,1.155785523631004,2.3128471770650263,-0.13333507517720453,0.9167530100752107,-0.5958305815914116,0.45845774197071254,1.1930682741934404,0,baseline,1.0,0.5429393840440325,1.1930682741934404,0.30942759699180966,0.18204426867793455
2026-09-12 23:35:00,Berbaring,60,1.0,1.0,1,67.16666666666667,-3.0,-2.2639622117254157,902.55,34.598630814488715,32.22431969275716,0.9030781974011779,1.0089282380050018,0.004016666666666667,-0.5764628182945298,-0.6744907594765952,-0.5481659996871063,-0.02494369534869812,-0.08745463736655233,-0.8386094452770816,0.5476113938355145,1.1911036209699124,-0.5382060634456708,0.07954148324395652,-0.46798178729901174,0.23947797205827237,0.7565376835499036,0,baseline,1.0,-0.6081741297954895,0.7565376835499036,-0.43653059064353683,-0.7459581876353465
2026-09-12 23:36:00,Berbaring,60,1.0,1.0,1,65.55,0.0,-2.819116421228073,915.25,45.23371511440164,34.70578518667642,1.1511576517390811,1.0090090843816721,0.025433333333333332,-0.7183838674685645,0.0,-0.6744907594765952,0.06327413323448068,0.3445140764249803,0.022887412062843376,0.42705006811865215,1.0876149952445668,-0.45919028863511074,0.25859867093952715,-0.3715381890316867,0.16371563465860706,0.6652611733215024,0,baseline,1.0,-0.12056132571686234,0.6652611733215024,-0.09127651022840122,0.3452540804151356
2026-09-12 23:37:00,Berbaring,60,1.0,1.0,1,66.53333333333333,3.0,0.5301472631287102,897.55,30.805252138588866,39.106547199903815,0.4996382119995375,1.0095131922736533,0.008566666666666665,-0.6320607550843582,0.6744907594765952,0.08763068922333406,0.21972429136466295,-0.24153154558307685,-2.2396213931483144,0.9987190092651962,2.55042626924703,-0.1313777927644848,0.18473213311303746,-0.5523694439693808,0.4211256659979644,0.7306469151576792,0,baseline,1.0,0.5716689411465441,0.7306469151576792,0.06538574183617685,0.15666225206457807
2026-09-12 23:38:00,Berbaring,60,1.0,1.0,1,66.93333333333334,-1.0,-0.9502639622117373,901.2166666666667,28.160611791954647,33.63059543261972,0.8015892618258004,1.0093944333431353,0.00020000000000000364,-0.5969462686907823,-0.22483025315886507,-0.24923533688197605,0.025050387770281016,-0.34894977159433,-1.1910465275268363,0.5787914188702338,1.287113282518967,-0.407954465699935,0.04589725490726908,-0.45249064654900206,0.2680770430903936,0.6671929933227454,0,baseline,1.0,-0.4199275903949624,0.6671929933227454,-0.06345392183493381,-0.12883966367111066
2026-09-12 23:39:00,Berbaring,60,1.0,1.0,1,66.63333333333334,0.0,2.273964990275152,904.3833333333333,34.01150935141782,35.57708270163986,0.9717446390952643,1.00999545291819,-0.010416666666666664,-0.6232821334859636,0.0,0.48443458934285993,0.0942493674290913,-0.11130194276536456,-0.6001538912609246,0.40918888226065764,0.9079872528054447,-0.2637550869942893,0.14758239322232114,-0.3330602405697247,0.17815713351654439,0.48375241268213603,0,baseline,1.0,-0.16960253660957614,0.48375241268213603,-0.18344058064060936,-0.11998665880567555
2026-09-12 23:40:00,Berbaring,60,1.0,1.0,1,65.7,-2.0,-0.8702417338148883,919.5333333333333,27.680664895185377,36.63725065549025,0.4798612800949982,1.0098069045289826,-0.0232,-0.7052159350709732,-0.44966050631773014,-0.23102636249788977,0.13193907742156727,-0.3684439324151668,-2.30830005389859,1.0193384502134697,2.495313036287627,-0.506061318655114,0.12090435382196069,-0.6676500451722963,0.4264554141035374,0.9478062692601519,0,baseline,1.0,0.610149567952812,0.9478062692601519,0.46405385657801584,0.6474944372186252
2026-09-12 23:41:00,Berbaring,60,1.0,1.0,1,67.71666666666667,3.0,1.3687135315366066,878.3833333333333,32.843280491545414,41.8180076368048,0.8319514982712455,1.010145722479296,-0.005699999999999998,-0.5281803995033638,0.6744907594765952,0.2784455666230677,0.3161186005415389,-0.15875227825705068,-1.0856086493705304,0.5937344591171967,1.3437419004872568,-0.04635191832805858,0.2353193397633518,-0.3557755948399084,0.2732595039003829,0.5086951172902339,0,baseline,1.0,-0.425603991096273,0.5086951172902339,-0.439111151969918,-0.9031650085479339
2026-09-12 23:42:00,Berbaring,60,1.0,1.0,1,66.7,-4.0,-2.3973325923867312,910.6833333333333,38.23012019854869,48.16901740006885,0.3682873766919743,1.0100550564446789,-0.002066666666666666,-0.6174297190870347,-0.8993210126354603,-0.5785142903272275,0.541901426052774,0.060046760285070985,-2.69575885172362,1.230789386363984,2.9392196766003673,-0.6019245872142438,0.4107751965004867,-0.7991070038157068,0.48397662574531375,1.1848438076675705,0,baseline,1.0,0.6370549272467874,1.1848438076675705,0.6761486903773366,1.1152598423472546
2026-09-12 23:43:00,Berbaring,60,1.0,1.0,1,65.53333333333333,3.0,2.6740761322590347,908.8333333333334,33.904235356976315,40.692313853842975,0.4160766403807665,1.0099279960602485,0.005766666666666665,-0.7198469710682968,0.6744907594765952,0.575479461263209,0.2760994016343517,-0.11565912584877057,-2.529802744667667,1.139722473281275,2.842896527782992,-0.10683739151151066,0.2607465818877557,-0.6095039555571771,0.45710795751535216,0.812308909747292,0,baseline,1.0,-0.09106691308270909,0.812308909747292,-0.3725348979202785,-1.048683588297615
2026-09-12 23:44:00,Berbaring,60,1.0,1.0,1,67.73333333333333,2.0,-0.4701305918309854,884.1833333333333,33.06567254064208,31.6993289775528,0.9933991668568842,1.0102508512715356,-0.014649999999999996,-0.5267172959036316,0.44966050631773014,-0.1399814905775361,-0.04360748133933497,-0.1497193073189136,-0.5249549689495036,0.3649465032229267,1.031178563154148,-0.17400482049846677,0.04390128097938202,-0.22112567818284848,0.17915707940328252,0.33645033018333187,0,baseline,1.0,-0.7747759700583483,0.33645033018333187,-0.4758585795639601,-0.10332368164368161
2026-09-12 23:45:00,Berbaring,60,1.0,1.0,1,66.21666666666667,-3.0,-3.1458738538482494,914.2333333333333,36.77340908617542,44.404725660868,0.7416829950717061,1.0096605077307061,0.0005166666666666634,-0.6598597234792717,-0.6744907594765952,-0.7488440715448815,0.40807822996173804,0.0008790463457591743,-1.3990809279626093,0.7719106317289661,1.4043045329783284,-0.5899547684988374,0.3422463785448415,-0.6598380907414964,0.321737473204857,1.0020381829846632,0,baseline,1.0,0.4069641285060394,1.0020381829846632,0.6655878528013313,1.1414464323652913
2026-09-12 23:46:00,Berbaring,60,1.0,1.0,1,67.21666666666667,0.0,-3.3159210891914332,896.1166666666667,58.199275336704275,52.05310196067871,0.9189435480045774,1.009511309889587,0.0016333333333333317,-0.5720735074953331,0.0,-0.7875381421110376,0.6799833404739466,0.8711404965710418,-0.783514396306166,0.6810093416594815,1.4445690723370406,-0.4076345954521992,0.608282539103526,-0.6140875641174156,0.2802260221783782,0.9958934534865106,0,baseline,1.0,-0.09090129006948466,0.9958934534865106,-0.00614472949815259,-0.6717325822994838
2026-09-12 23:47:00,Berbaring,60,1.0,1.0,1,67.51666666666667,2.0,-0.028341205890481405,887.6,31.890277993590377,40.77428568204912,0.7847794155262937,1.0102160263451505,0.0020666666666666663,-0.5457376427001518,0.44966050631773014,-0.03945277783215819,0.2790135572843333,-0.19746069388146897,-1.2494214937167694,0.602698657016722,1.4364016734612377,-0.16952296051037558,0.21006544476314898,-0.4289897494654203,0.28107177352898594,0.5795680048491942,0,baseline,1.0,-0.07831068464275948,0.5795680048491942,-0.41632544863731635,-0.41018071913916376
2026-09-12 23:48:00,Berbaring,60,1.0,1.0,1,67.36666666666666,-1.0,-1.1269797165878723,895.55,36.75176693550061,48.69448164189533,0.659353491592264,1.0100645192670061,-0.0010999999999999994,-0.5589055750977431,-0.22483025315886507,-0.28944682198011207,0.5605820462450073,0.0,-1.6849837194823307,0.7746102151897596,1.6616445305078387,-0.39546707802250763,0.3970157182167924,-0.6485907358930062,0.34249687530065454,0.9230329043906285,0,baseline,1.0,0.1719115581730376,0.9230329043906285,0.3434648995414342,0.7597903481787506
2026-09-12 23:49:00,Berbaring,60,1.0,1.0,1,66.6,-1.0,2.404001111419896,909.7333333333333,42.48503890869639,43.979001152514606,0.6273955130364383,1.010025475719946,0.009133333333333332,-0.6262083406854293,-0.22483025315886507,0.5140241727169693,0.3929434268409174,0.23287019173874332,-1.7959630755368643,0.8307649898744528,2.182767028203211,-0.3227913752027794,0.3795879111100858,-0.6324573728793306,0.35613921854475283,0.8804082721449814,0,baseline,1.0,0.05615477468469321,0.8804082721449814,-0.042624632245647054,-0.3860895317870813
2026-09-12 23:50:00,Berbaring,60,1.0,1.0,1,66.53333333333333,4.0,2.4040011114198756,897.15,35.96835944765805,43.00039416453161,0.8976096050004322,1.0102370900890345,0.009516666666666666,-0.6320607550843582,0.8993210126354603,0.5140241727169647,0.35815326605579484,-0.03181991936827214,-0.8576000351261646,0.6241346037416226,1.2691719847579546,-0.00073348546667564,0.3053792761229667,-0.32737206835246496,0.27526597462421043,0.5255481597432384,0,baseline,1.0,-0.20663038613283025,0.5255481597432384,-0.354860112401743,-0.3122354801560959
2026-09-12 23:51:00,Berbaring,60,1.0,1.0,1,66.73333333333333,0.0,1.5804390108363686,898.95,31.2064883518514,43.54755826115254,0.4886972115059929,1.010160976599562,0.0035999999999999995,-0.6145035118875702,0.0,0.32662347801424274,0.3776053312168287,-0.22523440245925397,-2.277615823467017,0.9886984393664704,2.372393309485378,-0.2811988750171189,0.2675982605892248,-0.6395202541910794,0.4152581373463323,0.855632580337051,0,baseline,1.0,0.36456383562484784,0.855632580337051,0.3300844205938126,0.6849445329955556
2026-09-12 23:52:00,Berbaring,60,1.0,1.0,1,66.48333333333333,0.0,0.3617671575438186,902.5,27.41365489270395,35.20424666216915,0.6583098804770905,1.0102100665480467,0.007499999999999999,-0.6364500658835549,0.0,0.049315972290185424,0.08099478625508093,-0.3792891654277834,-1.688607831355708,0.7538034211045284,1.784325625549334,-0.3298412732662323,0.07686294889309606,-0.5090220219815944,0.33815761957576396,0.6986824550550915,0,baseline,1.0,-0.23489501826194203,0.6986824550550915,-0.1569501252819595,-0.4870345458757721
2026-09-12 23:53:00,Berbaring,60,1.0,1.0,1,67.95,0.0,1.4053903862184371,883.0833333333334,24.454933762141632,26.20939151124708,0.8363789004649845,1.0100731294013565,-0.01785,-0.5076969491071114,0.0,0.28679134654909394,-0.23877858628587312,-0.49946451384954416,-1.0702337643915798,0.5464866257734531,1.4059588002651509,-0.23191712706896359,-0.15343362407462338,-0.2516866151722753,0.25350977124860663,0.4527038625856781,0,baseline,1.0,-0.20731679533107528,0.4527038625856781,-0.24597859246941345,-0.08902846718745394
2026-09-12 23:54:00,Berbaring,60,1.0,1.0,1,67.56666666666666,1.0,-1.2636843567656981,884.1833333333333,30.033592303729947,30.190917929465623,0.9892323562841546,1.0108222501555522,0.014033333333333333,-0.5413483319009551,0.22483025315886507,-0.32055381988623116,-0.09723254588252836,-0.27287430666973067,-0.5394249065068794,0.3699673849612332,1.0347871266801087,-0.2714009769356706,-0.013426003722409414,-0.2447035905336565,0.17265952750182312,0.40438831278216586,0,baseline,1.0,-0.17651924081221987,0.40438831278216586,-0.048315549803512214,0.19766304266590123
2026-09-12 23:55:00,Berbaring,60,1.0,1.0,1,67.3,-2.0,-1.8938594053903155,898.9333333333333,23.435354044883546,27.12182184771117,1.03066681772509,1.009856351361471,-0.0021500000000000004,-0.564757989496672,-0.44966050631773014,-0.46394949316078143,-0.20634105160585214,-0.5408771182682525,-0.39553689928674957,0.4523953682322099,1.042870150645046,-0.47391512869915003,-0.13492739559943565,-0.2594798563202785,0.20150332433133789,0.5922282810249365,0,baseline,1.0,0.08242798327097667,0.5922282810249365,0.18783996824277066,0.23615551804628288
2026-09-12 23:56:00,Berbaring,60,1.0,1.0,1,72.3,37.0,26.897471519866656,819.85,128.90448769981805,34.729462898529526,1.312859426199407,1.009516646510798,-0.014616666666666668,-0.125826909576979,8.318719366878007,6.087487748774356,0.0641158924008352,3.7429973414764923,0.5844235170806951,4.4838622154120324,8.402286911976763,0.9974892589310879,0.7599845294903654,0.24257877096719127,0.8705123724941897,1.5457029331462753,10,tau_in,0.0,4.031466847179822,1.8409773375946263,1.24874905656969,1.0609090883269192
2026-09-12 23:57:00,Berbaring,60,1.0,1.0,1,84.18333333333334,-30.0,-23.954987496526737,743.6166666666667,96.24933927427482,71.44619879345505,0.9585133402112589,0.9857577521006777,0.023583333333333338,0.9173659570321586,-6.744907594765952,-5.483936118669049,1.3694214552827746,2.4166324471080487,-0.6461017608155311,3.7537041507163087,6.433410383352042,-0.9816675788287301,0.8255078014599695,-0.8086676227791846,0.8080030788730858,1.7181230064213846,10,falling,0.20958293398218356,-0.7301580646957238,1.8912180740059223,0.050240736411296005,-1.198508320158394
2026-09-12 23:58:00,Berbaring,60,1.0,1.0,1,83.13333333333334,5.0,11.753264795776689,732.2333333333333,93.18950378566896,50.34811022659967,1.046380703348817,0.9908040162281577,0.0066833333333333345,0.8251904302490234,1.1241512657943253,2.641439346589141,0.6193696954721131,2.2923501035785687,-0.34096783746109405,1.5640014929393775,4.558565915395168,0.8297446040593767,0.6343744070450427,0.039239882129000765,0.4623027425469671,1.142878204532463,10,falling,0.838110275875915,-2.189702657776931,1.1542871710160858,-0.7369309029898365,-0.7871716394011326
2026-09-12 23:59:00,Berbaring,60,1.0,1.0,1,71.45,-9.0,-8.927479855515367,860.35,50.338792871865834,52.82895328401601,0.8670942883360667,0.9888647913289526,0.02301666666666667,-0.20044519316332632,-2.0234722784297854,-2.064442470793929,0.707565396003601,0.5518686972732254,-0.9635695096126574,1.2993726114783761,1.833205648749584,-0.7726833712839434,0.5133126322368758,-0.7163035689633797,0.418228544880467,1.2444016109500897,10,tau_out,0.914068756751056,-0.2646288814610014,1.247365041959044,0.09307787094295827,0.8300087739327948
