window_start,activity,n_samples,coverage,quality_fraction,valid_window,hr_mean,delta_hr,hr_slope_bpm_min,rr_mean_ms,sdnn,rmssd,dfa_alpha1,acc_mean,ecg_mean,z_hr_mean,z_delta_hr,z_hr_slope_bpm_min,z_rmssd,z_sdnn,D_feature,D_mahalanobis,C,V,A,L,D_reg,episode_id,phase,R,dD_dt,D_OP,dDOP_dt,d2DOP_dt2
2026-07-15 17:00:00,Tidur,3,0.75,1.0,1,56.666666666666664,0.0,-9.771423744974527e-17,1061.6666666666667,79.09698687897873,137.0,,1.1362999795967765,-14.920397508748616,1.4613966455326213,0.0,-0.07099902731331861,1.7989938923276785,1.1973476564977423,1.1671110874810813,2.7550384061158457,0.6601719206509578,0.7601221073581849,-0.05491729404706838,0.44196832283167853,1.10089258807693,0,baseline,1.0,,1.10089258807693,,
2026-07-15 17:01:00,Tidur,4,1.0,1.0,1,53.5,0.0,-1.6000000000000307,1126.5,90.08699499187809,130.93509842666327,,1.1306761400993548,8.412765735492668,-0.6744907594765952,0.0,-0.3549951365666274,1.6294781703725854,1.7371906482884598,1.1183907892885152,2.3930254201098062,-0.4004789074307258,0.8986980098714242,-0.6135204123351359,0.4250847645962007,1.2349679435869778,0,baseline,1.0,-0.04872029819256607,1.2349679435869778,0.1340753555100478,
2026-07-15 17:02:00,Tidur,4,1.0,1.0,1,54.75,3.0,4.399999999999996,1096.25,41.85988533190219,47.808646358861346,,1.0145663378186585,10.559515367542332,0.1686226898691488,0.6744907594765952,0.7099902731332649,-0.6939297803497387,-0.631785506852147,0.6112526565711646,1.1584731676254234,0.381307108332468,-0.5178023261168907,0.4577887704462054,0.22984024754688093,0.8221383445235914,0,baseline,1.0,-0.5071381327173506,0.8221383445235914,-0.41282959906338645,-0.5469049545734342
2026-07-15 17:03:00,Tidur,4,1.0,1.0,1,54.5,2.0,0.79999999999997,1101.5,38.48376280978771,69.67543804431133,,0.7484254620473391,-12.596367562555756,0.0,0.44966050631773014,0.07099902731332776,-0.08274674059575134,-0.79762488242559,0.4123803848305622,2.079672358492878,0.14452886722752048,-0.24013458450099628,0.20846387935246435,0.18582348946666338,0.39565233522346654,0,baseline,1.0,-0.19887227174060235,0.39565233522346654,-0.4264860093001248,-0.013656410236738359
2026-07-15 17:04:00,Tidur,4,1.0,1.0,1,53.75,-8.0,-9.200000000000015,1119.25,68.35873511605277,77.38647599333275,,1.276862023124231,-31.691928345544113,-0.5058680696074465,-1.7986420252709205,-1.703976655519816,0.13277896071127504,0.6698712525908347,1.171401709827224,2.6442378790733527,-0.7907449398512367,0.32896735640272456,-0.5482261896708938,0.3590631294982596,1.0784133565034717,0,baseline,1.0,0.7590213249966618,1.0784133565034717,0.6827610212800052,1.1092470305801299
2026-07-15 17:05:00,Tidur,4,1.0,1.0,1,58.0,-1.0,-1.6000000000000323,1034.0,14.696938456699069,18.0,,0.8191480300408053,-5.214710518763061,2.3607176581680833,-0.22483025315886507,-0.35499513656662773,-1.5270899144302676,-1.9660635488993263,1.5457663171626748,3.076302139111639,0.8267238342087588,-0.9471733245926284,0.7511737892244857,0.536429131194929,1.559688391724803,0,baseline,1.0,0.37436460733545074,1.559688391724803,0.4812750352213313,-0.20148598605867385
2026-07-15 17:06:00,Tidur,4,1.0,1.0,1,56.25,-4.0,-5.200000000000014,1067.0,32.99494910841153,27.598309126949545,,1.0715823528480124,-4.683014862776388,1.1803588290840417,-0.8993210126354603,-0.9939863823865572,-1.2588144475445207,-1.0672423003103784,1.087534286213804,2.1148512693201122,0.22631594265830562,-0.8321939522695744,0.5242484139997717,0.39120174222460635,1.082423615224749,0,baseline,1.0,-0.45823203094887077,1.082423615224749,-0.47726477650005394,-0.9585398117213852
2026-07-15 17:07:00,Tidur,4,1.0,1.0,1,53.75,-3.0,-3.6000000000000396,1117.25,47.793828053421294,63.153252753388195,,0.9610140856782083,-14.145762918832338,-0.5058680696074465,-0.6744907594765952,-0.7099902731332582,-0.26504367236730025,-0.34030279282760645,0.5293355486796122,1.0104461251617942,-0.5277873632706336,-0.12895408712333725,-0.21590636132219898,0.19084575829262884,0.6150010713256209,0,baseline,1.0,-0.5581987375341918,0.6150010713256209,-0.4674225438991282,0.00984223260092576
2026-07-15 17:08:00,Tidur,4,1.0,1.0,1,55.25,-2.0,-1.2000000000000495,1086.25,34.218659626973505,59.1100668245266,,0.8799649668569345,8.25752015956486,0.5058680696074465,-0.44966050631773014,-0.2839961092533049,-0.37805186770930144,-1.0071321037900607,0.5824069288778047,1.6363370232166006,0.10039056161821923,-0.5086338951906016,0.322973582508566,0.24738009098333147,0.6590110383082549,0,baseline,1.0,0.053071380198192464,0.6590110383082549,0.04400996698263404,0.5114325108817622
2026-07-15 17:09:00,Tidur,4,1.0,1.0,1,51.0,2.0,1.599999999999978,1176.5,27.135462651912412,47.0,,0.9050028759398003,-9.896786892259026,-2.3607176581680833,0.44966050631773014,0.21299708193998088,-0.7165316758085833,-1.3550676291489359,1.2782938716467227,3.071946444714853,-0.8115480547592325,-0.25496492010846333,-0.29690387398204227,0.47131893053667995,1.0168140441286173,0,baseline,1.0,0.695886942768918,1.0168140441286173,0.3578030058203624,0.31379303883772836
2026-07-15 17:10:00,Tidur,4,1.0,1.0,1,53.5,-6.0,-5.600000000000015,1123.5,62.57528798708534,100.2796090937734,,0.8067478130889795,8.949039223533942,-0.6744907594765952,-1.3489815189531904,-1.0649854096998832,0.7726485345879975,0.38578107095569714,0.9115586255067639,2.1550372509522107,-0.7331072701936902,0.5758958854112635,-0.6168794059010168,0.32200777686827475,1.1633277913954034,0,baseline,1.0,-0.3667352461399588,1.1633277913954034,0.14651374726678612,-0.21128925855357628
2026-07-15 17:11:00,Tidur,4,1.0,1.0,1,55.5,1.0,1.5999999999999492,1081.0,25.311394008759507,34.083231458690456,,0.6913360150323735,24.97941772169652,0.6744907594765952,0.22483025315886507,0.21299708193997577,-1.0775590260681642,-1.44466817024367,0.871671240898299,1.7330609745049066,0.4384970530728006,-0.7964114587609055,0.5909988582219103,0.3515857169199482,1.1399311575533497,0,baseline,1.0,-0.03988738460846497,1.1399311575533497,-0.023396633842053705,-0.16991038110883983
2026-07-15 17:12:00,Tidur,4,1.0,1.0,1,55.25,-3.0,-6.000000000000007,1087.5,54.66565039705769,73.59574263049007,,0.7683839254705213,-29.32270214070804,0.5058680696074465,-0.6744907594765952,-1.1359844370132077,0.02682688630885358,-0.0027502546553406057,0.6327761334522013,1.8170702344611422,-0.09423699847522403,-0.08688674945090699,-0.004042614940696108,0.1719007895023571,0.21446711467928242,0,baseline,1.0,-0.23889510744609765,0.21446711467928242,-0.9254640428740672,-0.9020674090320135
2026-07-15 17:13:00,Tidur,4,1.0,1.0,1,56.75,1.0,1.9999999999999405,1058.0,42.10304818735416,59.312730505347666,,1.050830642114466,-6.973689816109643,1.5176042088223392,0.22483025315886507,0.2839961092533001,-0.37238736025554586,-0.6198410422047106,0.769051393747035,1.7146005968536155,0.7373882639795047,-0.5805514795598843,0.6199148990540527,0.31562257855380726,1.1682009957349073,0,baseline,1.0,0.13627526029483372,1.1682009957349073,0.9537338810556248,1.879197923929692
2026-07-15 17:14:00,Tidur,4,1.0,1.0,1,56.0,-9.0,-9.600000000000032,1075.75,86.79621727548576,115.33429672044652,,1.0190968095409665,-26.73399556477315,1.011736139214893,-2.0234722784297854,-1.7749756828331447,1.1934313306457847,1.5755435166862262,1.5604617563756724,3.2526751969793697,-0.3066406467970495,0.6899843497181823,-0.4991276962235478,0.4891805122066548,1.0288502902678927,0,baseline,1.0,0.7914103626286374,1.0288502902678927,-0.13935070546701467,-1.0930845865226395
2026-07-15 17:15:00,Tidur,4,1.0,1.0,1,55.0,3.0,4.799999999999969,1091.5,36.51940123642044,38.828683555673976,,1.1605848985934841,17.624039943953775,0.3372453797382976,0.6744907594765952,0.780989300446586,-0.9449222918200766,-0.8941167883306116,0.7577518705934475,1.469646403570978,0.46602509762154537,-0.669968259855072,0.5544586929173023,0.28554033240233845,1.0271292929356097,0,baseline,1.0,-0.8027098857822249,1.0271292929356097,-0.0017209973322829253,0.13762970813473174
2026-07-15 17:16:00,Tidur,4,1.0,1.0,1,54.5,5.0,5.599999999999975,1101.5,42.13074886588179,51.2867754234299,,0.8834665481949078,21.454468820000685,0.0,1.1241512657943253,0.9229873550732387,-0.5967150848919603,-0.6184803501090026,0.7555406755457512,1.6172275478822449,0.4427880450572656,-0.4484939247101095,0.45437918961377594,0.2712392383957827,0.8229454573342686,0,baseline,1.0,-0.0022111950476962905,0.8229454573342686,-0.20418383560134112,-0.2024628382690582
2026-07-15 17:17:00,Tidur,4,1.0,1.0,1,53.0,4.0,7.1999999999999815,1134.25,63.310741584663184,76.54628229596348,,0.9644429714451583,-4.931855387535309,-1.011736139214893,0.8993210126354603,1.2069834643265434,0.10929530817883787,0.42190747471818957,0.8341641042303148,1.796463883898755,-0.1052201459175205,0.35218548714384407,-0.24639682732674562,0.2723891849349249,0.519627906340537,0,baseline,1.0,0.07862342868456362,0.519627906340537,-0.3033175509937316,-0.09913371539239046
2026-07-15 17:18:00,Tidur,4,1.0,1.0,1,57.5,-1.0,-0.8000000000000149,1043.25,23.62731470142132,35.16627171974116,,1.0799483798413925,-11.03676712558565,2.023472278429786,-0.22483025315886507,-0.2129970819399729,-1.0472877430904528,-1.527392259466061,1.2345116599148493,2.5467579291076747,0.7672103452876036,-0.8769833620714986,0.7183883373050379,0.4595837532130901,1.4439565646721788,0,baseline,1.0,0.4003475556845345,1.4439565646721788,0.9243286583316418,1.2276462093253735
2026-07-15 17:19:00,Tidur,4,1.0,1.0,1,53.75,1.0,3.59999999999998,1119.25,71.14011995116867,106.70988707706518,,0.936370566427823,0.6451508867203888,-0.5058680696074465,0.22483025315886507,0.5679922185066105,0.9523766310012657,0.8064963665384689,0.6612902454119489,1.671503970979857,-0.12492352849912584,0.6786487590563731,-0.41527170224740667,0.2630824611119864,0.8472502547498145,0,baseline,1.0,-0.5732214145029004,0.8472502547498145,-0.5967063099223643,-1.521034968254006
2026-07-15 17:20:00,Tidur,4,1.0,1.0,1,55.0,0.0,-2.4000000000000123,1093.75,71.39736222952031,113.88005385784933,,0.9704463021336455,-7.844457554780872,0.3372453797382976,0.0,-0.49699319119327584,1.1527848294997527,0.8191324301094696,0.6871138885845816,2.231058094648676,0.11048312067889149,0.6477228722242172,-0.28717247757119935,0.2775351754784363,0.7689247327661944,0,baseline,1.0,0.025823643172632638,0.7689247327661944,-0.07832552198362008,0.5183807879387442
2026-07-15 17:21:00,Tidur,4,1.0,1.0,1,55.0,4.0,7.199999999999968,1093.0,62.005376111000785,75.10437182126395,,1.1919379252730349,-27.595052684099674,0.3372453797382976,0.8993210126354603,1.206983464326541,0.06899350077805841,0.3577862843202413,0.7088149182230145,1.6093901623945437,0.562394679421475,0.05987222530418617,0.2695582051806872,0.2052316397041809,0.6592830277812095,0,baseline,1.0,0.0217010296384329,0.6592830277812095,-0.10964170498498493,-0.03131618300136485
2026-07-15 17:22:00,Tidur,4,1.0,1.0,1,51.5,2.0,3.199999999999987,1165.25,29.31865162884087,31.374086972106987,,0.9444344407563625,-2.080181154429628,-2.023472278429786,0.44966050631773014,0.4969931911932859,-1.153280384110121,-1.247826646536172,1.2190786560995257,2.5162005030422807,-0.7179797031196812,-0.4941727704290031,-0.1224758487097624,0.45081670294325205,0.9889072829619077,0,baseline,1.0,0.5102637378765112,0.9889072829619077,0.32962425518069816,0.4392659601656831
2026-07-15 17:23:00,Tidur,4,1.0,1.0,1,55.5,-3.0,-4.8000000000000425,1081.75,40.778875250142285,47.798186855430686,,1.025937506813091,-0.361369464805934,0.6744907594765952,-0.6744907594765952,-0.9229873550732364,-0.6942221264420703,-0.6848860788169877,0.736585979864235,1.5049786301730936,0.030165431898179405,-0.596658175758105,0.33171403591575,0.26290011957451564,0.7321622815171535,0,baseline,1.0,-0.4824926762352907,0.7321622815171535,-0.2567450014447542,-0.5863692566254524
2026-07-15 17:24:00,Tidur,4,1.0,1.0,1,54.25,-6.0,-9.200000000000015,1108.5,67.06464543011218,65.63281699475246,,1.0886325951010938,0.2616175364037998,-0.1686226898691488,-1.3489815189531904,-1.703976655519816,-0.19573914740076467,0.6063039430377415,1.015641617672371,2.85001348810052,-0.6369551701815845,0.07748834007616211,-0.3738953867897492,0.2851738262747424,0.7955112840957339,0,baseline,1.0,0.279055637808136,0.7955112840957339,0.06334900257858045,0.32009400402333466
2026-07-15 17:25:00,Tidur,4,1.0,1.0,1,50.75,-1.0,-2.0000000000000315,1182.25,22.544400635190993,30.21037349432586,,0.8163325682282276,13.975279012484162,-2.529340348037232,-0.22483025315886507,-0.4259941638799534,-1.185806506413934,-1.580586357537732,1.4514801115339044,3.1506267196064948,-0.9091298072362566,-0.49410148151329175,-0.22438189712812429,0.5129856342533428,1.1765010740106374,0,baseline,1.0,0.4358384938615334,1.1765010740106374,0.3809897899149035,0.31764078733632306
2026-07-15 17:26:00,Tidur,4,1.0,1.0,1,54.25,7.0,11.599999999999962,1111.0,89.45017234937747,96.83663218706717,,0.9661879787433596,-20.90069368769933,-0.1686226898691488,1.5738117721120555,1.9879727647731242,0.6764163519288616,1.7059091208286128,1.4017858487472254,3.100143868020995,0.5899549513282054,0.6816720282805461,-0.05040164827952949,0.41835442745730456,0.9951303190332418,0,baseline,1.0,-0.04969426278667899,0.9951303190332418,-0.18137075497739563,-0.5623605448922991
2026-07-15 17:27:00,Tidur,4,1.0,1.0,1,52.5,-1.0,0.7999999999999841,1144.0,49.85980344927164,86.75444272965699,,0.8015323835873367,5.63235891470751,-1.3489815189531904,-0.22483025315886507,0.07099902731333027,0.39461629234098194,-0.23881948842924186,0.6462348503952294,2.139717657734916,-0.6633312433487075,0.4029203496792381,-0.527329217083418,0.2758285981502895,0.9780136324896224,0,baseline,1.0,-0.755550998351996,0.9780136324896224,-0.01711668654361942,0.1642540684337762
2026-07-15 17:28:00,Tidur,4,1.0,1.0,1,54.25,9.0,8.39999999999999,1111.0,90.64950818031686,144.77568856683087,,1.0335164122272038,-9.097032565063397,-0.1686226898691488,2.0234722784297854,1.4199805462665223,2.016326596769099,1.7648220021008465,1.632138968888716,3.82638069266938,0.6214084584257412,0.9192102796313315,-0.162341849913812,0.5284669251967978,1.2396484088818747,0,baseline,1.0,0.9859041184934866,1.2396484088818747,0.2616347763922523,0.2787514629358717
2026-07-15 17:29:00,Tidur,4,1.0,1.0,1,54.0,2.0,-2.210995634153739e-14,1112.5,53.475851247704945,98.6103442849684,,0.9842484677305244,4.904630164227428,-0.3372453797382976,0.44966050631773014,-0.07099902731332253,0.7259921089597858,-0.06119468215878717,0.4127418588833889,2.576934125911355,-0.06116023132804634,0.42308694715012013,-0.2602121469437478,0.1859710656842567,0.5338901922996164,0,baseline,1.0,-1.2193971100053271,0.5338901922996164,-0.7057582165822582,-0.9673929929745105
2026-07-15 17:30:00,Tidur,4,1.0,1.0,1,54.25,0.0,2.799999999999972,1108.0,58.07466458505522,100.52860289489753,,0.9894548280924856,3.425683001620982,-0.1686226898691488,0.0,0.42599416387995737,0.7796079820661662,0.16470480082778738,0.4110525310262648,2.0827179225811796,-0.028835358868489935,0.46501037793190425,-0.2651270996035752,0.16649822815163617,0.5613200231839992,0,baseline,1.0,-0.0016893278571240566,0.5613200231839992,0.027429830884382778,0.733188047466641
2026-07-15 17:31:00,Tidur,4,1.0,1.0,1,52.75,5.0,6.799999999999968,1138.5,48.65182422068057,38.35796310198618,,0.8548612438388021,-11.578846211817357,-1.1803588290840417,1.1241512657943253,1.135984437013215,-0.9580790622278139,-0.2981569442422391,0.9954131531981143,2.273556696201372,-0.14061635710186957,-0.34997121784303364,0.11463897710536045,0.3481922434838174,0.5259588830861154,0,baseline,1.0,0.5843606221718495,0.5259588830861154,-0.035361140097883825,-0.0627909709822666
2026-07-15 17:32:00,Tidur,4,1.0,1.0,1,54.25,0.0,1.9999999999999947,1108.0,61.98386886924694,98.49196244702745,,0.8869618089843835,-14.765542486447515,-0.1686226898691488,0.0,0.2839961092533097,0.7226833029581919,0.35672982161208966,0.38951629583669023,1.4393857064384858,-0.05010107991465389,0.47799541192874556,-0.2825517654204703,0.16815921596966021,0.5823252992025171,0,baseline,1.0,-0.6058968573614241,0.5823252992025171,0.056366416116401696,0.09172755621428552
2026-07-15 17:33:00,Tidur,4,1.0,1.0,1,55.5,3.0,0.7999999999999794,1084.75,80.14726029836162,136.7735354518556,,0.9246260388920937,-6.641094821439717,0.6744907594765952,0.6744907594765952,0.07099902731332944,1.7926641438706377,1.2489384050298056,1.0666216108251239,3.2153523828074455,0.5255427467775662,0.8221129803199952,-0.16168225635431394,0.41320188946006,1.0718870670804455,0,baseline,1.0,0.6771053149884336,1.0718870670804455,0.4895617678779284,0.4331953517615267
2026-07-15 17:34:00,Tidur,4,1.0,1.0,1,52.25,6.0,6.7999999999999545,1151.0,66.96267617113283,86.56404180335697,,1.0276644012346834,3.5810052448243646,-1.5176042088223392,1.3489815189531904,1.1359844370132126,0.3892945323598207,0.6012950850576018,1.0887093575870872,2.2194664825066592,-0.2539121869420408,0.5836341344238741,-0.4306142195388998,0.3821163265050238,0.8582200735202973,0,baseline,1.0,0.022087746761963345,0.8582200735202973,-0.21366699356014818,-0.7032287614380766
2026-07-15 17:35:00,Tidur,4,1.0,1.0,1,54.25,-2.0,-1.200000000000024,1107.25,51.93184636296563,81.7353452715939,,0.8972694342655947,-23.26444962231441,-0.1686226898691488,-0.44966050631773014,-0.28399610925330043,0.2543310925106996,-0.13703813993920702,0.28097890631409356,1.0841398918992113,-0.2638481861962821,0.13845212508124458,-0.2177235905032336,0.11778367210399032,0.38737760850944986,0,baseline,1.0,-0.8077304512729937,0.38737760850944986,-0.4708424650108474,-0.25717547145069924
2026-07-15 17:36:00,Tidur,4,1.0,1.0,1,55.25,-7.0,-6.800000000000046,1088.25,64.9121200804082,100.09495491781792,,0.9826021383091422,-24.905468247271592,0.5058680696074465,-1.5738117721120555,-1.2779824916398663,0.7674873979115625,0.5005691962793978,1.0203559842566472,2.239995419168569,-0.3675724889175798,0.41867700917550643,-0.407356118284918,0.3446816597797331,0.7714560430211687,0,baseline,1.0,0.7393770779425537,0.7714560430211687,0.3840784345117188,0.8549208995225662
2026-07-15 17:37:00,Tidur,4,1.0,1.0,1,54.5,8.0,7.19999999999999,1105.0,83.29065573840401,137.05473359209452,,1.2315516070151724,5.603583519278899,0.0,1.7986420252709205,1.206983464326545,1.8005237117760087,1.4033459342419112,1.4073512472761975,3.579153479527338,0.6173056557760246,0.8719420794317497,-0.13914151257351395,0.47788149709262073,1.1785925285362882,0,baseline,1.0,0.38699526301955034,1.1785925285362882,0.4071364855151195,0.023058051003400692
2026-07-15 17:38:00,Tidur,4,1.0,1.0,1,56.0,1.0,2.3999999999999426,1073.25,61.802777715353,88.70550527823325,,1.1360931928149172,-30.788719839027316,1.011736139214893,0.22483025315886507,0.3549951365666263,0.449149044851834,0.3478343968498285,0.5518883650228718,1.282367488949917,0.5896655753424741,0.13088812237094297,0.24710538961006517,0.23224174769527972,0.6927008692564649,0,baseline,1.0,-0.8554628822533258,0.6927008692564649,-0.48589165927982325,-0.8930281447949427
2026-07-15 17:39:00,Tidur,4,1.0,1.0,1,53.75,3.0,5.999999999999979,1118.5,61.47357155721473,84.19224033919832,,1.1994373258626252,-18.876970009849686,-0.5058680696074465,0.6744907594765952,0.9939863823865652,0.3230020076305528,0.3316633771836377,0.6185758012621951,1.4539289125705182,0.0730871906947534,0.3467462467735296,-0.14938611615342298,0.19352149192644352,0.4305130388641223,0,baseline,1.0,0.06668743623932338,0.4305130388641223,-0.2621878303923426,0.22370382888748064
2026-07-15 17:40:00,Tidur,4,1.0,1.0,1,54.5,1.0,4.799999999999975,1104.25,75.72923257677095,125.50298801223818,,0.9912854744573454,-5.750767468523367,0.0,0.22483025315886507,0.7809893004465871,1.4776491410789676,1.0319193383888607,0.8841716389050085,2.654373961289458,0.18252886746150052,0.7897198566726836,-0.3220700702763117,0.3337773334934886,0.9338686620728387,0,baseline,1.0,0.26559583764281336,0.9338686620728387,0.5033556232087164,0.765543453601059
2026-07-15 17:41:00,Tidur,4,1.0,1.0,1,56.75,6.0,6.799999999999992,1058.5,51.15662224971465,61.16643959994184,,1.1039320993549007,-8.096893676009284,1.5176042088223392,1.3489815189531904,1.1359844370132193,-0.32057566444067515,-0.17511812134654617,1.0532586982602423,2.313857018127279,0.8874462238282083,-0.4804867856770153,0.6365566617293769,0.36954861874129796,1.2490792275123408,0,baseline,1.0,0.16908705935523383,1.2490792275123408,0.3152105654395021,-0.1881450577692143
2026-07-15 17:42:00,Tidur,4,1.0,1.0,1,54.0,-2.0,-0.8000000000000145,1112.0,43.520110293977886,75.37019746999916,,0.4642694266550487,3.011756212573543,-0.3372453797382976,-0.44966050631773014,-0.21299708193997285,0.07642340317872295,-0.5502331730080435,0.36603110666816463,1.599492232224695,-0.33844265319218125,-0.02806897052988311,-0.16906648661040158,0.1619769415013267,0.4124940036888777,0,baseline,1.0,-0.6872275915920777,0.4124940036888777,-0.8365852238234631,-1.151795789262965
2026-07-15 17:43:00,Tidur,4,1.0,1.0,1,55.0,1.0,3.1999999999999784,1091.75,42.14558102577303,66.28473931959503,,1.0492898015121008,-10.914523405768481,0.3372453797382976,0.22483025315886507,0.4969931911932844,-0.17751773321653883,-0.6177517757996709,0.40605790796209784,1.4808705067754964,0.31625734263037086,-0.30907444191584627,0.33098361793029074,0.1562623201025466,0.5740329131985997,0,baseline,1.0,0.04002680129393321,0.5740329131985997,0.16153890950972205,0.9981241333331852
2026-07-15 17:44:00,Tidur,4,1.0,1.0,1,55.5,5.0,7.99999999999996,1083.0,60.92071349987074,66.48558741060602,,0.7284971439663901,-17.242294087016532,0.6744907594765952,1.1241512657943253,1.348981518953191,-0.17190397201376675,0.30450629552854097,0.8556494669073524,1.8741721717803757,0.7214021388611893,-0.15212861544408376,0.44659745532245976,0.26169006133680783,0.9008302486558671,0,baseline,1.0,0.4495915589452546,0.9008302486558671,0.3267973354572674,0.16525842594754536
2026-07-15 17:45:00,Tidur,4,1.0,1.0,1,55.25,-4.0,-5.2000000000000215,1086.5,36.373066958946424,34.53018003621373,,0.9156597415589872,-11.860995295157489,0.5058680696074465,-0.8993210126354603,-0.9939863823865585,-1.0650666863525873,-0.9013049117006375,0.8943609233659223,1.7112617202278868,-0.13974630917246705,-0.7222279023087999,0.3098368070203696,0.3216103147851114,0.8605662178830007,0,baseline,1.0,0.03871145645856988,0.8605662178830007,-0.040264030772866444,-0.36706136623013386
2026-07-15 17:46:00,Tidur,4,1.0,1.0,1,53.5,-5.0,-4.80000000000003,1122.5,50.00333322222963,77.65092830524736,,0.8353108522424579,11.15352292490015,-0.6744907594765952,-1.1241512657943253,-0.9229873550732342,0.14017047795765225,-0.23176912584090686,0.7271759348624399,1.6971793372533002,-0.6893223315571407,0.15284249200977282,-0.4326811091317899,0.2586883335979797,0.8675590471468474,0,baseline,1.0,-0.1671849885034824,0.8675590471468474,0.0069928292638467004,0.047256860036713144
2026-07-15 17:47:00,Tidur,4,1.0,1.0,1,55.0,3.0,5.599999999999953,1092.25,48.320975431655626,60.4786463693316,,0.8557673114105127,1.1493692531647124,0.3372453797382976,0.6744907594765952,0.9229873550732348,-0.33979968063168736,-0.3144086519992082,0.5718206907429259,1.3132816415102095,0.4825325951646356,-0.32116097227329216,0.41532690152084356,0.1795170765990024,0.7353263842848297,0,baseline,1.0,-0.15535524411951407,0.7353263842848297,-0.13223266286201774,-0.13922549212586444
2026-07-15 17:48:00,Tidur,4,1.0,1.0,1,55.5,-6.0,-10.400000000000032,1085.0,81.67414931706767,95.80535823567837,,1.0114808709281164,10.214003994171549,0.6744907594765952,-1.3489815189531904,-1.9169737374597964,0.6475919520125124,1.3239411099889753,1.2744938314670158,3.2985001423966107,-0.3106553511564906,0.5022141365964777,-0.4194943396903366,0.3759556859893648,0.8161151665417531,0,baseline,1.0,0.7026731407240899,0.8161151665417531,0.08078878225692343,0.21302144511894117
2026-07-15 17:49:00,Tidur,4,1.0,1.0,1,52.25,-1.0,-3.6000000000000605,1151.0,66.96267617113283,102.18936670058517,,0.9875697131606994,-16.5377359885693,-1.5176042088223392,-0.22483025315886507,-0.7099902731332619,0.8260268022421944,0.6012950850576018,0.8833610159670274,2.480188353485558,-0.7651947515491,0.7202476293154924,-0.6734300679055439,0.3377828892728957,1.293013917936573,0,baseline,1.0,-0.39113281549998835,1.293013917936573,0.47689875139481985,0.3961099691378964
2026-07-15 17:50:00,Tidur,4,1.0,1.0,1,53.5,1.0,-0.8000000000000534,1122.5,43.730233629988,79.52148556627112,,1.0188344259226634,-6.446984743989123,-0.6744907594765952,0.22483025315886507,-0.21299708193997977,0.19245308481063236,-0.539911651022668,0.41937977181378017,2.2510288472936693,-0.3234275797176218,0.1053767724643499,-0.231564890750854,0.1847083315417739,0.4510533558975066,0,baseline,1.0,-0.46398124415324726,0.4510533558975066,-0.8419605620390663,-1.3188593134338862
2026-07-15 17:51:00,Tidur,4,1.0,1.0,1,56.5,-4.0,-6.400000000000034,1062.75,45.028694555064924,47.23699115453199,,0.8485534557567085,-23.155625687140027,1.3489815189531904,-0.8993210126354603,-1.2069834643265382,-0.7099077057125015,-0.476129620716965,0.9814282318903087,2.160645227991682,0.2831432698006534,-0.6522920710685808,0.47343576311636054,0.33623632090491573,0.9180693560432067,0,baseline,1.0,0.5620484600765285,0.9180693560432067,0.4670160001457001,1.3089765621847664
2026-07-15 17:52:00,Tidur,4,1.0,1.0,1,51.5,-1.0,-1.6000000000000287,1165.25,29.31865162884087,39.66946768821919,,1.167603166089682,-1.5427419463266343,-2.023472278429786,-0.22483025315886507,-0.3549951365666271,-0.9214221364567349,-1.247826646536172,1.1556037681362472,2.4960735040898605,-0.843622714762974,-0.3919013140115339,-0.24345804906408927,0.4357869116795151,1.0556836547154071,0,baseline,1.0,0.1741755362459385,1.0556836547154071,0.13761429867220043,-0.3294017014734997
2026-07-15 17:53:00,Tidur,4,1.0,1.0,1,54.25,-5.0,-3.6000000000000245,1108.5,67.06464543011218,116.97435616407556,,0.8591639741424547,16.818154914924275,-0.1686226898691488,-1.1241512657943253,-0.7099902731332556,1.2392714580203645,0.6063039430377415,0.8601899889997044,2.523863973672158,-0.4903236980748191,0.6997955846288901,-0.5747354794440361,0.32949334224372717,1.0812113221172652,0,baseline,1.0,-0.29541377913654276,1.0812113221172652,0.02552766740185808,-0.11208663127034235
2026-07-15 17:54:00,Tidur,4,1.0,1.0,1,51.0,1.0,0.7999999999999856,1176.25,19.189841062395487,30.46856303361439,,0.8979323511094202,27.362433238332414,-2.3607176581680833,0.22483025315886507,0.07099902731333053,-1.1785900354416496,-1.7453665339775073,1.4187287391021952,3.1358408599101697,-0.8397414040031745,-0.5458301959083558,-0.16025768702160031,0.5079557822818372,1.1343711171242168,0,baseline,1.0,0.5585387501024908,1.1343711171242168,0.05315979500695156,0.02763212760509348
2026-07-15 17:55:00,Tidur,4,1.0,1.0,1,55.25,-5.0,-8.400000000000007,1088.75,70.12072922229679,83.4605695323646,,0.9895626423857631,5.761626539168293,0.5058680696074465,-1.1241512657943253,-1.5619786008931629,0.3025516007188961,0.7564226145244008,0.9615725001002272,2.4550568894667166,-0.28518282977682036,0.2489896734696786,-0.28562386470271506,0.2813663894159435,0.5514282737353348,0,baseline,1.0,-0.457156239001968,0.5514282737353348,-0.582942843388882,-0.6361026383958336
2026-07-15 17:56:00,Tidur,4,1.0,1.0,1,55.75,3.0,4.399999999999983,1077.25,48.13436056152264,60.44556780001877,,1.1059587974861542,1.453838224472845,0.8431134493457441,0.6744907594765952,0.7099902731332626,-0.340724236041285,-0.3235754086358099,0.6149241109487554,1.2536171341649933,0.6484145176727023,-0.41108392531475735,0.5246425741001998,0.23149119518300998,0.9582637342541218,0,baseline,1.0,-0.3466483891514718,0.9582637342541218,0.40683546051878705,0.9897783039076691
2026-07-15 17:57:00,Tidur,4,1.0,1.0,1,55.0,2.0,3.9999999999999556,1092.75,60.174053101537595,84.76831168937285,,0.7614304579031017,12.447502931746229,0.3372453797382976,0.44966050631773014,0.638991245819932,0.3391033655242729,0.26782939964757185,0.42684013615327276,1.0193803157670278,0.3937511839129884,0.18389893433269786,0.114908937291626,0.14660499079992462,0.47281698370354547,0,baseline,1.0,-0.18808397479548267,0.47281698370354547,-0.48544675055057634,-0.8922822110693633
2026-07-15 17:58:00,Tidur,4,1.0,1.0,1,52.5,2.0,1.6000000000000112,1143.75,45.741119356657634,70.11894655987544,,0.8617064745108975,3.699034575005438,-1.3489815189531904,0.44966050631773014,0.2129970819399868,-0.07035055158922174,-0.44113442031612987,0.6733293760457328,1.835849200759901,-0.5190891359614467,0.12023542049273282,-0.3378189953747308,0.28342957673919,0.69163869615632,0,baseline,1.0,0.24648923989246008,0.69163869615632,0.21882171245277454,0.7042684630033509
2026-07-15 17:59:00,Tidur,4,1.0,1.0,1,52.5,-2.0,-4.000000000000009,1143.5,41.25934237640408,55.256975426938936,,1.156090639163299,0.10087773422352875,-1.3489815189531904,-0.44966050631773014,-0.7809893004465787,-0.48574686689816415,-0.6612849305527008,0.8130360108763552,1.9848422049659915,-0.759057001436582,-0.16126549113313587,-0.31742892053693034,0.3072570512914672,0.8929401464946433,0,baseline,1.0,0.1397066348306224,0.8929401464946433,0.20130145033832325,-0.01752026211445129
2026-07-15 18:00:00,Tidur,4,1.0,1.0,1,54.75,-2.0,-1.2000000000000501,1096.25,34.121107836645635,58.65719620529664,,0.9544119776035546,7.826801520964577,0.1686226898691488,-0.44966050631773014,-0.28399610925330504,-0.3907097301729754,-1.0119239701657847,0.5455137371688384,1.570594519196562,-0.08455272635390605,-0.4633713091455352,0.20538685084949213,0.232994585223103,0.5642095080006034,0,baseline,1.0,-0.2675222737075168,0.5642095080006034,-0.32873063849403983,-0.5300320888323631
2026-07-15 18:01:00,Tidur,4,1.0,1.0,1,53.25,-5.0,-9.200000000000026,1131.0,82.88948465678061,101.14675806305739,,0.7788075482345123,-5.399906532982943,-0.8431134493457441,-1.1241512657943253,-1.7039766555198177,0.7968855946281851,1.38363990721275,1.2188173647572296,3.2162517678235276,-0.7843414942013738,0.7410569478514317,-0.6852626663732023,0.37849237959272386,1.3331160425182784,0,baseline,1.0,0.6733036275883911,1.3331160425182784,0.768906534517675,1.097637173011715
2026-07-15 18:02:00,Tidur,4,1.0,1.0,1,52.25,-2.0,-2.000000000000022,1148.25,20.982135258357285,30.648545370593585,,1.151947496525225,9.233519108781783,-1.5176042088223392,-0.44966050631773014,-0.42599416387995176,-1.1735594779918266,-1.6573267936081164,1.1671128550772443,2.41633460328049,-0.7753001316677072,-0.6388738127797323,-0.07489397278824017,0.43770552137296903,1.098383026735239,0,baseline,1.0,-0.0517045096799853,1.098383026735239,-0.2347330157830394,-1.0036395503007145
2026-07-15 18:03:00,Tidur,4,1.0,1.0,1,54.5,-4.0,-6.400000000000044,1104.25,75.72923257677095,94.16474924301556,,1.1595973147790135,-2.3739616718046497,0.0,-0.8993210126354603,-1.20698346432654,0.6017364645863172,1.0319193383888607,0.859363911352939,2.0761960440971228,-0.42259238214226724,0.529129136859446,-0.48035590548246226,0.2841927318507409,0.8775359079188508,0,baseline,1.0,-0.3077489437243053,0.8775359079188508,-0.2208471188163882,0.013885896966651212
2026-07-15 18:04:00,Tidur,4,1.0,1.0,1,56.0,-2.0,-1.600000000000035,1072.5,49.86314604327863,73.47561953918229,,0.8295538452159097,-12.155208010881912,1.011736139214893,-0.44966050631773014,-0.35499513656662823,0.023469411780983856,-0.2386552960164119,0.5309111595977919,1.2219037199147715,0.35251037367946436,-0.2440751668192447,0.31683234480282274,0.22377222115137974,0.5781807609059251,0,baseline,1.0,-0.3284527517551471,0.5781807609059251,-0.29935514701292576,-0.07850802819653757
2026-07-15 18:05:00,Tidur,4,1.0,1.0,1,52.0,0.0,0.7999999999999907,1154.0,30.648545370593585,46.611872593435535,,0.9368188680671277,-12.523915790349129,-1.6862268986914881,0.0,0.07099902731333145,-0.7273799470853314,-1.18250059682481,0.9773219801747062,2.1966655657752057,-0.7243681515106557,-0.34383809360136053,-0.20628827957290202,0.3863944784998673,0.9136681021239137,0,baseline,1.0,0.4464108205769143,0.9136681021239137,0.3354873412179886,0.6348424882309144
2026-07-15 18:06:00,Tidur,4,1.0,1.0,1,54.5,-3.0,-2.399999999999991,1102.75,58.65932719241388,88.9587919582245,,0.9193812437772606,15.5543707171886,0.0,-0.6744907594765952,-0.49699319119327207,0.45622847951390433,0.19342416189670258,0.4353153681267863,1.1441064513815138,-0.2700300228204552,0.29065513595875336,-0.298959725959785,0.17067985842169797,0.5252667447120725,0,baseline,1.0,-0.5420066120479199,0.5252667447120725,-0.38840135741184123,-0.7238886986298299
2026-07-15 18:07:00,Tidur,4,1.0,1.0,1,53.25,-2.0,-2.800000000000028,1129.5,69.99761900712528,96.69884521888908,,0.8234627701709066,2.4609787655001636,-0.8431134493457441,-0.44966050631773014,-0.5679922185066044,0.6725651670243287,0.7503752862426156,0.670977942080334,1.3913716479713345,-0.5939903131225162,0.6206903860029144,-0.5837117889628524,0.2669336539295035,1.0724057420278021,0,baseline,1.0,0.23566257395354773,1.0724057420278021,0.5471389973157297,0.9355403547275709
2026-07-15 18:08:00,Tidur,4,1.0,1.0,1,56.0,1.0,3.1999999999999575,1074.25,71.59317937718183,106.79263395322107,,0.9838765559892884,-7.092247258292872,1.011736139214893,0.22483025315886507,0.49699319119328067,0.9546894296974163,0.8287512141678217,0.7641232063459446,1.8078101807833686,0.6033848730684258,0.4853197538973825,0.06484469846985341,0.3061795048450239,0.8352001512677104,0,baseline,1.0,0.09314526426561054,0.8352001512677104,-0.23720559076009173,-0.7843445880758214
2026-07-15 18:09:00,Tidur,4,1.0,1.0,1,53.5,4.0,7.199999999999981,1124.5,70.43909899101966,86.21484790916237,,0.9922131120367994,28.273521520833338,-0.6744907594765952,0.8993210126354603,1.2069834643265431,0.37953446381444755,0.7720613371420253,0.8319435400406856,1.76745766742758,0.07970447715066473,0.4904536070665206,-0.22214565773882175,0.27132779096114956,0.6081652799712368,0,baseline,1.0,0.06782033369474105,0.6081652799712368,-0.2270348712964736,0.010170719463618139
2026-07-15 18:10:00,Tidur,4,1.0,1.0,1,55.0,3.0,3.9999999999999867,1093.25,64.22551414092896,84.90975601582345,,0.9584097698678016,-21.365665186151134,0.3372453797382976,0.6744907594765952,0.6389912458199375,0.34305677463154277,0.4668422507901865,0.5123693356851292,0.9649992957713082,0.44918665166756155,0.23355161672442185,0.11804631609250242,0.19155158880262513,0.5540234197457067,0,baseline,1.0,-0.3195742043555564,0.5540234197457067,-0.054141860225530136,0.17289301107094346
2026-07-15 18:11:00,Tidur,4,1.0,1.0,1,53.75,2.0,0.3999999999999493,1120.0,78.28580118173836,121.99043678365393,,1.0688482305537081,-12.566220703136684,-0.5058680696074465,0.44966050631773014,-1.7538507953956951e-15,1.3794723363579444,1.1575011969503575,0.8603313341391952,2.315897495794073,-0.1423558002863099,0.8175083518645581,-0.4837935702708444,0.34959866428584674,1.0221841927702269,0,baseline,1.0,0.34796199845406595,1.0221841927702269,0.4681607730245202,0.5223026332500503
2026-07-15 18:12:00,Tidur,4,1.0,1.0,1,56.0,4.0,3.1999999999999957,1072.5,49.86314604327863,84.26149773176358,,0.7151061472663481,-2.320493214021891,1.011736139214893,0.8993210126354603,0.49699319119328744,0.3249377714281125,-0.2386552960164119,0.6696165226263407,2.3617298446848647,0.7166872582644853,-0.08310317359981699,0.4135488967657263,0.27081414186326813,0.874591191969319,0,baseline,1.0,-0.1907148115128544,0.874591191969319,-0.14759300080090787,-0.6157537738254281
2026-07-15 18:13:00,Tidur,4,1.0,1.0,1,53.5,1.0,3.9999999999999774,1123.75,61.08123006838243,100.01499887516871,,0.9439027115275516,9.444032003248692,-0.6744907594765952,0.22483025315886507,0.6389912458199358,0.7652526038047729,0.3123910708341771,0.5651541326675787,1.9957355760412312,-0.20473729820204614,0.5607214377331378,-0.397774483792615,0.21634901135735585,0.7492378305187061,0,baseline,1.0,-0.104462389958762,0.7492378305187061,-0.12535336145061293,0.022239639350294937
2026-07-15 18:14:00,Tidur,4,1.0,1.0,1,54.0,0.0,1.5999999999999672,1114.5,77.17296590559849,113.24310133513653,,0.9673288648761009,7.012899409126305,-0.3372453797382976,0.0,0.212997081939979,1.134981825537831,1.1028373314945648,0.7298679506745058,1.503507684622386,-0.15234022882668308,0.7475588120067665,-0.45813197266587313,0.3035871953127801,0.940266883530702,0,baseline,1.0,0.16471381800692708,0.940266883530702,0.1910290530119959,0.31638241446260884
2026-07-15 18:15:00,Tidur,4,1.0,1.0,1,53.5,5.0,6.399999999999981,1122.75,52.44282601080914,52.79520180218401,,1.172941015679712,22.275295110791667,-0.6744907594765952,1.1241512657943253,1.0649854096998914,-0.5545541390763253,-0.11193817831932105,0.7966063299788769,1.6841194352578206,0.12536032315995077,-0.19554016257835277,0.17468517471284264,0.27332339159654195,0.3989633472666742,0,baseline,1.0,0.0667383793043711,0.3989633472666742,-0.5413035362640277,-0.7323325892760236
2026-07-15 18:16:00,Tidur,4,1.0,1.0,1,53.75,4.0,5.199999999999967,1120.5,84.16452142480622,112.95426803209637,,0.8793615553004335,-10.045703338190105,-0.5058680696074465,0.8993210126354603,0.8519883277599115,1.1269088526630888,1.4462713135250176,1.0151048391955368,1.815395953630344,0.1188033928983432,0.7941396068641369,-0.35524618236580885,0.37527364130832996,0.9548833003570534,0,baseline,1.0,0.21849850921665992,0.9548833003570534,0.5559199530903791,1.0972234893544068
2026-07-15 18:17:00,Tidur,4,1.0,1.0,1,55.5,1.0,-0.8000000000000206,1085.0,82.88948465678061,127.92185114357906,,1.124181263538846,-2.7106530125400567,0.6744907594765952,0.22483025315886507,-0.21299708193997394,1.545257052775747,1.38363990721275,0.9852038303066664,2.440070055609631,0.3854708086270925,0.7860092991234335,-0.21680032869709515,0.3875537243108802,0.9816305997484686,0,baseline,1.0,-0.029901008888870484,0.9816305997484686,0.02674729939141518,-0.5291726536989639
2026-07-15 18:18:00,Tidur,4,1.0,1.0,1,54.25,-6.0,-4.400000000000027,1109.5,77.1384037515253,136.26444877516658,,1.226808967594047,-11.016477345900288,-0.1686226898691488,-1.3489815189531904,-0.8519883277599077,1.7784350266305406,1.1011395951083922,1.1789324333919171,3.155112779428268,-0.5547625472059952,0.8583779468325792,-0.6511123507992933,0.42755104470005745,1.285037498510643,0,baseline,1.0,0.19372860308525075,1.285037498510643,0.3034068987621744,0.27665959937075923
2026-07-15 18:19:00,Tidur,4,1.0,1.0,1,56.0,-6.0,-7.200000000000021,1072.75,54.16871790987857,59.23118547972287,,1.0716080322057726,-8.93654094299011,1.011736139214893,-1.3489815189531904,-1.3489815189531875,-0.37466656688791816,-0.02716020211315036,0.9802270150603246,2.062509200103363,-0.05054370011626105,-0.39288229184709816,0.186092309008732,0.3204298594595073,0.542417554264159,0,baseline,1.0,-0.1987054183315925,0.542417554264159,-0.7426199442464839,-1.0460268430086583
2026-07-15 18:20:00,Tidur,4,1.0,1.0,1,56.0,5.0,7.199999999999987,1072.5,47.648014998878324,40.414518843273804,,0.9998587166937332,4.077156481268743,1.011736139214893,1.1241512657943253,1.2069834643265442,-0.9005977450110756,-0.3474653130730854,0.9670515610913577,2.1657015178708328,0.7912432574097669,-0.6553061522535156,0.661570958595278,0.3304799224635714,1.2658535294361388,0,baseline,1.0,-0.01317545396896691,1.2658535294361388,0.7234359751719798,1.4660559194184637
2026-07-15 18:21:00,Tidur,4,1.0,1.0,1,53.0,-4.0,-3.2000000000000153,1133.0,49.652123150307816,86.0,,0.8547879780561136,9.91935415897858,-1.011736139214893,-0.8993210126354603,-0.638991245819928,0.37352940371713017,-0.24902100536870866,0.6988896605261445,2.053301663101429,-0.7268892918563011,0.3324081757120782,-0.5245624581214611,0.273050606944263,0.9942764426046947,0,baseline,1.0,-0.26816190056521316,0.9942764426046947,-0.2715770868314441,-0.9950130620034239
2026-07-15 18:22:00,Tidur,4,1.0,1.0,1,57.0,-2.0,-4.799999999999995,1054.0,54.699177324709375,81.35518832051628,,1.0572699153706302,20.108045190226683,1.6862268986914881,-0.44966050631773014,-0.922987355073228,0.24370559772913863,-0.0011033698902790556,0.8895903572125021,2.362869218329868,0.5744092099582162,-0.20072045754067094,0.40224240265668854,0.3256557576092124,0.7988023945377317,0,baseline,1.0,0.19070069668635758,0.7988023945377317,-0.195474048066963,0.0761030387644811
2026-07-15 18:23:00,Tidur,4,1.0,1.0,1,54.25,-1.0,-2.8000000000000163,1107.5,51.91338940966964,75.93198711127391,,1.1818904421916876,-20.748976443318544,-0.1686226898691488,-0.22483025315886507,-0.5679922185066024,0.09212558325139794,-0.13794476864996774,0.2929550466694649,1.2800544255463175,-0.24058069206254712,0.04986602220387245,-0.15840058789229847,0.07037310284878906,0.3006805770463454,0,baseline,1.0,-0.5966353105430372,0.3006805770463454,-0.49812181749138634,-0.30264776942442334
2026-07-15 18:24:00,Tidur,4,1.0,1.0,1,53.25,-2.0,-5.200000000000002,1130.5,79.48375095997085,115.10430052782563,,1.080443605585818,10.926473312772295,-0.8431134493457441,-0.44966050631773014,-0.993986382386555,1.1870028717223198,1.216345993574028,0.9787254141320874,2.5759840935572673,-0.6337798896297722,0.8094944650929976,-0.660556848345698,0.35336700724804293,1.2720698995036257,0,baseline,1.0,0.6857703674626224,1.2720698995036257,0.9713893224572803,1.4695111399486667
2026-07-15 18:25:00,Tidur,4,1.0,1.0,1,55.25,3.0,1.1999999999999769,1088.0,63.14005596027506,111.03152705425607,,1.2023635597686826,3.625639052657446,0.5058680696074465,0.6744907594765952,0.14199805462665482,1.0731676961001937,0.4135231826249747,0.6408890797176559,2.690267530246542,0.46358997724274026,0.5316549655257578,-0.03741826543425386,0.2730281882392511,0.7573091756537982,0,baseline,1.0,-0.3378363344144315,0.7573091756537982,-0.5147607238498275,-1.4861500463071078
2026-07-15 18:26:00,Tidur,4,1.0,1.0,1,54.0,-5.0,-7.2000000000000215,1113.25,62.77672073839686,65.43699259593154,,0.8553832627319581,14.62097325349348,-0.3372453797382976,-1.1241512657943253,-1.3489815189531877,-0.20121249497964167,0.3956757005133417,0.8239232222885478,2.192269097445316,-0.6200446158731079,0.055643593839789215,-0.35541533639527956,0.2446540495377798,0.7574478203208729,0,baseline,1.0,0.1830341425708919,0.7574478203208729,0.00013864466707469436,0.5148993685169022
2026-07-15 18:27:00,Tidur,4,1.0,1.0,1,55.5,-4.0,-8.000000000000002,1084.25,73.74901129280762,100.24802574947132,,0.9414450122760235,5.191225330289496,0.6744907594765952,-0.8993210126354603,-1.490979573579836,0.7717657711422294,0.9346483835942335,0.9955828608088195,2.642008231589708,-0.12186461904324132,0.48019302363491584,-0.3195372959909759,0.30902777793178526,0.665611430479434,0,baseline,1.0,0.17165963852027177,0.665611430479434,-0.09183638984143883,-0.09197503450851352
2026-07-15 18:28:00,Tidur,4,1.0,1.0,1,55.75,-4.0,-4.400000000000023,1076.5,32.705758922041035,41.2189276910499,,0.9330882464670563,21.496821716380527,0.8431134493457441,-0.8993210126354603,-0.851988327759907,-0.8781142891909001,-1.081447685220288,0.9149990692480545,1.6496205135415145,0.06602166611529893,-0.7268174085972988,0.41037450866587327,0.3402845370158495,0.9037827224126276,0,baseline,1.0,-0.080583791560765,0.9037827224126276,0.23817129193319353,0.33000768177463236
2026-07-15 18:29:00,Tidur,4,1.0,1.0,1,54.25,-1.0,-1.200000000000024,1107.25,53.393975939862976,75.11102892829166,,0.9337956816893807,7.720416509242307,-0.1686226898691488,-0.22483025315886507,-0.28399610925330043,0.06917956881070302,-0.06521650003964166,0.1836709280008431,0.45177089824877387,-0.20005608034593916,0.05541235600720804,-0.13959023151870567,0.06418784109014297,0.2582604812217884,0,baseline,1.0,-0.7313281412472115,0.2582604812217884,-0.6455222411908392,-0.8836935331240328
2026-07-15 18:30:00,Tidur,4,1.0,1.0,1,52.0,-2.0,-2.400000000000028,1153.5,17.97220075561143,17.98147194568157,,1.2928305925296264,-2.0596097920695122,-1.6862268986914881,-0.44966050631773014,-0.4969931911932786,-1.5276077788121103,-1.8051785540767225,1.3330276137343071,2.645337691407431,-0.8133580912374796,-0.7416936673217107,-0.03939503420158174,0.48169105577005933,1.2021809858150407,0,baseline,1.0,1.149356685733464,1.2021809858150407,0.9439205045932524,1.5894427457840916
2026-07-15 18:31:00,Tidur,4,1.0,1.0,1,54.0,2.0,3.999999999999982,1113.25,59.37100863777427,81.15417426109393,,0.93103043300257,8.066890855362697,-0.3372453797382976,0.44966050631773014,0.6389912458199366,0.23808719766211886,0.22838284770643796,0.40818698366027384,0.9203736972219413,0.045230996820348465,0.250074937288667,-0.11218988502824499,0.13561318333390004,0.3091291366563461,0,baseline,1.0,-0.9248406300740333,0.3091291366563461,-0.8930518491586946,-1.8369723537519471
2026-07-15 18:32:00,Tidur,4,1.0,1.0,1,55.25,0.0,1.999999999999992,1086.5,40.2119385257662,69.53176732017292,,0.8304930224768992,-5.458151108453805,0.5058680696074465,0.0,0.28399610925330926,-0.086762378150894,-0.7127347222664848,0.41281346598822666,1.7539089811365496,0.31025437626952107,-0.31589153332505443,0.3313822744586691,0.17831250878369354,0.5810807185193628,0,baseline,1.0,0.004626482327952819,0.5810807185193628,0.2719515818630167,1.1650034310217112
2026-07-15 18:33:00,Tidur,4,1.0,1.0,1,56.25,-1.0,-2.8000000000000216,1067.5,43.829214001622255,66.14126296546405,,0.8888086437840937,-0.17776612108017176,1.1803588290840417,-0.22483025315886507,-0.5679922185066033,-0.18152793807475504,-0.5350496109401975,0.6458546658320448,1.767834190520194,0.4593991546599818,-0.43793630726908417,0.457017216010597,0.2568837998984702,0.823219177927204,0,baseline,1.0,0.2330411998438181,0.823219177927204,0.24213845940784118,-0.029813122455175534
2026-07-15 18:34:00,Tidur,4,1.0,1.0,1,57.5,-1.0,-0.8000000000000453,1043.25,23.62731470142132,34.99047489436708,,1.024881238442723,10.798163099110422,2.023472278429786,-0.22483025315886507,-0.21299708193997835,-1.0522013143018494,-1.527392259466061,1.2353470104646411,2.5450949606676083,0.7672103452876032,-0.8776058846370932,0.7185539840534945,0.45981009879042867,1.4444891683964929,0,baseline,1.0,0.5894923446325964,1.4444891683964929,0.6212699904692889,0.3791315310614477
2026-07-15 18:35:00,Tidur,4,1.0,1.0,1,55.25,6.0,8.39999999999999,1087.5,54.66565039705769,43.08518693627003,,1.1403439755474847,-18.98035805790716,0.5058680696074465,1.3489815189531904,1.4199805462665223,-0.8259518131006566,-0.0027502546553406057,0.977159388796518,2.364706033821477,0.7143049339736003,-0.5051038924706197,0.5854236259657858,0.31019015478178225,1.0974061394262724,0,baseline,1.0,-0.25818762166812315,1.0974061394262724,-0.3470830289702205,-0.9683530194395094
2026-07-15 18:36:00,Tidur,4,1.0,1.0,1,52.5,2.0,3.1999999999999718,1143.75,45.741119356657634,58.75655991745376,,0.9481282081935579,10.178804219170159,-1.3489815189531904,0.44966050631773014,0.49699319119328317,-0.387932486189907,-0.44113442031612987,0.7230545113808208,1.511972923624027,-0.4872842205857984,-0.05379817669635709,-0.23400028997892935,0.29108739822264285,0.6163020075920668,0,baseline,1.0,-0.2541048774156972,0.6163020075920668,-0.48110413183420564,-0.13402110286398516
2026-07-15 18:37:00,Tidur,4,1.0,1.0,1,56.5,2.0,1.5999999999999588,1061.75,24.143667216615345,40.27406113120453,,1.031897703697032,-21.185032420950797,1.3489815189531904,0.44966050631773014,0.2129970819399775,-0.9045235779660997,-1.502028375858566,1.0140577509506088,2.3993171856903834,0.72054980738891,-0.8153518950688907,0.6883146490102364,0.3963658506521436,1.3471724764579736,0,baseline,1.0,0.291003239569788,1.3471724764579736,0.7308704688659068,1.2119746007001124
2026-07-15 18:38:00,Tidur,4,1.0,1.0,1,55.75,0.0,-0.40000000000004826,1076.25,29.284523785326154,42.29263135188761,,0.7779842804952253,-1.229269430381743,0.8431134493457441,0.0,-0.141998054626653,-0.8481039668415805,-1.2495030490426202,0.7760852973900049,1.6412982576858697,0.41564231814624725,-0.7386289934429139,0.5613822438263282,0.3207332820151707,1.0659977431796863,0,baseline,1.0,-0.23797245356060392,1.0659977431796863,-0.28117473327828724,-1.012045202144194
2026-07-15 18:39:00,Tidur,4,1.0,1.0,1,56.75,3.0,5.199999999999971,1058.0,42.10304818735416,51.163137771902406,,1.0720481819234973,-9.09929133789259,1.5176042088223392,0.6744907594765952,0.8519883277599122,-0.600170792376424,-0.6198410422047106,0.9196034283882254,1.9922035528201656,0.8226070034342122,-0.6576010410349642,0.6718537286991745,0.34195205886449975,1.2951602428263218,0,baseline,1.0,0.14351813099822053,1.2951602428263218,0.2291624996466355,0.5103372329249227
2026-07-15 18:40:00,Tidur,4,1.0,1.0,1,52.75,1.0,0.39999999999997904,1138.5,48.65182422068057,73.19608368394218,,1.0547963952247115,7.425000167315639,-1.1803588290840417,0.22483025315886507,3.5274077795037014e-15,0.015656305213568967,-0.2981569442422391,0.5537035834135335,1.5693287232910706,-0.523934954732657,0.168520471654754,-0.3634458372010661,0.2418331446002877,0.7024835461158501,0,baseline,1.0,-0.36589984497469186,0.7024835461158501,-0.5926766967104717,-0.8218391963571072
2026-07-15 18:41:00,Tidur,4,1.0,1.0,1,56.5,-2.0,-2.4000000000000417,1062.0,35.51525493831254,48.027769744874334,,0.8502796634042955,-17.232198976087123,1.3489815189531904,-0.44966050631773014,-0.49699319119328106,-0.6878052194598248,-0.943441714772648,0.8523034941382075,1.6658294449343773,0.4872842205857987,-0.70839244456667,0.5767787982244952,0.33728243057612817,1.0888980609807724,0,baseline,1.0,0.29859991072467396,1.0888980609807724,0.3864145148649223,0.979091211575394
2026-07-15 18:42:00,Tidur,4,1.0,1.0,1,54.25,3.0,2.7999999999999563,1109.25,72.75243409444572,104.31682510506155,,0.9563538766737105,-33.74705444744093,-0.1686226898691488,0.6744907594765952,0.4259941638799546,0.8854898690378247,0.8856952608315088,0.668339857713996,1.5083391987941608,0.1717835550852778,0.6304530976763821,-0.24704966210162618,0.27407319437387356,0.7504201153929106,0,baseline,1.0,-0.18396363642421154,0.7504201153929106,-0.3384779455878617,-0.724892460452784
2026-07-15 18:43:00,Tidur,4,1.0,1.0,1,57.25,-2.0,-1.1999999999999966,1048.0,31.622776601683793,54.57716250105594,,1.2890208718226157,20.81339516222591,1.8548495885606369,-0.44966050631773014,-0.2839961092532955,-0.504747831304922,-1.1346451360203371,1.026207124814296,2.408962570519901,0.6872205266212976,-0.7316377148710742,0.6529201912617807,0.3989990084202726,1.2621690785743018,0,baseline,1.0,0.35786726710030015,1.2621690785743018,0.5117489631813912,0.8502269087692529
2026-07-15 18:44:00,Tidur,4,1.0,1.0,1,52.25,7.0,8.399999999999983,1152.5,79.8060148109151,96.83663218706717,,0.9857443419408928,-16.076835230023995,-1.5176042088223392,1.5738117721120555,1.419980546266521,0.6764163519288616,1.2321759983977318,1.324548795071992,2.588520142912588,-0.14843686334768133,0.7546174405864163,-0.459502043583163,0.44077152090400396,0.9984501218062041,0,baseline,1.0,0.298341670257696,0.9984501218062041,-0.26371895676809776,-0.7754679199494889
2026-07-15 18:45:00,Tidur,4,1.0,1.0,1,55.25,-1.0,-2.000000000000001,1088.25,64.9121200804082,91.20124268159215,,1.0222311779565032,4.0337952318843335,0.5058680696074465,-0.22483025315886507,-0.425994163879948,0.5189056142907598,0.5005691962793978,0.4489442573527125,1.080421404326001,0.14583203992846902,0.2998609172369288,-0.08451380018176059,0.18393307517215207,0.39007372651758787,0,baseline,1.0,-0.8756045377192796,0.39007372651758787,-0.6083763952886162,-0.34465743852051844
2026-07-15 18:46:00,Tidur,4,1.0,1.0,1,55.75,4.0,4.399999999999983,1077.5,52.55156198122627,70.34676017178522,,1.3333267312960966,-10.360270637573088,0.8431134493457441,0.8993210126354603,0.7099902731332626,-0.06398309641668257,-0.10659693098062699,0.6386174915394578,1.4918591357660667,0.6858128979981603,-0.22646729699552695,0.4634955521825626,0.241979387072095,0.891632726143394,0,baseline,1.0,0.1896732341867453,0.891632726143394,0.5015589996258061,1.1099353949144222
2026-07-15 18:47:00,Tidur,4,1.0,1.0,1,54.0,-1.0,-2.400000000000003,1115.75,86.94969810183356,122.8359339390012,,0.7889233511993035,-25.42053303652749,-0.3372453797382976,-0.22483025315886507,-0.4969931911932742,1.4031042220475278,1.5830826875063877,0.9885481854105876,2.0476666417554923,-0.3162573426303694,0.844002551996928,-0.5636337770412064,0.38221754765987326,1.1296602599480137,0,baseline,1.0,0.34993069387112985,1.1296602599480137,0.23802753380461972,-0.26353146582118636
2026-07-15 18:48:00,Tidur,4,1.0,1.0,1,54.0,-5.0,-3.200000000000015,1114.25,74.39702054966091,134.1752585240662,,1.044716388297387,-4.822300590288833,-0.3372453797382976,-1.1241512657943253,-0.6389912458199279,1.720041565593385,0.9664794115911244,1.0656815440998109,3.0662414879754714,-0.5501378890492243,0.8497053007071171,-0.6468792973351704,0.40149847735014954,1.2666114825204458,0,baseline,1.0,0.07713335868922322,1.2666114825204458,0.13695122257243209,-0.10107631123218763
2026-07-15 18:49:00,Tidur,4,1.0,1.0,1,55.0,-5.0,-8.800000000000015,1094.0,71.57280675414837,85.82928793055822,,0.9174437048833506,15.534166394603547,0.3372453797382976,-1.1241512657943253,-1.6329776282064898,0.3687579528785719,0.8277504853552474,0.9864299004573764,2.6194125395615195,-0.37712788005368675,0.32953402142865024,-0.3702079420342434,0.2821949180724076,0.6837441051474218,0,baseline,1.0,-0.07925164364243442,0.6837441051474218,-0.582867377373024,-0.719818599945456
2026-07-15 18:50:00,Tidur,4,1.0,1.0,1,54.25,-1.0,-1.200000000000024,1106.25,30.728651125618907,42.75901464408801,,0.7535680974255808,9.045370142385028,-0.1686226898691488,-0.22483025315886507,-0.28399610925330043,-0.8350684213295618,-1.1785657015992308,0.6702227130787396,1.3128738398970181,-0.20005608034593916,-0.6170359707455833,0.22540097113464072,0.2803853421249144,0.7417394167389715,0,baseline,1.0,-0.31620718737863684,0.7417394167389715,0.05799531159154969,0.6408626889645737
2026-07-15 18:51:00,Tidur,4,1.0,1.0,1,55.75,1.0,1.9999999999999705,1076.5,32.705758922041035,45.110974274559844,,1.1005724719837522,13.301247161378063,0.8431134493457441,0.22483025315886507,0.2839961092533054,-0.7693304814887151,-1.081447685220288,0.7215873068299012,1.5093193916794396,0.5181159373657722,-0.6973464770179735,0.5839951711418301,0.2989394710933678,1.088646591349254,0,baseline,1.0,0.05136459375116165,1.088646591349254,0.34690717461028253,0.28891186301873284
2026-07-15 18:52:00,Tidur,4,1.0,1.0,1,55.75,0.0,3.599999999999975,1080.0,81.78019320104349,137.90818201494307,,1.2734603741051904,-0.5873308731315205,0.8431134493457441,0.0,0.5679922185066096,1.8243778376511317,1.3291501186629013,1.1071088457063256,3.0757936592733475,0.49970375570640096,0.8233314669707489,-0.176138995153907,0.4165446127791149,1.0640079454686506,0,baseline,1.0,0.3855215388764244,1.0640079454686506,-0.024638645880603383,-0.3715458204908859
2026-07-15 18:53:00,Tidur,4,1.0,1.0,1,52.75,2.0,5.199999999999963,1140.0,65.07431649019962,98.11557810392122,,1.0022515163512042,-2.2727737509269117,-1.1803588290840417,0.44966050631773014,0.8519883277599107,0.7121632536411934,0.5085364874970213,0.7857622421483887,2.0292119483771565,-0.3683398181731443,0.6380605670416161,-0.5031538866356406,0.29078786654713606,0.9383586339097008,0,baseline,1.0,-0.32134660355793687,0.9383586339097008,-0.12564931155894987,-0.10101066567834649
2026-07-15 18:54:00,Tidur,4,1.0,1.0,1,52.25,-4.0,-3.6000000000000227,1149.5,45.52288801617636,73.87151006985034,,1.19873114419523,11.99878642935899,-1.5176042088223392,-0.8993210126354603,-0.7099902731332552,0.034534664581856354,-0.451854217657283,0.8742255868389164,2.1326921377151415,-0.8369723655969964,0.20653703060914474,-0.5182397631399298,0.3345309602568717,1.0600300473362019,0,baseline,1.0,0.08846334469052763,1.0600300473362019,0.12167141342650112,0.247320724985451
2026-07-15 18:55:00,Tidur,4,1.0,1.0,1,53.0,2.0,3.1999999999999766,1132.5,35.11409973215888,43.34358853010058,,0.8870752229677444,4.232418840231912,-1.011736139214893,0.44966050631773014,0.49699319119328406,-0.8187294151436797,-0.9631469619788107,0.7836806421008985,1.577259262953205,-0.33371919365807406,-0.4532163634305141,0.06562897423773802,0.3132266008997773,0.6474501046935593,0,baseline,1.0,-0.09054494473801789,0.6474501046935593,-0.4125799426426425,-0.5342513560691436
2026-07-15 18:56:00,Tidur,4,1.0,1.0,1,51.5,2.0,3.9999999999999716,1166.0,42.84079053114372,56.818424241907074,,1.0531650557392738,-8.612604718276092,-2.023472278429786,0.44966050631773014,0.6389912458199348,-0.44210392892718176,-0.5836022123557506,1.0238155957973716,2.249418701293631,-0.7075012246247389,0.01563546737716806,-0.37800085813036055,0.38833034315287773,0.8913403137108343,0,baseline,1.0,0.24013495369647309,0.8913403137108343,0.24389020901727498,0.6564701516599175
2026-07-15 18:57:00,Tidur,4,1.0,1.0,1,53.25,-7.0,-8.400000000000048,1129.0,64.25470151410453,69.97618642557386,,0.9094645327740432,-5.0550937149457305,-0.8431134493457441,-1.5738117721120555,-1.56197860089317,-0.07434073789973503,0.46827597119291414,1.0818789084423908,2.5045847940497787,-0.8243211221021648,0.24002842650157216,-0.5265735782819823,0.3383838803501652,1.0624981607975228,0,baseline,1.0,0.05806331264501918,1.0624981607975228,0.17115784708668846,-0.07273236193058652
2026-07-15 18:58:00,Tidur,4,1.0,1.0,1,54.5,-3.0,-2.4000000000000368,1101.5,42.13074886588179,69.78777352325645,,1.243892949846021,-10.291173216620807,0.0,-0.6744907594765952,-0.49699319119328017,-0.07960693204580396,-0.6184803501090026,0.46707498837178046,1.4079730655716622,-0.2700300228204563,-0.19584091758531094,-0.04078137717462996,0.185679447846268,0.3839399123584667,0,baseline,1.0,-0.6148039200706104,0.3839399123584667,-0.6785582484390561,-0.8497160955257446
2026-07-15 18:59:00,Tidur,4,1.0,1.0,1,54.75,6.0,9.999999999999996,1099.25,75.92704832052058,83.052192425406,,0.9119655521448312,11.37593093425597,0.1686226898691488,1.3489815189531904,1.7039766555198268,0.2911373445633864,1.0416362959954493,1.0882544113493902,2.4321137296776363,0.6369551701815854,0.36860696864795206,0.14652909259492836,0.3218965319222179,0.8164993192876093,0,baseline,1.0,0.6211794229776098,0.8164993192876093,0.43255940692914263,1.1111176553681987
2026-07-15 19:00:00,Tidur,4,1.0,1.0,1,53.75,-1.0,-2.000000000000025,1116.25,26.424420523447623,36.373066958946424,,0.7837937817450938,28.203414090196627,-0.5058680696074465,-0.22483025315886507,-0.4259941638799522,-1.01355747331572,-1.389994910910369,0.8303380972007119,1.7284891779407234,-0.38811230042270495,-0.6661456567881566,0.15173744190509872,0.33241849117648503,0.8531749517825067,0,baseline,1.0,-0.2579163141486782,0.8531749517825067,0.03667563249489736,-0.3958837744342453
2026-07-15 19:01:00,Tidur,4,1.0,1.0,1,54.0,-6.0,-4.00000000000003,1115.5,84.60693430998036,152.34172114033635,,0.7770773654144998,18.85615600519013,-0.3372453797382976,-1.3489815189531904,-0.7809893004465824,2.2277993566358196,1.4680031897061498,1.3900757684715268,3.6642907913654663,-0.6089984373324119,0.9301820887576071,-0.6892624372411047,0.4896920922983957,1.3967816105497353,0,baseline,1.0,0.5597376712708149,1.3967816105497353,0.5436066587672286,0.5069310262723312
2026-07-15 19:02:00,Tidur,4,1.0,1.0,1,53.25,2.0,0.3999999999999863,1129.75,69.87786964888573,111.95385954341488,,0.9201695814466064,7.928782062145173,-0.8431134493457441,0.44966050631773014,4.818163140160084e-15,1.0989471511979907,0.7444930474714561,0.7314355198196367,2.2722652295536028,-0.3174549214109766,0.743905024267404,-0.5253841939000818,0.3063014368724585,1.0119394417100795,0,baseline,1.0,-0.6586402486518901,1.0119394417100795,-0.3848421688396557,-0.9284488276068843
2026-07-15 19:03:00,Tidur,4,1.0,1.0,1,52.5,1.0,0.7999999999999841,1144.25,52.168796548639435,75.05775553976196,,1.1279917241712798,19.97908138250503,-1.3489815189531904,0.22483025315886507,0.07099902731333027,0.0676905624668394,-0.125398849428641,0.6157349310827313,1.5065851329160915,-0.5809138411360422,0.26889878865399014,-0.43609369900294703,0.2646861440724555,0.8185376708112044,0,baseline,1.0,-0.11570058873690547,0.8185376708112044,-0.1934017708988751,0.1914403979407806
2026-07-15 19:04:00,Tidur,4,1.0,1.0,1,53.75,3.0,1.9999999999999754,1116.75,42.57052971246658,76.19492546532653,,0.8581365772587901,-22.19488213265263,-0.5058680696074465,0.6744907594765952,0.28399610925330626,0.09947478494543167,-0.5968777629667851,0.48117613725181096,2.2158235077054775,-0.033268512100545405,0.006665206196612973,-0.021960014026415592,0.20709818155864135,0.21100501864165186,0,baseline,1.0,-0.1345587938309203,0.21100501864165186,-0.6075326521695525,-0.41413088127067743
2026-07-15 19:05:00,Tidur,4,1.0,1.0,1,56.5,3.0,6.399999999999957,1064.0,64.75080437080814,92.18278942767282,,1.123335091638906,1.90101791028982,1.3489815189531904,0.6744907594765952,1.0649854096998872,0.546340124691725,0.4926451661605188,0.8888272765346148,2.205416281813754,0.8019436801104459,0.15264952476493204,0.34266748402518404,0.31286533026667906,0.9390001400271849,0,baseline,1.0,0.40765113928280383,0.9390001400271849,0.727995121385533,1.3355277735550857
2026-07-15 19:06:00,Tidur,4,1.0,1.0,1,55.75,-3.0,-1.2000000000000073,1077.75,56.688476195196266,102.40117186829455,,1.1557160748883941,24.76474499310515,0.8431134493457441,-0.6744907594765952,-0.28399610925329744,0.8319468168514872,0.09661348734743797,0.6241636860895962,2.3588408509652803,0.21534136213356322,0.3032559500009931,-0.048315375173038626,0.26328384250200343,0.45824538258151,0,baseline,1.0,-0.26466359044501864,0.45824538258151,-0.4807547574456749,-1.2087498788312079
2026-07-15 19:07:00,Tidur,4,1.0,1.0,1,53.0,8.0,10.399999999999961,1136.25,82.43128451423445,84.76241305358565,,1.0027895721182865,-8.102934051293229,-1.011736139214893,1.7986420252709205,1.7749756828331464,0.3389384969782747,1.3611325411353108,1.3694395148661727,2.900668997792456,0.2443396044124938,0.6224816839646188,-0.20503044244470087,0.4276218391903004,0.8198068118998807,0,baseline,1.0,0.7452758287765765,0.8198068118998807,0.3615614293183707,0.8423161867640456
2026-07-15 19:08:00,Tidur,4,1.0,1.0,1,52.5,-1.0,-0.8000000000000344,1143.0,27.892651361962706,41.6132991562393,,0.9737844271300374,20.004679890708637,-1.3489815189531904,-0.22483025315886507,-0.21299708193997638,-0.8670914947017079,-1.3178735693825991,0.9385420548051062,2.021941541283617,-0.6865173555348962,-0.49038902740837736,-0.10745412247586048,0.3730245186738156,0.9286986365996509,0,baseline,1.0,-0.43089746006106644,0.9286986365996509,0.10889182469977021,-0.2526696046186005
2026-07-15 19:09:00,Tidur,4,1.0,1.0,1,53.5,3.0,7.199999999999958,1125.75,82.26127075766983,120.35641514546147,,1.3040873825943144,-12.55235817898657,-0.6744907594765952,0.6744907594765952,1.2069834643265391,1.3338009673605993,1.352781252032831,1.0932270385221823,2.5262407096284685,0.012424190452500615,0.8356820324367136,-0.4241911732277901,0.3783248900461601,1.0107357190278596,0,baseline,1.0,0.15468498371707606,1.0107357190278596,0.08203708242820873,-0.026854742271561483
2026-07-15 19:10:00,Tidur,4,1.0,1.0,1,54.0,3.0,7.199999999999966,1114.75,79.78042784208836,117.67327649045896,,0.8179619599753919,-22.292480307316776,-0.3372453797382976,0.6744907594765952,1.2069834643265407,1.2588064796993377,1.2309191343753958,1.0124462437716242,2.431326761781155,0.19536571111059092,0.7885259641298552,-0.3151365383456418,0.34836926886161634,0.9384099010945676,0,baseline,1.0,-0.0807807947505581,0.9384099010945676,-0.07232581793329207,-0.1543629003615008
2026-07-15 19:11:00,Tidur,4,1.0,1.0,1,55.5,2.0,0.7999999999999794,1082.0,48.249352327259274,79.43970459830945,,0.8176546830270639,2.4578423344648517,0.6744907594765952,0.44966050631773014,0.07099902731332944,0.19016728352291534,-0.31792686877952914,0.3998535499542579,1.8713803345037898,0.47500806942248003,-0.10934887478985005,0.3107689345456553,0.180692198423836,0.6056540627158037,0,baseline,1.0,-0.6125926938173663,0.6056540627158037,-0.3327558383787639,-0.2604300204454718
2026-07-15 19:12:00,Tidur,4,1.0,1.0,1,52.5,1.0,1.599999999999999,1142.5,12.12435565298214,12.12435565298214,,0.9069530589890924,11.772457045186437,-1.3489815189531904,0.22483025315886507,0.2129970819399846,-1.6913158431435869,-2.092432045002421,1.3531066981098867,2.6778133713406342,-0.5666273407786244,-0.8285631572259301,0.14307623412590037,0.49077984810651165,1.126463100553745,0,baseline,1.0,0.9532531481556288,1.126463100553745,0.5208090378379414,0.8535648762167053
2026-07-15 19:13:00,Tidur,4,1.0,1.0,1,54.5,6.0,4.79999999999999,1104.75,79.22699455783153,130.42622435691374,,0.9619292211763397,-3.9842936057712492,0.0,1.3489815189531904,0.7809893004465898,1.6152549955568463,1.2037337968523876,1.1390978167168369,3.1481892334914496,0.47912107673810383,0.8303690028501751,-0.19081840213522633,0.41848299601983807,1.0633011650610822,0,baseline,1.0,-0.21400888139304985,1.0633011650610822,-0.06316193549266291,-0.5839709733306043
2026-07-15 19:14:00,Tidur,4,1.0,1.0,1,55.25,-4.0,-8.400000000000007,1090.25,83.96973661186908,118.46377786761093,,0.8771291141506189,-19.14822558925652,0.5058680696074465,-0.8993210126354603,-1.5619786008931629,1.28090121776459,1.436703239043984,1.2007732561990612,3.074689990689242,-0.2221015795639391,0.7453889753379476,-0.4869998127641346,0.3863553554409812,0.9956772140158583,0,baseline,1.0,0.061675439482224315,0.9956772140158583,-0.0676239510452239,-0.004462015552560983
2026-07-15 19:15:00,Tidur,4,1.0,1.0,1,51.5,-1.0,-3.2000000000000215,1166.5,52.23983154643591,80.61430807658567,,0.8494347276673904,-0.18326770473616882,-2.023472278429786,-0.22483025315886507,-0.6389912458199292,0.22299778443431123,-0.12190952118262402,0.9610294958804751,2.584221324309608,-0.8554711823824254,0.45964875045518155,-0.6189590857242857,0.3679456109774093,1.2089674272369695,0,baseline,1.0,-0.23974376031858602,1.2089674272369695,0.2132902132211112,0.2809141642663351
2026-07-15 19:16:00,Tidur,4,1.0,1.0,1,53.5,4.0,7.999999999999985,1125.75,82.26127075766983,108.32205069452233,,1.228933471541803,-0.5882155462691374,-0.6744907594765952,0.8993210126354603,1.3489815189531955,0.9974370621094049,1.352781252032831,1.087047838467582,2.321535597043538,0.10082981377365986,0.7705514883442056,-0.35254493573609413,0.3637349940145038,0.9276353405940284,0,baseline,1.0,0.12601834258710676,0.9276353405940284,-0.28133208664294107,-0.49462229986405226
2026-07-15 19:17:00,Tidur,4,1.0,1.0,1,55.25,-1.0,1.9999999999999696,1089.25,75.36301037865547,130.16527954873374,,0.8557326820672714,7.093563939892918,0.5058680696074465,-0.22483025315886507,0.2839961092533052,1.6079615140362997,1.0139300443810808,0.8945053719431079,2.7625566015713634,0.2480911879249054,0.7765767097044624,-0.28274863786037585,0.3577139041876677,0.9340913515510575,0,baseline,1.0,-0.19254246652447404,0.9340913515510575,0.006456010957029079,0.28778809759997015
2026-07-15 19:18:00,Tidur,4,1.0,1.0,1,52.75,3.0,3.5999999999999788,1138.75,49.70160963188214,65.72924260428788,,1.082570058772737,-12.280390520862774,-1.1803588290840417,0.6744907594765952,0.5679922185066103,-0.19304402422065953,-0.24659016728452884,0.6736278818737751,1.4452022726502838,-0.34666771014589515,0.06814423677897395,-0.22426887751260507,0.2679819542572409,0.4969235308297254,0,baseline,1.0,-0.22087749006933277,0.4969235308297254,-0.4371678207213321,-0.44362383167836117
2026-07-15 19:19:00,Tidur,4,1.0,1.0,1,58.25,-1.0,-1.2000000000000264,1029.5,9.0,10.392304845413264,,1.00920537030971,-9.204861223495676,2.529340348037232,-0.22483025315886507,-0.2839961092533008,-1.7397271552741487,-2.245904315977765,1.708771593885001,3.381298258948661,0.8567747111419005,-0.9656976342720563,0.762583427440754,0.5734486561892909,1.6053073448980182,0,baseline,1.0,1.035143712011226,1.6053073448980182,1.1083838140682927,1.5455516347896248
2026-07-15 19:20:00,Tidur,4,1.0,1.0,1,55.75,-1.0,1.9999999999999825,1078.75,68.72832991811552,121.10739036078682,,0.8550491687255849,-12.642306986717994,0.8431134493457441,-0.22483025315886507,0.2839961092533075,1.3547909379737946,0.6880262131373756,0.7938364160019677,2.7490688774605165,0.41270132407170224,0.6342645054167267,-0.12126011369722095,0.32416429745270847,0.8321059744040613,0,baseline,1.0,-0.9149351778830332,0.8321059744040613,-0.7732013704939569,-1.8815851845622495
2026-07-15 19:21:00,Tidur,4,1.0,1.0,1,54.5,-8.0,-7.199999999999998,1105.25,84.48027383162692,136.47710430691296,,0.9071604276678427,20.318027633493323,0.0,-1.7986420252709205,-1.3489815189531835,1.7843788091562478,1.461781468041021,1.4405330310979994,3.2263711970487132,-0.6303157340513611,0.8733086214732998,-0.678858297785034,0.4800701528727618,1.3606181731415952,0,baseline,1.0,0.6466966150960316,1.3606181731415952,0.5285121987375339,1.3017135692314907
2026-07-15 19:22:00,Tidur,4,1.0,1.0,1,53.5,5.0,7.199999999999981,1122.5,50.00333322222963,40.24508251534176,,1.3147395939352,6.2737837586904135,-0.6744907594765952,1.1241512657943253,1.2069834643265431,-0.905333538512011,-0.23176912584090686,0.8998676213545789,2.09018579481583,0.14626631862279038,-0.39775366730748984,0.29059039645709756,0.30232365438695885,0.5961914007556629,0,baseline,1.0,-0.5406654097434205,0.5961914007556629,-0.7644267723859323,-1.292938971123466
2026-07-15 19:23:00,Tidur,4,1.0,1.0,1,56.25,-7.0,-9.199999999999989,1069.5,72.50517222929686,75.26840860104147,,0.8009306248950663,-8.197797078316373,1.1803588290840417,-1.5738117721120555,-1.703976655519811,0.07357837537411491,0.8735494476831965,1.2281831554668001,2.982300936464084,-0.07838156285605691,0.022779761060167318,-0.05558138614619437,0.38220143386311345,0.39475285108871416,0,baseline,1.0,0.32831553411222125,0.39475285108871416,-0.20143854966694874,0.5629882227189835
2026-07-15 19:24:00,Tidur,4,1.0,1.0,1,51.75,2.0,2.7999999999999776,1159.25,21.156165374030646,17.98147194568157,,0.6785078902001961,14.310638885014928,-1.8548495885606369,0.44966050631773014,0.42599416387995837,-1.5276077788121103,-1.648778215905383,1.332380405583681,2.6812377567797494,-0.6758148483910185,-0.7071244445409709,0.017218575928933756,0.4828100192981375,1.0909411915703064,0,baseline,1.0,0.10419725011688086,1.0909411915703064,0.6961883404815923,0.897626890148541
2026-07-15 19:25:00,Tidur,4,1.0,1.0,1,54.75,-7.0,-8.400000000000038,1097.5,58.614560193408145,59.250879037079834,,0.9636669206353803,-15.029945614949268,0.1686226898691488,-1.5738117721120555,-1.5619786008931682,-0.3741161263650403,0.19122515071959673,1.0120893428447402,2.3588239962523088,-0.5467248663132728,-0.18936851935601867,-0.19405361763029977,0.3066263349050764,0.68296781135064,0,baseline,1.0,-0.3202910627389408,0.68296781135064,-0.40797338021966645,-1.1041617207012586
2026-07-15 19:26:00,Tidur,4,1.0,1.0,1,55.0,4.0,6.399999999999991,1092.25,51.272962335588396,54.96059194246971,,0.8235146653298036,5.596881038056294,0.3372453797382976,0.8993210126354603,1.0649854096998932,-0.4940308694887825,-0.16940335031288747,0.682564377608621,1.456818191919235,0.5476575028059851,-0.36402407664761305,0.4632370038905942,0.2168777240295917,0.8331066784707856,0,baseline,1.0,-0.3295249652361192,0.8331066784707856,0.15013886712014557,0.558112247339812
2026-07-15 19:27:00,Tidur,4,1.0,1.0,1,54.25,1.0,1.9999999999999716,1105.75,20.1059692628831,27.110883423451916,,0.824442505029705,19.18160801790529,-0.1686226898691488,0.22483025315886507,0.2839961092533056,-1.272438134430244,-1.7003651669598987,0.966434327961097,1.9208014813730552,0.017304285408680915,-0.7973185229301981,0.42028864663811566,0.38061376786172574,0.978532397051777,0,baseline,1.0,0.283869950352476,0.978532397051777,0.1454257185809914,-0.004713148539154166
2026-07-15 19:28:00,Tidur,4,1.0,1.0,1,56.25,-1.0,-0.40000000000002134,1067.0,32.99494910841153,51.28352561983234,,1.0990951565428593,3.5225885986266743,1.1803588290840417,-0.22483025315886507,-0.14199805462664825,-0.5968059178257502,-1.0672423003103784,0.7693039044192491,1.7218757742433795,0.5083101789468015,-0.6810799346016208,0.574466847389942,0.318418341059154,1.0740817073253226,0,baseline,1.0,-0.19713042354184784,1.0740817073253226,0.09554931027354563,-0.049876408307445774
2026-07-15 19:29:00,Tidur,4,1.0,1.0,1,53.0,-1.0,-0.8000000000000228,1134.25,63.310741584663184,90.57777505179367,,1.1327245422589063,-6.518037906599325,-1.011736139214893,-0.22483025315886507,-0.21299708193997435,0.501479516916722,0.42190747471818957,0.5565993241379276,1.1814305709545936,-0.5755973270128506,0.5253044515801047,-0.5409488344997719,0.2398153655413694,0.9784651760847779,0,baseline,1.0,-0.21270458028132155,0.9784651760847779,-0.0956165312405447,-0.19116584151409033
2026-07-15 19:30:00,Tidur,4,1.0,1.0,1,56.5,2.0,3.1999999999999575,1061.75,24.143667216615345,26.166135875720485,,0.8568823296141801,-6.298955908163212,1.3489815189531904,0.44966050631773014,0.49699319119328067,-1.298844096783049,-1.502028375858566,1.1146329594215445,2.1993600448809016,0.7404103159496165,-0.8763159615850096,0.7109981010738943,0.420809658212129,1.4137666599084036,0,baseline,1.0,0.5580336352836169,1.4137666599084036,0.43530148382362566,0.5309180150641704
2026-07-15 19:31:00,Tidur,4,1.0,1.0,1,53.25,9.0,12.39999999999996,1131.75,87.83459834636159,75.1576121671429,,1.0836144051623111,8.889762750287801,-0.8431134493457441,2.0234722784297854,2.1299708193997753,0.0704815835704463,1.6265500981338326,1.548721338194695,3.7760407890336483,0.4323837903784358,0.546954252707271,-0.06293048293501906,0.45695872437408736,0.8359941496210487,0,baseline,1.0,0.43408837877315043,0.8359941496210487,-0.5777725102873549,-1.0130739941109805
2026-07-15 19:32:00,Tidur,4,1.0,1.0,1,53.75,5.0,6.799999999999977,1117.25,47.793828053421294,41.81307610465096,,1.038330094560463,-26.188875593996187,-0.5058680696074465,1.1241512657943253,1.1359844370132166,-0.8615076722388882,-0.34030279282760645,0.8565139430860795,1.851521070876254,0.22547374203601775,-0.4282333588677149,0.344807824892891,0.29163178552182745,0.6619393872771626,0,baseline,1.0,-0.6922073951086154,0.6619393872771626,-0.17405476234388606,0.4037177479434688
2026-07-15 19:33:00,Tidur,4,1.0,1.0,1,54.75,-4.0,-4.4000000000000155,1097.25,54.74410166097044,73.25298628724975,,0.9368962377521222,-24.653242174977503,0.1686226898691488,-0.8993210126354603,-0.8519883277599057,0.017246749141499252,0.0011033698902787068,0.5591770155731657,1.04592252804133,-0.2957466221406379,-0.02395839781536249,-0.1483799668195059,0.18505537250982562,0.37987126079974043,0,baseline,1.0,-0.29733692751291385,0.37987126079974043,-0.2820681264774222,-0.10801336413353613
2026-07-15 19:34:00,Tidur,4,1.0,1.0,1,53.75,2.0,4.399999999999994,1117.25,47.793828053421294,67.53270812477956,,1.129549701298403,0.55676878395216,-0.5058680696074465,0.44966050631773014,0.7099902731332646,-0.1426366505756706,-0.34030279282760645,0.4686863487723627,1.2795157054243547,-0.03681410076800276,-0.062271563172699086,0.014000689413178322,0.15833473581291846,0.1746394384562636,0,baseline,1.0,-0.09049066680080298,0.1746394384562636,-0.20523182234347684,0.07683630413394535
2026-07-15 19:35:00,Tidur,4,1.0,1.0,1,54.0,-4.0,-5.600000000000014,1113.25,59.37100863777427,72.49137879775773,,0.9644802954307534,2.2926253699419314,-0.3372453797382976,-0.8993210126354603,-1.064985409699883,-0.004040396555181304,0.22838284770643796,0.649443100313946,1.4453638757208822,-0.5476575028059841,0.12171610279024553,-0.3523772799121984,0.19808981555534932,0.6914859886383847,0,baseline,1.0,0.18075675154158333,0.6914859886383847,0.5168465501821211,0.7220783725255979
2026-07-15 19:36:00,Tidur,4,1.0,1.0,1,54.25,2.0,4.399999999999972,1107.25,49.56056900399752,71.29749878735812,,0.9342809181703746,17.40537715438813,-0.1686226898691488,0.44966050631773014,0.7099902731332607,-0.037409682015703584,-0.2535182599427961,0.4000963291152284,1.2009573372941569,0.14756881584662268,-0.05018814950821381,0.10833944481759848,0.11460084685003946,0.22173451504798464,0,baseline,1.0,-0.24934677119871762,0.22173451504798464,-0.4697514735904001,-0.9865980237725211
2026-07-15 19:37:00,Tidur,4,1.0,1.0,1,56.0,-1.0,-2.40000000000002,1071.25,26.399179280172074,38.75134406271177,,1.0558702923340413,16.447297960655128,1.011736139214893,-0.22483025315886507,-0.4969931911932772,-0.947083952619778,-1.391234792459719,0.9114453523148552,1.973870063291177,0.392250353098172,-0.789857271520955,0.571777124380887,0.35722785681281677,1.110079128048322,0,baseline,1.0,0.5113490231996268,1.110079128048322,0.8883446130003374,1.3580960865907374
2026-07-15 19:38:00,Tidur,4,1.0,1.0,1,53.0,3.0,3.999999999999981,1132.5,30.643106892089126,28.148416178061126,,0.8409918463536218,10.050983781490283,-1.011736139214893,0.6744907594765952,0.6389912458199365,-1.2434387991858182,-1.1827677417146476,0.9830500689597375,1.9292172214392211,-0.25266636118052455,-0.6511174058729327,0.21570592478993234,0.37518472527374347,0.8216366534978334,0,baseline,1.0,0.07160471664488222,0.8216366534978334,-0.28844247455048855,-1.176787087550826
2026-07-15 19:39:00,Tidur,4,1.0,1.0,1,55.0,6.0,7.199999999999968,1092.5,51.95190083144215,56.17235381692077,,1.2168553243130984,12.046832436534896,0.3372453797382976,1.3489815189531904,1.206983464326541,-0.46016178084795634,-0.13605303927777695,0.850946997390515,1.7633978796810574,0.6476423247456433,-0.3404056872677436,0.49557724535300235,0.28029818148641605,0.9270817058827274,0,baseline,1.0,-0.1321030715692224,0.9270817058827274,0.10544505238489399,0.39388752693538254
2026-07-15 19:40:00,Tidur,4,1.0,1.0,1,56.0,-4.0,-4.80000000000004,1073.0,56.11298126696412,71.94905605125523,,0.8408208604891381,18.072677439033782,1.011736139214893,-0.8993210126354603,-0.9229873550732359,-0.01919847138861392,0.06834445418334287,0.7333939599570606,1.4372943874020596,0.14713470674182025,-0.1933551303153555,0.18511052116045185,0.261476931116405,0.4020832238450354,0,baseline,1.0,-0.11755303743345447,0.4020832238450354,-0.5249984820376921,-0.630443534422586
2026-07-15 19:41:00,Tidur,4,1.0,1.0,1,56.5,0.0,-2.6233741619873606e-14,1061.5,10.969655114602888,15.513435037626794,,0.9617771040012308,-22.32227130063356,1.3489815189531904,0.0,-0.07099902731332326,-1.596590111537841,-2.1491523846834584,1.3411001422121844,2.6399260404438927,0.6238539124550433,-0.9335342419758804,0.694482853720485,0.48847668202856975,1.4076916523245904,0,baseline,1.0,0.6077061822551239,1.4076916523245904,1.005608428479555,1.530606910517247
2026-07-15 19:42:00,Tidur,4,1.0,1.0,1,54.25,-5.0,-8.400000000000045,1108.25,65.62710314090259,72.81254470671017,,0.8729446277326542,7.963797936966895,-0.1686226898691488,-1.1241512657943253,-1.5619786008931693,0.004936281840191799,0.5356900615682904,0.8965394624349022,2.471112660763947,-0.5812077630523739,0.16873276906858067,-0.3905656209415909,0.2449661487489453,0.760804264896219,0,baseline,1.0,-0.4445606797772822,0.760804264896219,-0.6468873874283714,-1.6524958159079264
2026-07-15 19:43:00,Tidur,4,1.0,1.0,1,54.5,-3.0,-4.000000000000029,1104.0,73.9774740489743,100.53689206787062,,1.0519914668339398,-8.128986232835157,0.0,-0.6744907594765952,-0.7809893004465823,0.7798396668056388,0.9458707609150484,0.7166175373668857,1.4146464807146002,-0.3090507895238273,0.5819323137549913,-0.45424874056310566,0.26865539562600904,0.8442009524986771,0,baseline,1.0,-0.17992192506801652,0.8442009524986771,0.08339668760245811,0.7302840750308295
2026-07-15 19:44:00,Tidur,4,1.0,1.0,1,52.75,1.0,0.40000000000000946,1137.75,36.55475345286848,56.57148869645675,,0.7862884688358801,-6.125243312050239,-1.1803588290840417,0.22483025315886507,8.926903486676965e-15,-0.449005847574537,-0.8923802430889987,0.69881962730648,1.8354560809150084,-0.5239349547326565,-0.22979829983913252,-0.16037849583581534,0.29489589023941154,0.6633249154119876,0,baseline,1.0,-0.017797910060405764,0.6633249154119876,-0.18087603708668953,-0.26427272468914764
2026-07-15 19:45:00,Tidur,4,1.0,1.0,1,52.25,3.0,5.1999999999999735,1149.5,45.52288801617636,53.21967054889887,,0.865866105159613,1.3091032643956568,-1.5176042088223392,0.6744907594765952,0.8519883277599126,-0.5426901170181477,-0.451854217657283,0.8924829664500685,1.8733116302689192,-0.46567765390847093,-0.10750522182387202,-0.19448552466422417,0.3320426701496034,0.6135878129274526,0,baseline,1.0,0.19366333914358858,0.6135878129274526,-0.049737102484535,0.13113893460215453
2026-07-15 19:46:00,Tidur,4,1.0,1.0,1,53.25,8.0,9.99999999999996,1129.75,69.87786964888573,63.91139700136953,,1.067833634357146,-13.079788497344586,-0.8431134493457441,1.7986420252709205,1.7039766555198204,-0.2438533252547171,0.7444930474714561,1.2217384505749165,2.7723111703169696,0.31984704067832626,0.21711522711771877,0.05644244546314312,0.37965351334217967,0.5447602143328585,0,baseline,1.0,0.32925548412484795,0.5447602143328585,-0.06882759859459409,-0.019090496110059085
2026-07-15 19:47:00,Tidur,4,1.0,1.0,1,54.75,-5.0,-8.40000000000003,1098.5,66.96018717616212,76.67246354896044,,0.9381867047186256,-3.0163127695540783,0.1686226898691488,-1.1241512657943253,-1.5619786008931669,0.11282211004698584,0.6011728225007653,0.9062079695746288,2.4208398354787346,-0.4452818076586546,0.17674510646699834,-0.32936409362870295,0.25071980709437613,0.6331317783314053,0,baseline,1.0,-0.3155304810002877,0.6331317783314053,0.08837156399854684,0.15719916259314093
2026-07-15 19:48:00,Tidur,4,1.0,1.0,1,56.0,2.0,1.5999999999999805,1072.5,49.86314604327863,73.47561953918229,,1.0724861049801921,-28.283164068111326,1.011736139214893,0.44966050631773014,0.21299708193998135,0.023469411780983856,-0.2386552960164119,0.5154957821081271,1.4940651491270915,0.618950836418728,-0.2440751668192447,0.4419602694653125,0.22377222115137974,0.8295032921611334,0,baseline,1.0,-0.3907121874665017,0.8295032921611334,0.19637151382972806,0.10799994983118122
2026-07-15 19:49:00,Tidur,4,1.0,1.0,1,55.75,-7.0,-10.800000000000049,1079.25,73.53627222897101,68.06124692755293,,1.2373063940269777,29.17866948061009,0.8431134493457441,-1.5738117721120555,-1.9879727647731251,-0.12786384088535352,0.9241983737750858,1.2657212403906588,3.563598084899361,-0.29736549616909924,-0.007898044681842915,-0.1578754623527824,0.3626626614927173,0.4949115931919326,0,baseline,1.0,0.7502254582825317,0.4949115931919326,-0.33459169896920077,-0.5309632127989288
2026-07-15 19:50:00,Tidur,4,1.0,1.0,1,56.25,2.0,1.9999999999999711,1068.0,53.040864749109566,75.09105583667517,,0.9828285396525598,36.72887967590681,1.1803588290840417,0.44966050631773014,0.28399610925330554,0.0686213152258584,-0.08256176491049837,0.5809682704482313,1.442331326008571,0.6786973439767984,-0.21553659052998891,0.45566661414946047,0.24682511970231713,0.8807047232443738,0,baseline,1.0,-0.6847529699424275,0.8807047232443738,0.38579313005244115,0.7203848290216419
2026-07-15 19:51:00,Tidur,4,1.0,1.0,1,52.5,-6.0,-5.6000000000000245,1145.5,65.01538279515087,104.05607462645641,,0.9313447778451558,-15.534385827848123,-1.3489815189531904,-1.3489815189531904,-1.0649854096998848,0.8782018190841023,0.5056415904300158,1.077089416236495,2.4942899750177934,-0.8633571160763133,0.7060271945304044,-0.697882908008559,0.38309042476200084,1.3702768830170402,0,baseline,1.0,0.4961211457882637,1.3702768830170402,0.48957215977266644,0.10377902972022529
2026-07-15 19:52:00,Tidur,4,1.0,1.0,1,56.75,-4.0,-3.600000000000028,1057.5,38.240467221692434,62.57795138864806,,0.9536028133563319,15.569113358347048,1.5176042088223392,-0.8993210126354603,-0.7099902731332561,-0.28112350894938354,-0.8095758670670552,0.9327840605593742,2.1169039140312025,0.4287690441077494,-0.5787178389897465,0.5036000421886585,0.35502251436114673,0.9478455668228684,0,baseline,1.0,-0.14430535567712077,0.9478455668228684,-0.42243131619417185,-0.9120034759668383
2026-07-15 19:53:00,Tidur,4,1.0,1.0,1,51.25,1.0,-0.40000000000001945,1171.75,42.050564800011905,73.9774740489743,,0.9578844061087761,-3.876586577688151,-2.1920949682989344,0.22483025315886507,-0.14199805462664788,0.037496387901720454,-0.6224190920615528,1.0261387767317969,2.885233023355359,-0.8208778020572955,0.2944549934510074,-0.5465391869229992,0.4007557221725453,1.1044701629175597,0,baseline,1.0,0.09335471617242264,1.1044701629175597,0.15662459609469137,0.5790559122888632
2026-07-15 19:54:00,Tidur,4,1.0,1.0,1,54.75,5.0,5.9999999999999885,1096.25,41.85988533190219,42.477444995354105,,1.099970520080678,-19.264827193235543,0.1686226898691488,1.1241512657943253,0.993986382386567,-0.8429383730029095,-0.631785506852147,0.8233901427203075,1.674980697946725,0.5220006646286375,-0.5752183952668037,0.5395144814291715,0.2928719291801296,0.9900559270564137,0,baseline,1.0,-0.20274863401148935,0.9900559270564137,-0.11441423586114607,-0.27103883195583744
2026-07-15 19:55:00,Tidur,4,1.0,1.0,1,55.25,0.0,1.200000000000004,1087.75,55.81143849307834,82.06095295571457,,0.9656934554293475,-17.64325086725351,0.5058680696074465,0.0,0.14199805462665965,0.26343191978389047,0.05353229467125817,0.2639424309579332,0.8696261901061103,0.2908798271330245,0.05703504969094323,0.1279101195798949,0.12022986062903318,0.3445000563193079,0,baseline,1.0,-0.5594477117623744,0.3445000563193079,-0.6455558707371057,-0.5311416348759597
2026-07-15 19:56:00,Tidur,4,1.0,1.0,1,55.25,5.0,9.199999999999957,1090.25,83.96973661186908,109.24132307266635,,0.6943391492616361,5.221570065624223,0.5058680696074465,1.1241512657943253,1.5619786008931682,1.0231309862349904,1.436703239043984,1.1891432995192115,2.506583281362469,0.6909490886730315,0.6754638710263511,0.008516663782058903,0.38194145893815856,1.0390447034741968,0,baseline,1.0,0.9252008685612783,1.0390447034741968,0.6945446471548888,1.3401005178919947
2026-07-15 19:57:00,Tidur,4,1.0,1.0,1,57.75,1.0,1.999999999999973,1038.5,17.233687939614086,23.2379000772445,,1.0577895638804693,1.102275047514377,2.1920949682989344,0.22483025315886507,0.2839961092533059,-1.3806891192341404,-1.8414552304875293,1.4306461891543574,2.9479370662412765,0.8657107683869519,-0.9299691632220891,0.7563473517345256,0.5095827550533958,1.563980076525516,0,baseline,1.0,0.24150288963514588,1.563980076525516,0.5249353730513193,-0.16960927410356952
2026-07-15 19:58:00,Tidur,4,1.0,1.0,1,57.25,-2.0,-2.8000000000000123,1047.75,22.983689869122408,25.93581821856921,,1.0471090009558268,16.23253557898309,1.8548495885606369,-0.44966050631773014,-0.5679922185066016,-1.305281540731463,-1.559007919026059,1.272756246857174,2.4507937043644645,0.6640760638831669,-0.9012103822362862,0.6967249675724159,0.46397552836963074,1.3978111972071532,0,baseline,1.0,-0.15788994229718334,1.3978111972071532,-0.16616887931836288,-0.6911042523696822
2026-07-15 19:59:00,Tidur,4,1.0,1.0,1,55.5,2.0,3.99999999999998,1081.75,36.998873856736054,49.32207078648124,,0.9806286688714041,19.00524077475154,0.6744907594765952,0.44966050631773014,0.6389912458199364,-0.6516291376484072,-0.8705644914465807,0.6705140169445821,1.4970998957593553,0.5382700462727324,-0.611263000268137,0.5595948825965229,0.26161134990193835,1.022234820986345,0,baseline,1.0,-0.6022422299125919,1.022234820986345,-0.3755763762208082,-0.2094074969024453
2026-07-15 20:00:00,Tidur,4,1.0,1.0,1,53.0,3.0,5.599999999999973,1134.25,61.76501167057824,79.18333157931662,,0.7524456289943948,4.686962173503534,-1.011736139214893,0.6744907594765952,0.9229873550732384,0.1830015848089514,0.34597928133127115,0.7047899972035576,1.5005234773563054,-0.2123772222716203,0.3709229960255842,-0.3102437711696343,0.24846259552273797,0.583671836260631,0,baseline,1.0,0.03427598025897549,0.583671836260631,-0.438562984725714,-0.06298660850490578
2026-07-15 20:01:00,Tidur,4,1.0,1.0,1,53.0,3.0,1.5999999999999883,1134.25,61.76501167057824,104.1569328785495,,1.1474558550314127,-24.79762343819619,-1.011736139214893,0.6744907594765952,0.2129970819399827,0.8810208358829656,0.34597928133127115,0.6956744832604027,2.4619073344685094,-0.31145696921430865,0.6489041743726527,-0.48400290970694665,0.2914687477840434,0.9150382061586313,0,baseline,1.0,-0.009115513943154907,0.9150382061586313,0.3313663698980003,0.7699293546237143
2026-07-15 20:02:00,Tidur,4,1.0,1.0,1,53.25,1.0,2.7999999999999714,1128.25,53.91582946284576,78.60661549767933,,0.9445343321260828,-25.81875124270979,-0.8431134493457441,0.22483025315886507,0.42599416387995725,0.16688220648768526,-0.03958240002538536,0.44097083715295954,1.1964072460913815,-0.32064351032845134,0.24540017477720247,-0.3016411343994005,0.18032499245545175,0.5352924278954907,0,baseline,1.0,-0.25470364610744317,0.5352924278954907,-0.3797457782631406,-0.7111121481611409
2026-07-15 20:03:00,Tidur,4,1.0,1.0,1,54.0,-2.0,-3.200000000000015,1112.5,53.475851247704945,71.27411872482185,,0.8576799778069162,-12.872449313672988,-0.3372453797382976,-0.44966050631773014,-0.6389912458199279,-0.03806316140564389,-0.06119468215878717,0.3819508928414638,0.9248692073004077,-0.39375118391298786,0.031205531550974736,-0.22956118717559573,0.11901333338041242,0.4720977570504276,0,baseline,1.0,-0.059019944311495764,0.4720977570504276,-0.06319467084506308,0.3165511074180775
2026-07-15 20:04:00,Tidur,4,1.0,1.0,1,54.5,-5.0,-6.400000000000044,1103.25,66.33940508224856,78.41343422313977,,1.2766350057240192,-17.70775270212417,0.0,-1.1241512657943253,-1.20698346432654,0.16148273498335858,0.5706792269196068,0.7838720055315085,1.7678029386698293,-0.47638139328015966,0.22743730641690907,-0.3688577200598886,0.24738884045771714,0.6898726087072294,0,baseline,1.0,0.4019211126900447,0.6898726087072294,0.21777485165680183,0.2809695225018649
2026-07-15 20:05:00,Tidur,4,1.0,1.0,1,53.75,2.0,4.399999999999986,1118.0,57.05552850805375,82.42572413997951,,1.0028275101214317,-26.960715243837328,-0.5058680696074465,0.44966050631773014,0.7099902731332632,0.2736273780120882,0.11464355763320135,0.4583008509786328,1.2327364877175875,-0.03681410076800297,0.2732100695656279,-0.16887974341545398,0.1523132300153507,0.3573775425249754,0,baseline,1.0,-0.32557115455287566,0.3573775425249754,-0.33249506618225405,-0.5502699178390559
2026-07-15 20:06:00,Tidur,4,1.0,1.0,1,51.75,-4.0,-4.4000000000000306,1160.0,37.88579329159327,48.176757881783615,,0.9924951844557819,20.31569670814491,-1.8548495885606369,-0.8993210126354603,-0.8519883277599084,-0.6836409587071105,-0.8269978956559307,1.1069254600407088,2.3209419700817793,-0.8891310799600127,-0.20867161673258738,-0.3577058964471677,0.4052659917722997,1.0612690297096716,0,baseline,1.0,0.648624609062076,1.0612690297096716,0.7038914871846962,1.0363865533669503
2026-07-15 20:07:00,Tidur,4,1.0,1.0,1,53.0,-1.0,-1.6000000000000152,1132.0,17.146428199482248,21.0,,0.9727456995836958,5.591520424478489,-1.011736139214893,-0.22483025315886507,-0.3549951365666247,-1.443239062159059,-1.845741538440329,1.1567092134482828,2.284913889133595,-0.589665575342474,-0.7829195128074522,0.10589119726798521,0.43610165955441005,1.0779916777988534,0,baseline,1.0,0.049783753407574016,1.0779916777988534,0.01672264808918178,-0.6871688390955144
2026-07-15 20:08:00,Tidur,4,1.0,1.0,1,55.25,0.0,-2.8000000000000234,1088.0,61.204574992397426,104.17613290320709,,0.8368652241129371,7.9132808085858155,0.5058680696074465,0.0,-0.5679922185066036,0.8815574820266882,0.3184499283089316,0.5398280494916166,2.441095190291123,0.19066638778705355,0.43276630998504073,-0.13237354204732346,0.2119277743626523,0.534861184486492,0,baseline,1.0,-0.6168811639566663,0.534861184486492,-0.5431304933123614,-0.5598531414015432
2026-07-15 20:09:00,Tidur,4,1.0,1.0,1,56.5,-1.0,-4.000000000000023,1063.75,61.28825336065631,98.81632793555256,,1.0622946910512594,-0.22208320018997085,1.3489815189531904,-0.22483025315886507,-0.7809893004465812,0.7317494105115914,0.3225603147804413,0.7899046050100095,2.5348156977302994,0.5060029154579367,0.21012866444153463,0.16130944949179588,0.2982975521839857,0.6443564030924336,0,baseline,1.0,0.2500765555183929,0.6443564030924336,0.10949521860594158,0.652625711918303
2026-07-15 20:10:00,Tidur,4,1.0,1.0,1,52.0,-3.0,-3.2000000000000095,1154.75,47.23963731161929,66.34505759034856,,1.0422786270248248,-5.901540891743844,-1.6862268986914881,-0.6744907594765952,-0.6389912458199271,-0.17583182041313591,-0.3675253376158998,0.880068230716688,1.9165587248645288,-0.8413043718584902,0.1475710957616997,-0.4959204972470479,0.3404453864613971,1.0447059276012205,0,baseline,1.0,0.09016362570667857,1.0447059276012205,0.4003495245087869,0.29085430590284533
2026-07-15 20:11:00,Tidur,4,1.0,1.0,1,54.75,-1.0,0.39999999999997576,1097.75,60.466933112239126,93.11104481567514,,1.1619523209376865,6.797191840207811,0.1686226898691488,-0.22483025315886507,2.9460752124905215e-15,0.5722851264948372,0.2822160333596283,0.3118135371553458,1.1506599938309579,0.02528801098925265,0.3377815965031375,-0.1701988826381139,0.1443610409103605,0.40563981587115705,0,baseline,1.0,-0.5682546935613422,0.40563981587115705,-0.6390661117300634,-1.0394156362388505
2026-07-15 20:12:00,Tidur,4,1.0,1.0,1,53.75,-4.0,-2.000000000000002,1120.0,78.28580118173836,134.64645062780775,,0.7915037887290183,-15.998273278862383,-0.5058680696074465,-0.8993210126354603,-0.4259941638799482,1.7332115187541157,1.1575011969503575,1.0573535837135342,2.868128973248201,-0.5454792377239303,0.872585580303252,-0.6526697691377459,0.4054940852064962,1.2842727414473978,0,baseline,1.0,0.7455400465581883,1.2842727414473978,0.8786329255762407,1.5176990373063042
2026-07-15 20:13:00,Tidur,4,1.0,1.0,1,55.5,-4.0,-7.199999999999998,1083.0,58.457962103834355,70.1237002256251,,1.1703491309682261,-10.442110160762674,0.6744907594765952,-0.8993210126354603,-1.3489815189531835,-0.0702176852810479,0.18353285601737532,0.7902002327800651,2.0978517612726635,-0.10082981377365807,-0.12694606942000314,0.014362952817578621,0.2252225382255838,0.2778730681898362,0,baseline,1.0,-0.26715335093346904,0.2778730681898362,-1.0063996732575615,-1.8850325988338024
2026-07-15 20:14:00,Tidur,4,1.0,1.0,1,54.5,4.0,4.799999999999975,1101.5,34.45286635390443,36.157064777624484,,0.8653316348080965,-12.406969874779953,0.0,0.8993210126354603,0.7809893004465871,-1.019594795647815,-0.9956275754161914,0.8306106654047916,1.6301912137387717,0.3687232947789312,-0.6694159190470828,0.5160761129589192,0.3139495194273374,0.9741526553378194,0,baseline,1.0,0.04041043262472643,0.9741526553378194,0.6962795871479832,1.7026792604055447
2026-07-15 20:15:00,Tidur,4,1.0,1.0,1,54.25,3.0,5.19999999999998,1106.75,44.924937395615814,52.55156198122627,,1.0612260722585094,-18.787637738377537,-0.1686226898691488,0.6744907594765952,0.8519883277599137,-0.561363941287829,-0.4812263026121285,0.5926151762655257,1.2153795203140116,0.23304127672596087,-0.3759479493063412,0.32295622671762486,0.20303529495753614,0.584096869209114,0,baseline,1.0,-0.23799548913926583,0.584096869209114,-0.3900557861287054,-1.0863353732766887
2026-07-15 20:16:00,Tidur,4,1.0,1.0,1,55.75,3.0,0.3999999999999625,1080.25,83.0516907313351,144.66167426101498,,0.8890316887194456,9.52647604567933,0.8431134493457441,0.6744907594765952,5.911856613693355e-16,2.013139864531175,1.3916076731756655,1.19625098564582,3.6071434244619143,0.582381935032588,0.8582087431949899,-0.15055156486395194,0.4501586477516001,1.1406136712213997,0,baseline,1.0,0.6036358093802944,1.1406136712213997,0.5565168020122857,0.9465725881409911
2026-07-15 20:17:00,Tidur,4,1.0,1.0,1,54.25,8.0,11.599999999999962,1109.75,79.76789245471305,65.15110641168472,,0.8362903949007787,-5.761480473917651,-0.1686226898691488,1.7986420252709205,1.9879727647731242,-0.20920309504686158,1.2303033804146686,1.324612758728077,3.433218698246687,0.6321841874868537,0.22245617433088355,0.22161169188712615,0.3879653299075754,0.8054641119241217,0,baseline,1.0,0.12836177308225682,0.8054641119241217,-0.33514955929727797,-0.8916663613095637
2026-07-15 20:18:00,Tidur,4,1.0,1.0,1,52.75,-5.0,-7.600000000000023,1139.0,57.42241142039695,51.54932912592882,,1.2164320413218408,-15.122748715530182,-1.1803588290840417,-1.1241512657943253,-1.4199805462665138,-0.5893766343181284,0.13266530675309288,1.003819972530437,2.7850686812179606,-0.8334836603874058,-0.054863909061884195,-0.4038501248824975,0.32206997181732977,0.9821043991166946,0,baseline,1.0,-0.32079278619763985,0.9821043991166946,0.17664028719257285,0.5117898464898508
2026-07-15 20:19:00,Tidur,4,1.0,1.0,1,55.0,5.0,5.599999999999984,1094.0,74.4222189044822,98.86691391292977,,0.9850355516249922,-3.3891243128535358,0.3372453797382976,1.1241512657943253,0.9229873550732403,0.7331633029502751,0.9677171864057726,0.860623164204284,1.744636911884825,0.5791471265889458,0.5210063310413993,0.03196654242847512,0.31448719615981724,0.8407039000770411,0,baseline,1.0,-0.1431968083261531,0.8407039000770411,-0.14140049903965346,-0.3180407862322263
2026-07-15 20:20:00,Tidur,4,1.0,1.0,1,56.0,6.0,8.799999999999962,1073.25,61.802777715353,57.06429122781894,,0.829896143371555,12.138815006138248,1.011736139214893,1.3489815189531904,1.4909795735798432,-0.435231876822494,0.3478343968498285,1.0369953516711017,2.4328390070640578,0.8289579987803695,-0.34059562356197415,0.5671114249527157,0.327733564500964,1.110045674800786,0,baseline,1.0,0.1763721874668177,1.110045674800786,0.269341774723745,0.41074227376339845
2026-07-15 20:21:00,Tidur,4,1.0,1.0,1,55.25,1.0,2.799999999999943,1086.75,45.065692790266375,67.84541251993387,,1.0071396288730319,26.540909392630443,0.5058680696074465,0.22483025315886507,0.4259941638799522,-0.13389647389478995,-0.4743122209683074,0.3823146669760316,1.2270475060116883,0.38811230042270495,-0.28525632012282576,0.3543002131835344,0.15272795123463034,0.6171359607571459,0,baseline,1.0,-0.6546806846950701,0.6171359607571459,-0.49290971404364015,-0.7622514887673851
2026-07-15 20:22:00,Tidur,4,1.0,1.0,1,53.75,1.0,-1.19999999999999,1117.75,51.52588346323299,93.0967238950974,,0.9635791562719546,8.643006564779322,-0.5058680696074465,0.22483025315886507,-0.2839961092532943,0.5718848526962531,-0.1569795470879855,0.38439557739449004,2.408344035819399,-0.24809118792490384,0.35963393700576224,-0.32233334701579053,0.16590143051063644,0.5677216548768702,0,baseline,1.0,0.002080910418458426,0.5677216548768702,-0.04941430588027573,0.4434954081633644
2026-07-15 20:23:00,Tidur,4,1.0,1.0,1,53.75,-6.0,-6.800000000000028,1118.0,56.868268832451726,70.81195755896975,,1.2289015362393232,-16.856627992515683,-0.5058680696074465,-1.3489815189531904,-1.277982491639863,-0.05098069728676175,0.1054451273426813,0.8628569519497207,1.7595828226732892,-0.7037134665812512,0.09916849323578683,-0.4149574485407526,0.2761824900539487,0.8680515451344516,0,baseline,1.0,0.47846137455523063,0.8680515451344516,0.3003298902575814,0.3497441961378571
2026-07-15 20:24:00,Tidur,4,1.0,1.0,1,54.5,-4.0,-5.600000000000021,1101.5,39.17056718166503,33.48631561299829,,0.858503005951711,1.242488170091553,0.0,-0.8993210126354603,-1.0649854096998843,-1.0942429935333233,-0.7638881896879375,0.8630023292996124,1.8724616776755383,-0.40494024874178547,-0.6599955197665742,0.13936741141182116,0.30221080866281,0.8428080086231211,0,baseline,1.0,0.0001453773498917288,0.8428080086231211,-0.02524353651133049,-0.3255734267689119
2026-07-15 20:25:00,Tidur,4,1.0,1.0,1,52.0,1.0,1.5999999999999874,1153.5,17.97220075561143,22.35322497239865,,1.0163776465187735,-13.66840301567864,-1.6862268986914881,0.22483025315886507,0.21299708193998254,-1.405416039742289,-1.8051785540767225,1.2785258237817934,2.621713028956804,-0.6794147217624656,-0.7099227388543673,0.016777834838242984,0.4713804122286833,1.0899888293302815,0,baseline,1.0,0.41552349448218096,1.0899888293302815,0.2471808207071604,0.2724243572184909
2026-07-15 20:26:00,Tidur,4,1.0,1.0,1,54.5,-2.0,-2.875087623988702e-14,1102.25,52.5,96.14918963083707,,0.8073510930531396,-0.7133386594745543,0.0,-0.44966050631773014,-0.0709990273133237,0.6572021371863978,-0.10912972021261816,0.36084882645712135,2.1304520474461985,-0.1445288672275199,0.3222705528172026,-0.2512435265912102,0.16449970943082526,0.4636058312100804,0,baseline,1.0,-0.917676997324672,0.4636058312100804,-0.6263829981202012,-0.8735638188273616
2026-07-15 20:27:00,Tidur,4,1.0,1.0,1,54.0,4.0,2.399999999999967,1113.75,66.8649135695745,118.69568933481395,,1.1621379239812075,30.113873648727292,-0.3372453797382976,0.8993210126354603,0.3549951365666307,1.2873832091567365,0.5964928633696536,0.7825207396840144,2.9134609313593613,0.13669945016431,0.7280818266003806,-0.31425554454958826,0.31827128464524634,0.8653571770147082,0,baseline,1.0,0.421671913226893,0.8653571770147082,0.40175134580462774,1.028134343924829
2026-07-15 20:28:00,Tidur,4,1.0,1.0,1,55.0,-3.0,-5.600000000000028,1092.0,49.2679747232757,63.153252753388195,,0.798032639378488,11.159723448009274,0.3372453797382976,-0.6744907594765952,-1.0649854096998854,-0.26504367236730025,-0.26789085823963665,0.6074339163790724,1.5989551875090093,-0.17479648224866615,-0.27308629778632226,0.054006798635685596,0.17180398798554475,0.3708952423956943,0,baseline,1.0,-0.17508682330494196,0.3708952423956943,-0.49446193461901383,-0.8962132804236416
2026-07-15 20:29:00,Tidur,4,1.0,1.0,1,55.75,0.0,-2.8000000000000225,1077.75,56.470493770345826,97.49871794028884,,0.963308365763705,-8.203381613501627,0.8431134493457441,0.0,-0.5679922185066035,0.6949218368236159,0.0859059170544792,0.5520419612005977,2.4933800061726252,0.36141588712656664,0.23082507381929893,0.07170169092448116,0.21734628718418703,0.4860886742204028,0,baseline,1.0,-0.05539195517847473,0.4860886742204028,0.11519343182470848,0.6096553664437223
2026-07-15 20:30:00,Tidur,4,1.0,1.0,1,54.5,2.0,0.79999999999997,1102.25,49.62106407565239,81.83316361150085,,0.9133085504721881,-9.886555060803602,0.0,0.44966050631773014,0.07099902731332776,0.2570651429003505,-0.2505466660972531,0.25926494263906263,1.7590104577185537,0.14452886722752048,0.0785867790426047,0.03625225474875683,0.12072419012923241,0.20725113114067492,0,baseline,1.0,-0.29277701856153504,0.20725113114067492,-0.27883754307972786,-0.39403097490443634
2026-07-15 20:31:00,Tidur,4,1.0,1.0,1,55.0,4.0,1.5999999999999905,1094.75,78.99947257207903,142.64291079475348,,1.003231418644508,-29.51696549573127,0.3372453797382976,0.8993210126354603,0.2129970819399831,1.9567148521378395,1.1925576313550545,1.1152405304253814,3.6807183134287227,0.4520158109098842,0.8634847240225416,-0.22252196918527145,0.42626206848145964,1.0868024382237043,0,baseline,1.0,0.8559755877863188,1.0868024382237043,0.8795513070830293,1.158388850162757
2026-07-15 20:32:00,Tidur,4,1.0,1.0,1,55.0,-7.0,-8.000000000000018,1092.75,60.174053101537595,69.57489968851314,,0.9553099213094238,21.70966226723532,0.3372453797382976,-1.5738117721120555,-1.4909795735798388,-0.08555681620229284,0.26782939964757185,0.9892108556965887,2.1047750074924134,-0.47018320240906075,-0.04751217501024987,-0.22836996417479516,0.3060490317752176,0.6075759219962471,0,baseline,1.0,-0.12602967472879267,0.6075759219962471,-0.47922651622745716,-1.3587778233104864
2026-07-15 20:33:00,Tidur,4,1.0,1.0,1,55.25,6.0,6.799999999999982,1089.25,75.36301037865547,97.02405200086557,,1.0581679670120325,-5.452718708135453,0.5058680696074465,1.3489815189531904,1.1359844370132175,0.6816547889686974,1.0139300443810808,0.9857810780984222,2.0077724221603805,0.6927997084340362,0.48325243569673176,0.11474341165265274,0.34452532430525507,0.9194390149533794,0,baseline,1.0,-0.003429777598166539,0.9194390149533794,0.3118630929571323,0.7910896091845895
2026-07-15 20:34:00,Tidur,4,1.0,1.0,1,55.75,-1.0,-1.2000000000000073,1075.75,18.191115047370424,24.528894525980306,,0.9212637734614645,-19.4795301586966,0.8431134493457441,-0.22483025315886507,-0.28399610925329744,-1.3446054576328417,-1.7944252093116524,1.0835098882597574,2.0660141732641466,0.33962086956659715,-0.875639925298322,0.5839220949995935,0.41609687675857354,1.181604518313372,0,baseline,1.0,0.09772881016133517,1.181604518313372,0.26216550335999267,-0.04969758959713966
2026-07-15 20:35:00,Tidur,4,1.0,1.0,1,57.75,0.0,-1.2000000000000428,1039.0,35.04283093587046,54.57716250105594,,0.7792324080022431,16.69405727356419,2.1920949682989344,0.0,-0.2839961092533037,-0.504747831304922,-0.9666477747001864,1.1022805843933172,2.58057597335933,0.8220322837982582,-0.7432457192778985,0.6967225780493923,0.4215884109360727,1.375249218807593,0,baseline,1.0,0.01877069613355986,1.375249218807593,0.193644700494221,-0.06852080286577167
2026-07-15 20:36:00,Tidur,4,1.0,1.0,1,55.5,4.0,2.3999999999999644,1083.0,58.457962103834355,105.37551897855593,,1.0377357917112964,-9.857515761285223,0.6744907594765952,0.8993210126354603,0.3549951365666302,0.9150806635667617,0.18353285601737532,0.6724276236807384,2.8632264985245737,0.6005554298025829,0.3921002418187743,0.1141506323986963,0.278706257767968,0.7778926461252565,0,baseline,1.0,-0.42985296071257884,0.7778926461252565,-0.5973565726823366,-0.7910012731765576
2026-07-15 20:37:00,Tidur,4,1.0,1.0,1,53.5,7.0,9.59999999999998,1123.75,65.71846518800227,50.40502620440412,,0.9164537243890993,6.129855548046153,-0.6744907594765952,1.5738117721120555,1.632977628206498,-0.6213602260602217,0.5401778799880534,1.120385459155796,2.8847113770784816,0.3329303105687671,-0.07168234598799957,0.21893475701205758,0.34612258047524946,0.532648307013674,0,baseline,1.0,0.44795783547505763,0.532648307013674,-0.2452443391115825,0.35211223357075405
2026-07-15 20:38:00,Tidur,4,1.0,1.0,1,53.75,2.0,5.199999999999967,1119.25,71.14011995116867,104.48923389517219,,0.8416227465462315,-11.935956534610817,-0.5058680696074465,0.44966050631773014,0.8519883277599115,0.8903087437010997,0.8064963665384689,0.7248540865277363,1.8207285596311769,-0.015529788581964113,0.659804606780709,-0.35524530836287466,0.2653173554784477,0.7950948507532654,0,baseline,1.0,-0.3955313726280597,0.7950948507532654,0.2624465437395913,0.5076908828511738
2026-07-15 20:39:00,Tidur,4,1.0,1.0,1,55.0,-3.0,-6.400000000000024,1094.0,74.4222189044822,106.97040089046439,,1.1779607622766273,15.79892132353358,0.3372453797382976,-0.6744907594765952,-1.2069834643265365,0.959658066095248,0.9677171864057726,0.8812379327535336,2.343924844730234,-0.1953657111105903,0.6058206846496368,-0.4141851669330179,0.2941045405935674,0.8143913655805705,0,baseline,1.0,0.15638384622579726,0.8143913655805705,0.0192965148273051,-0.2431500289122862
2026-07-15 20:40:00,Tidur,4,1.0,1.0,1,53.5,-5.0,-4.00000000000003,1123.75,65.71846518800227,112.5062961201135,,1.0893165663372906,-3.598420100540732,-0.6744907594765952,-1.1241512657943253,-0.7809893004465824,1.114387910458647,0.5401778799880534,0.8788914264484684,2.379098455866979,-0.6779786687129961,0.7078471973488535,-0.6423734611514028,0.331858899544047,1.217980592137121,0,baseline,1.0,-0.0023465063050651658,1.217980592137121,0.4035892265565505,0.3842927117292454
2026-07-15 20:41:00,Tidur,4,1.0,1.0,1,53.0,0.0,1.5999999999999883,1136.25,80.04321749321842,117.48191350161096,,0.9725024508310487,11.400908104618328,-1.011736139214893,0.0,0.2129970819399827,1.2534578297966474,1.2438276918596418,0.9151220279748281,1.8527485793847076,-0.4811697349106874,0.8344781183512416,-0.6191381712894821,0.3655999191983863,1.20202887646953,0,baseline,1.0,0.03623060152635971,1.20202887646953,-0.015951715667591015,-0.4195409422241415
2026-07-15 20:42:00,Tidur,4,1.0,1.0,1,56.75,-2.0,-2.800000000000013,1057.0,23.57965224510319,26.407069760451147,,0.8335385874574229,-6.662024003976619,1.5176042088223392,-0.44966050631773014,-0.5679922185066019,-1.2921099262578224,-1.5297334991403677,1.1694071066816274,2.2113752226514807,0.547346774947874,-0.8846177051211495,0.657036190456692,0.4348945486729573,1.3049777010719168,0,baseline,1.0,0.2542850787067993,1.3049777010719168,0.10294882460238686,0.11890054026997787
2026-07-15 20:43:00,Tidur,4,1.0,1.0,1,56.25,1.0,-0.399999999999991,1067.0,32.99494910841153,59.941638282582836,,1.078175321434896,-25.26912059487254,1.1803588290840417,0.22483025315886507,-0.14199805462664283,-0.354809209215159,-1.0672423003103784,0.7387631228161777,2.3242217268733327,0.601405850037674,-0.6031142007336857,0.5800154753092843,0.30789275362566193,1.0754773986093884,0,baseline,1.0,-0.43064398386544966,1.0754773986093884,-0.2295003024625284,-0.33244912706491525
2026-07-15 20:44:00,Tidur,4,1.0,1.0,1,54.75,-4.0,-2.000000000000023,1099.25,74.78580524850065,132.84201142710842,,0.9328009148473488,-3.6827271148938046,0.1686226898691488,-0.8993210126354603,-0.4259941638799519,1.6827769304707099,0.9855770039521121,0.9820166140559744,2.8850987743167646,-0.23639564738078755,0.8138060863674405,-0.5209268533221058,0.38225528115767415,1.065667459761381,0,baseline,1.0,0.24325349123979667,1.065667459761381,-0.009809938848007294,0.2196903636145211
2026-07-15 20:45:00,Tidur,4,1.0,1.0,1,54.25,-6.0,-7.600000000000031,1108.0,61.98386886924694,64.44894620291838,,1.0209145821434937,-25.99993276394207,-0.1686226898691488,-1.3489815189531904,-1.4199805462665152,-0.2288286723588575,0.35672982161208966,0.8993495681560342,2.204299783730613,-0.6109489214101061,-0.0029487678737346516,-0.32246888981297334,0.2727014585847798,0.7427109466108758,0,baseline,1.0,-0.08266704589994023,0.7427109466108758,-0.32295651315050533,-0.31314657430249804
2026-07-15 20:46:00,Tidur,4,1.0,1.0,1,55.0,5.0,3.1999999999999784,1094.75,80.35494176879644,140.52401929919313,,1.1293006546482955,-23.83103818496623,0.3372453797382976,1.1241512657943253,0.4969931911932844,1.897491232880189,1.2591399795133982,1.1670783361454773,3.5139300595986236,0.5351107615854391,0.8593767359532707,-0.17647912767261206,0.4360892938139088,1.1163290984944565,0,baseline,1.0,0.2677287679894431,1.1163290984944565,0.3736181518835807,0.696574665034086
2026-07-15 20:47:00,Tidur,4,1.0,1.0,1,53.25,1.0,1.9999999999999711,1126.75,26.424420523447623,36.373066958946424,,1.1276108027041358,-2.1227613059555575,-0.8431134493457441,0.22483025315886507,0.28399610925330554,-1.01355747331572,-1.389994910910369,0.8719434987824664,1.8062098486689733,-0.3396208695665961,-0.6269243199365926,0.15671470952446925,0.35035031694599417,0.8097414913036304,0,baseline,1.0,-0.29513483736301094,0.8097414913036304,-0.3065876071908261,-0.6802057590744068
2026-07-15 20:48:00,Tidur,4,1.0,1.0,1,53.25,3.0,1.9999999999999711,1127.25,44.02556075736003,79.08012814017607,,0.6964090227704183,-1.0176130744203178,-0.8431134493457441,0.6744907594765952,0.28399610925330554,0.18011701936586663,-0.5254048118684415,0.5576601510163273,2.3243365545440566,-0.21534136213356206,0.13549736855872396,-0.19060153006146924,0.2377665013941247,0.39698021560129676,0,baseline,1.0,-0.3142833477661391,0.39698021560129676,-0.4127612757023336,-0.1061736685115075
2026-07-15 20:49:00,Tidur,4,1.0,1.0,1,55.0,-2.0,-3.9999999999999973,1094.75,80.35494176879644,113.79806676741042,,0.7487016260745231,-7.902910626883121,0.3372453797382976,-0.44966050631773014,-0.7809893004465767,1.1504932670302395,1.2591399795133982,0.8757786877972875,1.9529338456359464,-0.0664634628460135,0.7064730284141653,-0.4012308348871524,0.3307243626159101,0.879708087186941,0,baseline,1.0,0.31811853678096025,0.879708087186941,0.4827278715856443,0.8954891472879779
2026-07-15 20:50:00,Tidur,4,1.0,1.0,1,55.75,0.0,-1.2000000000000377,1079.75,78.24906815206599,113.79806676741042,,0.9119438764864738,3.567868969457108,0.8431134493457441,0.0,-0.2839961092533029,1.1504932670302395,1.1556968244301409,0.8307543543092046,1.869379744910993,0.39786764402149766,0.636978572460148,-0.13075805185239678,0.33667766221033324,0.8333605943937081,0,baseline,1.0,-0.04502433348808288,0.8333605943937081,-0.046347492793232914,-0.5290753643788773
2026-07-15 20:51:00,Tidur,4,1.0,1.0,1,56.0,-3.0,-3.200000000000035,1071.5,27.814864131731195,37.429934544425805,,0.7905206803451044,-9.010941975077593,1.011736139214893,-0.6744907594765952,-0.6389912458199315,-0.9840177240556331,-1.3216945757603837,0.9593774069778095,1.7878523043156578,0.2526663611805252,-0.7909562174583382,0.5182852932831186,0.36739848863467484,1.0454919046519782,0,baseline,1.0,0.12862305266860485,1.0454919046519782,0.21213131025827003,0.25847880305150295
2026-07-15 20:52:00,Tidur,4,1.0,1.0,1,53.25,0.0,1.1999999999999635,1128.0,51.92301994298868,78.50265388295269,,0.8186997024970357,1.5205506992261553,-0.8431134493457441,0.0,0.14199805462665246,0.16397644982157858,-0.1374717047662943,0.39415491413729,1.1526965062284236,-0.41564231814624736,0.22074754470776467,-0.33638833672544444,0.17675615328495564,0.6048866554467032,0,baseline,1.0,-0.5652224928405195,0.6048866554467032,-0.440605249205275,-0.652736559463545
2026-07-15 20:53:00,Tidur,4,1.0,1.0,1,53.75,9.0,13.19999999999997,1121.75,93.10343710089333,80.96501302002818,,0.9818260741470405,-35.567246243030766,-0.5058680696074465,2.0234722784297854,2.271968874026429,0.23280008723543802,1.8853620705445522,1.6199364893496275,3.995216244687222,0.5847230041188248,0.6047194189985308,-0.01099758477717177,0.4678542594002012,0.962598110412391,0,baseline,1.0,1.2257815752123375,0.962598110412391,0.3577114549656878,0.7983167041709628
2026-07-15 20:54:00,Tidur,4,1.0,1.0,1,54.75,1.0,0.39999999999997576,1096.25,34.121107836645635,52.55156198122627,,1.0764418164563714,19.102433811852396,0.1686226898691488,0.22483025315886507,2.9460752124905215e-15,-0.561363941287829,-1.0119239701657847,0.532560203216214,1.4733475021911981,0.15883523267234045,-0.533808054259127,0.36353550886077685,0.2337755232676939,0.7049742771277118,0,baseline,1.0,-1.0873762861334135,0.7049742771277118,-0.2576238332846792,-0.615335288250367
2026-07-15 20:55:00,Tidur,4,1.0,1.0,1,53.0,4.0,7.199999999999965,1134.75,66.76014279992717,80.48395285189879,,0.9195667718155328,-0.8076590719646486,-1.011736139214893,0.8993210126354603,1.2069834643265402,0.2193543188716446,0.5913463916693965,0.8587204730838647,1.8451839666614749,-0.10522014591752098,0.4388686466951828,-0.29062504412629897,0.2838966430237009,0.6072373410393217,0,baseline,1.0,0.3261602698676507,0.6072373410393217,-0.09773693608839007,0.15988689719628912
2026-07-15 20:56:00,Tidur,4,1.0,1.0,1,55.25,-6.0,-6.000000000000038,1089.5,78.09609465267773,110.87680851587795,,0.7345306462499108,-2.597843285849615,0.5058680696074465,-1.3489815189531904,-1.135984437013213,1.0688432689984733,1.1481825741469658,1.0795242878898041,2.2080371526367313,-0.28844075431304617,0.6490965205016065,-0.47433221398511893,0.37889577718634226,0.9343861197971846,0,baseline,1.0,0.22080381480593947,0.9343861197971846,0.32714877875786286,0.4248857148462529
2026-07-15 20:57:00,Tidur,4,1.0,1.0,1,53.25,4.0,6.799999999999983,1129.0,62.90204024248074,72.78049189171504,,0.9634198058074397,2.3112212187823697,-0.8431134493457441,0.8993210126354603,1.1359844370132177,0.004040396555180906,0.4018315518393259,0.7709168741478564,1.6422876158568196,-0.0235140926136138,0.2648366727341528,-0.15727653514055495,0.251678592869932,0.3984587787853915,0,baseline,1.0,-0.3086074137419478,0.3984587787853915,-0.5359273410117931,-0.8630761197696559
2026-07-15 20:58:00,Tidur,4,1.0,1.0,1,51.75,-1.0,-1.200000000000046,1160.75,46.125733959833454,64.6658075544307,,0.9891490823888394,-3.16172688085528,-1.8548495885606369,-0.22483025315886507,-0.28399610925330426,-0.2227673359758594,-0.42224166828793713,0.871731924550939,1.949206256437188,-0.811093094623042,0.14192290612190353,-0.4809034030332176,0.3502808476182204,1.015863610276664,0,baseline,1.0,0.10081505040308258,1.015863610276664,0.6174048314912726,1.1533321725030656
2026-07-15 20:59:00,Tidur,4,1.0,1.0,1,54.75,4.0,4.399999999999981,1097.25,54.74410166097044,73.25298628724975,,0.7618179215691538,-9.402549862474531,0.1686226898691488,0.8993210126354603,0.7099902731332622,0.017246749141499252,0.0011033698902787068,0.5179955117626572,1.2112866046052628,0.43742116270268766,-0.02395839781536249,0.24844868467688266,0.18505537250982562,0.5365477781320818,0,baseline,1.0,-0.3537364127882817,0.5365477781320818,-0.4793158321445823,-1.0967206636358549
2026-07-15 21:00:00,Tidur,4,1.0,1.0,1,56.75,3.0,3.599999999999983,1057.75,36.5,45.654499595695206,,0.9646261989903339,5.919907013213183,1.5176042088223392,0.6744907594765952,0.5679922185066111,-0.7541387943526543,-0.8950698014135917,0.9434564907921187,2.001450890939463,0.8083426242478435,-0.7361694039947771,0.690798556843533,0.3651135552677722,1.3438280187327902,0,baseline,1.0,0.42546097902946145,1.3438280187327902,0.8072802406007085,1.2865960727452908
2026-07-15 21:01:00,Tidur,4,1.0,1.0,1,53.25,0.0,-1.2000000000000441,1127.25,32.5,53.07227776030219,,0.8194228103159539,6.169518343171166,-0.8431134493457441,0.0,-0.28399610925330393,-0.5468097873323016,-1.091554821713835,0.6755718985967093,1.8824817700250143,-0.46706656655003986,-0.38422872444453343,-0.045529314453167685,0.28234257991103306,0.6690090740658975,0,baseline,1.0,-0.2678845921954094,0.6690090740658975,-0.6748189446668927,-1.482099185267601
2026-07-15 21:02:00,Tidur,4,1.0,1.0,1,54.75,-4.0,-2.000000000000023,1098.5,66.96018717616212,122.67028980156523,,0.856592381224159,-20.480154194598818,0.1686226898691488,-0.8993210126354603,-0.4259941638799519,1.398474421348283,0.6011728225007653,0.8168013703030998,2.790766452455179,-0.23639564738078755,0.7092780856618865,-0.47779305007473916,0.3277578844095126,0.9458698295183613,0,baseline,1.0,0.14122947170639055,0.9458698295183613,0.2768607554524638,0.9516797001193565
2026-07-15 21:03:00,Tidur,4,1.0,1.0,1,54.75,7.0,9.999999999999996,1098.25,67.08887140701256,57.005847653259806,,0.8440349307591969,18.534137918508826,0.1686226898691488,1.5738117721120555,1.7039766555198268,-0.43686539133468044,0.6074939534285076,1.0925890189574423,2.680696421017778,0.675332409834363,-0.12152344039766783,0.4122100183858654,0.32394812286263996,0.8635399793308225,0,baseline,1.0,0.27578764865434247,0.8635399793308225,-0.0823298501875388,-0.3591906056400026
2026-07-15 21:04:00,Tidur,4,1.0,1.0,1,55.25,-3.0,-3.600000000000015,1085.75,24.58149710656371,25.06657801402763,,1.0777060429268968,-1.283811231393571,0.5058680696074465,-0.6744907594765952,-0.7099902731332539,-1.3295770513912002,-1.4805216221549264,1.0173146893332352,1.7908250555967664,-0.03060876606920128,-0.8344372552817401,0.41538830616543854,0.38322274488410946,1.0082804900710447,0,baseline,1.0,-0.0752743296242071,1.0082804900710447,0.1447405107402222,0.227070360927761
2026-07-15 21:05:00,Tidur,4,1.0,1.0,1,56.75,2.0,5.199999999999971,1059.25,64.76302957706658,98.26834010334491,,0.800907962700257,10.01972536556591,1.5176042088223392,0.44966050631773014,0.8519883277599122,0.7164329949233034,0.4932456836354846,0.8930586494577092,2.354954207819569,0.7995554753503338,0.21062830251122316,0.3130380237322603,0.3322552366778656,0.9444784733298696,0,baseline,1.0,-0.12425603987552603,0.9444784733298696,-0.06380201674117514,-0.20854252748139734
2026-07-15 21:06:00,Tidur,4,1.0,1.0,1,54.0,5.0,3.999999999999982,1114.0,69.99047554250983,113.90639431860998,,0.9679311021603033,-18.94902958908107,-0.3372453797382976,1.1241512657943253,0.6389912458199366,1.1535210528610849,0.7500243902951204,0.8577770960112703,2.582262716633142,0.2426698756453341,0.7110931768802204,-0.2520800956866582,0.3326150736449688,0.8594878338921204,0,baseline,1.0,-0.03528155344643891,0.8594878338921204,-0.0849906394377492,-0.021188622696574066
2026-07-15 21:07:00,Tidur,4,1.0,1.0,1,52.75,0.0,-1.2000000000000135,1138.5,42.17819341792628,65.79260343432738,,0.8562008170800421,2.2066783252130806,-1.1803588290840417,0.0,-0.2839961092532985,-0.19127307102085178,-0.6161498141661033,0.6148376593316861,1.793675028003487,-0.5991350384626372,-0.023161733625712118,-0.30659730292083165,0.259765592698755,0.7217889785294853,0,baseline,1.0,-0.24293943667958418,0.7217889785294853,-0.13769885536263504,-0.05270821592488584
2026-07-15 21:08:00,Tidur,4,1.0,1.0,1,52.5,-2.0,-0.8000000000000344,1143.75,42.40577790820492,76.60722333218106,,0.8575738632927907,-17.62064457552067,-1.3489815189531904,-0.44966050631773014,-0.21299708193997638,0.1109986274538829,-0.6049705783679986,0.6993745151664701,2.1848927542121257,-0.7205498073889098,0.17769633825854841,-0.45741338599292136,0.29279070346126024,0.9196311300067764,0,baseline,1.0,0.08453685583478399,0.9196311300067764,0.19784215147729112,0.33554100683992616
2026-07-15 21:09:00,Tidur,4,1.0,1.0,1,56.25,6.0,6.799999999999961,1068.25,57.133615324080445,70.25904449487861,,1.0040848592361336,5.113399705361065,1.1803588290840417,1.3489815189531904,1.1359844370132137,-0.06643477450540436,0.11847928004124811,0.9509899751388351,2.0803272503041783,0.8409149407588253,-0.2383189446873181,0.5324645189462069,0.33099300179767455,1.075643383358977,0,baseline,1.0,0.251615459972365,1.075643383358977,0.15601225335220048,-0.04182989812509064
2026-07-15 21:10:00,Tidur,4,1.0,1.0,1,52.25,0.0,-0.4000000000000144,1147.75,10.5,17.146428199482248,,0.7998560067074862,7.527284856921348,-1.5176042088223392,0.0,-0.14199805462664702,-1.5509474887462957,-2.1722224333651736,1.374574435599352,2.879798808631749,-0.6941817130695799,-0.7978091064583118,0.056933431477393284,0.49669220762615074,1.1697573192095687,0,baseline,1.0,0.423584460460517,1.1697573192095687,0.0941139358505918,-0.06189831750160868
2026-07-15 21:11:00,Tidur,4,1.0,1.0,1,54.75,-1.0,-2.000000000000023,1097.5,54.78746815346249,76.8049477572897,,0.8197875854673268,11.75401132552621,0.1686226898691488,-0.22483025315886507,-0.4259941638799519,0.11652508130728076,0.003233586429691299,0.2341118675286806,0.7770248266913832,-0.03858655318455513,0.03116256009675924,-0.03834320496746777,0.06577070775593197,0.09086261389780775,0,baseline,1.0,-1.1404625680706715,0.09086261389780775,-1.078894705311761,-1.1730086411623528
2026-07-15 21:12:00,Tidur,4,1.0,1.0,1,56.25,3.0,2.7999999999999865,1067.75,48.52748362182678,70.97652193977011,,1.0345886740618364,-11.888528912068551,1.1803588290840417,0.6744907594765952,0.42599416387996,-0.04638107609223053,-0.30426471051472165,0.6518257429650706,1.7470628520621312,0.7237348189770079,-0.3253755965128574,0.5204893714840434,0.2677856403061821,0.986042444313543,0,baseline,1.0,0.41771387543638994,0.986042444313543,0.8951798304157352,1.9740745357274962
2026-07-15 21:13:00,Tidur,4,1.0,1.0,1,54.0,6.0,9.599999999999968,1114.0,71.59143337951359,71.59143337951359,,0.8904207971586878,8.800471380356946,-0.3372453797382976,1.3489815189531904,1.6329776282064958,-0.029194126660961592,0.8286654485709998,1.0283618275239383,2.39678465382945,0.4334655174340758,0.25294691314710654,0.09896027697975936,0.3037245711608537,0.5949086040912471,0,baseline,1.0,0.3765360845588678,0.5949086040912471,-0.3911338402222959,-1.2863136706380311
2026-07-15 21:14:00,Tidur,4,1.0,1.0,1,54.5,6.0,7.999999999999983,1102.25,52.5,42.19399641339196,,0.8727932806968526,9.005161082663601,0.0,1.3489815189531904,1.3489815189531953,-0.8508608413937734,-0.10912972021261816,0.9354545145762599,2.1828386740081593,0.542041312453964,-0.4583779954860172,0.5006930357301511,0.3005528248078638,0.9192087291150232,0,baseline,1.0,-0.0929073129476784,0.9192087291150232,0.32430012502377603,0.715433965246072
2026-07-15 21:15:00,Tidur,4,1.0,1.0,1,56.5,1.0,2.3999999999999737,1062.0,31.94787421201396,46.22769732530488,,1.226377372764901,5.562027782509672,1.3489815189531904,0.22483025315886507,0.35499513656663184,-0.7381177549700899,-1.1186759333790164,0.8709276654604786,1.9298908583225025,0.6976144352789885,-0.7422314906197848,0.6594926578101076,0.3482979555438599,1.2624640658326722,0,baseline,1.0,-0.06452684911578133,1.2624640658326722,0.3432553367176491,0.018955211693873042
2026-07-15 21:16:00,Tidur,4,1.0,1.0,1,55.25,1.0,1.999999999999992,1087.5,54.66565039705769,77.23125446777792,,1.2600851848581167,-9.161182639954983,0.5058680696074465,0.22483025315886507,0.28399610925330926,0.12844047497507163,-0.0027502546553406057,0.2841159820099364,0.7073748280490868,0.36987297143493186,-0.03120877810029839,0.21708505875764464,0.11933143631678989,0.4462576803348685,0,baseline,1.0,-0.5868116834505422,0.4462576803348685,-0.8162063854978037,-1.1594617222154526
2026-07-15 21:17:00,Tidur,4,1.0,1.0,1,56.0,-3.0,-5.600000000000013,1073.0,58.00574684172825,77.93373253390772,,1.0802980187383149,-3.1561765269300253,1.011736139214893,-0.6744907594765952,-1.0649854096998828,0.14807493649067638,0.16131947477862568,0.7294781535654057,1.8306355009275324,0.1919488981012422,-0.08040221515107937,0.14868272571223756,0.24139162601164033,0.35168930281890237,0,baseline,1.0,0.4453621715554693,0.35168930281890237,-0.09456837751596614,0.7216380079818375
2026-07-15 21:18:00,Tidur,4,1.0,1.0,1,55.25,-4.0,-6.800000000000023,1087.5,54.66565039705769,64.00260411368691,,0.8612315994869475,-4.614512527676174,0.5058680696074465,-0.8993210126354603,-1.277982491639862,-0.2413040605543809,-0.0027502546553406057,0.7424493585551497,1.8732971156982152,-0.18124167605306987,-0.2303683360174802,0.027013089555268308,0.21097008984986332,0.3621549408700217,0,baseline,1.0,0.012971204989744023,0.3621549408700217,0.01046563805111933,0.10503401556708547
2026-07-15 21:19:00,Tidur,4,1.0,1.0,1,57.0,1.0,-0.800000000000048,1053.25,41.20982892466311,73.59800721939872,,1.0844623322177733,17.78643028570929,1.6862268986914881,0.22483025315886507,-0.21299708193997882,0.026890182212198573,-0.6637170934453157,0.8222555582727359,2.630999962322371,0.7455784240626134,-0.45293372965852335,0.5778185698341319,0.335260286000135,1.098776550943878,0,baseline,1.0,0.07980619971758618,1.098776550943878,0.7366216100738563,0.726155972022737
2026-07-15 21:20:00,Tidur,4,1.0,1.0,1,56.75,0.0,-1.200000000000028,1058.75,55.28939018172172,82.06095295571457,,0.9621129957313668,-17.216338565362292,1.5176042088223392,0.0,-0.2839961092533011,0.26343191978389047,0.027888626407604835,0.7005641264795422,1.8299483307021616,0.6595873751367644,-0.15050893794861336,0.418236695858397,0.2914095934841602,0.8470831899992934,0,baseline,1.0,-0.12169143179319364,0.8470831899992934,-0.2516933609445846,-0.9883149710184409
2026-07-15 21:21:00,Tidur,4,1.0,1.0,1,55.0,7.0,8.0,1092.5,57.33236433289665,66.92035066654488,,0.9722545598672732,-4.579440689817279,0.3372453797382976,1.5738117721120555,1.3489815189531982,-0.15975221549820703,0.12824208079922456,0.9436456835396319,1.98596047930937,0.6962451619469696,-0.12263192999904489,0.4222132882689246,0.30427961011183235,0.8778644870995291,0,baseline,1.0,0.2430815570600896,0.8778644870995291,0.030781297100235694,0.2824746580448203
2026-07-15 21:22:00,Tidur,4,1.0,1.0,1,53.0,1.0,2.399999999999973,1133.25,47.68909728648677,69.06277337804113,,0.7208187464235736,-0.36521584298960086,-1.011736139214893,0.22483025315886507,0.3549951365666317,-0.09987089207015548,-0.3454472995444039,0.5156526421846993,1.2650187956430836,-0.41012087360754196,0.060980654844608816,-0.25345900519125875,0.2175322227696349,0.532427935489425,0,baseline,1.0,-0.42799304135493255,0.532427935489425,-0.3454365516101041,-0.3762178487103398
2026-07-15 21:23:00,Tidur,4,1.0,1.0,1,52.5,-2.0,-1.6000000000000192,1143.75,45.741119356657634,70.11894655987544,,0.8914450471080843,-0.34322894977463214,-1.3489815189531904,-0.44966050631773014,-0.35499513656662535,-0.07035055158922174,-0.44113442031612987,0.6852030404634362,1.65218299897169,-0.7306345759320154,0.12023542049273282,-0.43656453302689163,0.28342957673919,0.9050990864849906,0,baseline,1.0,0.16955039827873686,0.9050990864849906,0.3726711509955656,0.7181077026056697
2026-07-15 21:24:00,Tidur,4,1.0,1.0,1,56.5,-1.0,-2.4000000000000417,1062.0,31.94787421201396,46.22769732530488,,0.8030603414168258,8.182788689534492,1.3489815189531904,-0.22483025315886507,-0.49699319119328106,-0.7381177549700899,-1.1186759333790164,0.8847096334310728,1.9648053161953654,0.5370081382129638,-0.7422314906197848,0.606636364189708,0.3482979555438599,1.1526510618430723,0,baseline,1.0,0.19950659296763662,1.1526510618430723,0.2475519753580817,-0.12511917563748387
2026-07-15 21:25:00,Tidur,4,1.0,1.0,1,54.75,0.0,1.1999999999999762,1095.75,25.773047937719745,44.14370472294625,,0.888517527591126,13.692946177490786,0.1686226898691488,0.0,0.1419980546266547,-0.7963659402483118,-1.4219911498428102,0.7355072535434735,1.809543691369931,0.11355034965359936,-0.6789823894459174,0.4102343884157088,0.30676091936027405,0.8580823283168774,0,baseline,1.0,-0.14920237988759932,0.8580823283168774,-0.29456873352619495,-0.5421207088842767
2026-07-15 21:26:00,Tidur,4,1.0,1.0,1,55.75,-2.0,-4.400000000000015,1077.0,43.4664621672081,62.42862591258383,,1.1142390952539492,-15.22446473803386,0.8431134493457441,-0.44966050631773014,-0.8519883277599055,-0.2852971984273133,-0.5528684363274015,0.63654960048158,1.7331485363726713,0.1983515400293814,-0.43313827595968746,0.3339961093437977,0.22505256757970027,0.6238222172737736,0,baseline,1.0,-0.09895765306189341,0.6238222172737736,-0.23426011104310374,0.06030862248309121
2026-07-15 21:27:00,Tidur,4,1.0,1.0,1,54.75,-6.0,-8.399999999999999,1098.75,71.39269337030693,74.39758060582346,,0.8227250394037795,1.2825725130032737,0.1686226898691488,-1.3489815189531904,-1.561978600893161,0.04923848551389556,0.8189030898851395,0.9960912205961111,2.6175228285835495,-0.49770346300828033,0.19553173015683825,-0.3638179999961606,0.29886168365903354,0.71247683307549,0,baseline,1.0,0.35954162011453106,0.71247683307549,0.08865461580171641,0.32291472684482014
2026-07-15 21:28:00,Tidur,4,1.0,1.0,1,51.25,-2.0,-2.000000000000024,1171.0,28.35489375751565,41.63331998932265,,1.0980630781800478,15.870069431853256,-2.1920949682989344,-0.44966050631773014,-0.4259941638799521,-0.8665319067293017,-1.2951676427641359,1.2342838180002467,2.673734157364554,-0.8863096403058552,-0.34694409386779296,-0.2882448836376842,0.45651128051872647,1.0942589478514617,0,baseline,1.0,0.23819259740413556,1.0942589478514617,0.3817821147759717,0.2931274989742553
2026-07-15 21:29:00,Tidur,4,1.0,1.0,1,54.0,-7.0,-10.400000000000034,1114.25,72.88518367953804,64.27544891584448,,0.9088315504589718,-1.434946650885366,-0.3372453797382976,-1.5738117721120555,-1.9169737374597968,-0.2336779708214872,0.8922160870619376,1.1929845925545945,3.5385574275176404,-0.7375906596970128,0.16057826859655952,-0.45737980157154595,0.3395313034052494,0.9456760282969203,0,baseline,1.0,-0.04129922544565212,0.9456760282969203,-0.1485829195545414,-0.5303650343305131
2026-07-15 21:30:00,Tidur,4,1.0,1.0,1,53.25,2.0,3.5999999999999797,1126.75,31.5,38.34057902536163,,1.0078048931653592,9.118532312964394,-0.8431134493457441,0.44966050631773014,0.5679922185066104,-0.9585649521081194,-1.140676076788896,0.8313409287725712,1.6762555471706047,-0.23890773768419474,-0.5674522572389852,0.17875808675548444,0.32685319329307083,0.719629373300839,0,baseline,1.0,-0.3616436637820234,0.719629373300839,-0.22604665499608134,-0.07746373544153995
2026-07-15 21:31:00,Tidur,4,1.0,1.0,1,56.0,6.0,6.399999999999956,1073.0,56.11298126696412,75.05331438384317,,0.9617606706509697,0.7634354981711997,1.011736139214893,1.3489815189531904,1.064985409699887,0.06756643089721961,0.06834445418334287,0.8929491882236253,2.078323345918474,0.8078807462625144,-0.14702621342277397,0.48170250534199976,0.3145390146103494,1.0026266019710055,0,baseline,1.0,0.06160825945105419,1.0026266019710055,0.2829972286701665,0.5090438836662479
2026-07-15 21:32:00,Tidur,4,1.0,1.0,1,53.75,1.0,1.1999999999999569,1116.25,10.5,12.12435565298214,,0.986338943059497,-14.818666830410786,-0.5058680696074465,0.22483025315886507,0.1419980546266513,-1.6913158431435869,-2.1722224333651736,1.2574350222087036,2.4524400202600902,-0.18724318755182023,-0.8791711973232403,0.3631940489116625,0.4662967095257361,1.0757994905960506,0,baseline,1.0,0.3644858339850783,1.0757994905960506,0.07317288862504512,-0.2098243400451214
2026-07-15 21:33:00,Tidur,4,1.0,1.0,1,53.0,7.0,7.9999999999999645,1136.25,82.43128451423445,107.95214989367588,,0.9427530287026789,15.966403409777236,-1.011736139214893,1.5738117721120555,1.348981518953192,0.987098229640479,1.3611325411353108,1.276502201910051,2.452391276976593,0.11749074364258011,0.795242452519674,-0.35640649696844673,0.4302023152741026,0.9789352666441791,0,baseline,1.0,0.019067179701347303,0.9789352666441791,-0.09686422395187155,-0.17003711257691667
2026-07-15 21:34:00,Tidur,4,1.0,1.0,1,51.25,-1.0,-2.0000000000000013,1170.5,22.457367016935297,30.46856303361439,,0.8096319558601808,-18.214806026958108,-2.1920949682989344,-0.22483025315886507,-0.42599416387994804,-1.1785900354416496,-1.5848615581001757,1.3370236086489142,2.889250289492064,-0.8709499022279288,-0.5413200561190544,-0.17933588007824666,0.48402172826725076,1.1480503153894566,0,baseline,1.0,0.060521406738863304,1.1480503153894566,0.1691150487452775,0.26597927269714905
2026-07-15 21:35:00,Tidur,4,1.0,1.0,1,53.25,5.0,4.3999999999999835,1128.25,55.679888649313945,92.7667325427961,,1.0872994486950858,-11.911672899702088,-0.8431134493457441,1.1241512657943253,0.7099902731332627,0.5626615006520558,0.04707040124062283,0.7479901245053284,2.4177070948008534,-0.019965822778015018,0.45410063834608055,-0.2549843269705399,0.28725148445650395,0.5950936448565094,0,baseline,1.0,-0.5890334841435858,0.5950936448565094,-0.5529566705329472,-0.7220717192782247
2026-07-15 21:36:00,Tidur,4,1.0,1.0,1,53.25,-6.0,-8.400000000000048,1128.5,59.16361494477272,46.68690037544436,,0.9967855362753882,-19.97592171283666,-0.8431134493457441,-1.3489815189531904,-1.56197860089317,-0.725282899263512,0.21819540921155,1.052996970286069,3.068349959215302,-0.8014680742242472,-0.17394709037627037,-0.33205534500140954,0.3256252305300261,0.9428155743054054,0,baseline,1.0,0.30500684578074067,0.9428155743054054,0.347721929448896,0.9006785999818432
2026-07-15 21:37:00,Tidur,4,1.0,1.0,1,55.25,-2.0,0.3999999999999464,1087.75,58.38592867007141,107.26602444390302,,0.946677232322058,-5.475305677941721,0.5058680696074465,-0.44966050631773014,-2.2662117019157857e-15,0.9679208283976721,0.17999448334357313,0.5342968872958997,2.4741995452362415,0.14235580028630931,0.44318026593345117,-0.1639600523547388,0.23444057940290797,0.5463691115234645,0,baseline,1.0,-0.5187000829901693,0.5463691115234645,-0.39644646278194096,-0.744168392230837
2026-07-15 21:38:00,Tidur,4,1.0,1.0,1,54.0,-4.0,-4.799999999999999,1113.25,60.82968025561206,77.97649218407643,,1.2513836579146134,-5.319236010270128,-0.3372453797382976,-0.8993210126354603,-0.9229873550732286,0.14927008086049834,0.3000346283169999,0.6142834399162967,1.2443846068850994,-0.5325725047613044,0.2208564304876958,-0.3921903537353123,0.20345044743190221,0.7263720767201659,0,baseline,1.0,0.079986552620397,0.7263720767201659,0.18000296519670145,0.5764494279786424
2026-07-15 21:39:00,Tidur,4,1.0,1.0,1,52.5,2.0,-0.8000000000000542,1146.75,78.3640010889354,138.2280724020993,,1.276609873515934,11.982345336285954,-1.3489815189531904,0.44966050631773014,-0.21299708193997993,1.833318864849937,1.161342474538629,1.164224022232516,3.5763085879662477,-0.5642123123432299,0.9167800259952961,-0.6720903105304872,0.44019139336124347,1.34324048396477,0,baseline,1.0,0.5499405823162192,1.34324048396477,0.6168684072446041,0.4368654420479027
2026-07-15 21:40:00,Tidur,4,1.0,1.0,1,53.0,-2.0,-1.6000000000000152,1133.75,55.421866923925734,82.89350597805195,,1.0831403255507075,18.9384618608441,-1.011736139214893,-0.44966050631773014,-0.3549951365666247,0.2867020132785438,0.034396050252921216,0.5357624970100656,1.2875673141072186,-0.6319177141266108,0.3527948621822295,-0.4941920427341277,0.225741997211658,0.9049693014771372,0,baseline,1.0,-0.6284615252224504,0.9049693014771372,-0.43827118248763286,-1.0551395897322369
2026-07-15 21:41:00,Tidur,4,1.0,1.0,1,57.0,-3.0,-4.80000000000003,1052.75,33.77745796632225,35.68846685788935,,0.940535236200813,16.9611928037072,1.6862268986914881,-0.6744907594765952,-0.9229873550732342,-1.0326922406285837,-1.0288044831024512,1.1202764412787853,2.2520987603701546,0.5274671534620744,-0.8218293259779866,0.6304201276882422,0.4059131855263002,1.231186456470905,0,baseline,1.0,0.5845139442687197,1.231186456470905,0.3262171549937678,0.7644883374814007
2026-07-15 21:42:00,Tidur,4,1.0,1.0,1,53.25,3.0,5.19999999999998,1127.25,44.02556075736003,51.39714648369758,,1.0593553252711334,-24.259233497017618,-0.8431134493457441,0.6744907594765952,0.8519883277599137,-0.5936301824021196,-0.5254048118684415,0.7099449546999279,1.4599297627025676,-0.13277826415278052,-0.2814214512872404,0.08157210001687783,0.25882489332045,0.41288307494925003,0,baseline,1.0,-0.41033148657885743,0.41288307494925003,-0.8183033815216549,-1.1445205365154227
2026-07-15 21:43:00,Tidur,4,1.0,1.0,1,52.25,-2.0,0.39999999999998254,1151.25,69.77762296515027,123.85071659057932,,0.9094854278580982,-0.45383194057059306,-1.5176042088223392,-0.44966050631773014,4.148152723941504e-15,1.4314676854491488,0.7395688045492574,1.010087011769259,2.9430793642163344,-0.7485198685675053,0.8553404635903875,-0.7074813803959044,0.39652068004575936,1.3962979107648126,0,baseline,1.0,0.30014205706933117,1.3962979107648126,0.9834148358155625,1.8017182173372175
2026-07-15 21:44:00,Tidur,4,1.0,1.0,1,56.5,-5.0,-7.200000000000054,1062.75,45.028694555064924,36.06013495999888,,0.89542308905695,14.076363141816833,1.3489815189531904,-1.1241512657943253,-1.3489815189531935,-1.0223040115872817,-0.476129620716965,1.1113076309621055,2.580099339691001,0.19963005834600614,-0.7402787930885658,0.4753424845637133,0.37290139257100974,0.9761510015896597,0,baseline,1.0,0.10122061919284642,0.9761510015896597,-0.42014690917515285,-1.4035617449907154
2026-07-15 21:45:00,Tidur,4,1.0,1.0,1,54.75,-4.0,-6.000000000000016,1097.5,58.614560193408145,67.49814812274482,,0.9805999825400145,3.597651757734587,0.1686226898691488,-0.8993210126354603,-1.1359844370132093,-0.14360261245070643,0.19122515071959673,0.6610387742051135,1.6191571102992623,-0.3341134600726925,-0.06480872189729815,-0.147043852347834,0.19060734134528579,0.4168753143611623,0,baseline,1.0,-0.450268856756992,0.4168753143611623,-0.5592756872284974,-0.13912877805334456
2026-07-15 21:46:00,Tidur,4,1.0,1.0,1,55.25,4.0,6.799999999999975,1087.5,51.90696806145908,57.526805346145665,,0.8552770574606389,-7.951154481714735,0.5058680696074465,0.8993210126354603,1.1359844370132164,-0.42230447581943986,-0.13826019333334438,0.7145065962060775,1.5791626209938903,0.6159305342331222,-0.3522464597901008,0.4872877602492702,0.2221416506482451,0.8889568412903044,0,baseline,1.0,0.053467822000964005,0.8889568412903044,0.47208152692914207,1.0313572141576395
2026-07-15 21:47:00,Tidur,4,1.0,1.0,1,54.0,6.0,4.799999999999967,1114.5,75.64169925819135,130.28302524376178,,1.0079207110199957,15.019740932438856,-0.3372453797382976,1.3489815189531904,0.7809893004465857,1.6112525396627555,1.0276195919193456,1.1131546742757985,3.271205802496715,0.32422200330062984,0.8368422586721279,-0.2747006968667922,0.41049409722350616,1.0243977499185484,0,baseline,1.0,0.398648078069721,1.0243977499185484,0.13544090862824398,-0.3366406183008981
2026-07-15 21:48:00,Tidur,4,1.0,1.0,1,56.75,-5.0,-5.200000000000036,1058.5,51.15662224971465,70.88958550685237,,0.7017807679578227,-0.38040941059380096,1.5176042088223392,-1.1241512657943253,-0.993986382386561,-0.04881097409008758,-0.17511812134654617,0.9579035858590104,1.9415105449189354,0.33490164212520235,-0.35761319706278144,0.36347419750030124,0.34574456985423363,0.7012125986060133,0,baseline,1.0,-0.15525108841678814,0.7012125986060133,-0.3231851513125351,-0.4586260599407791
2026-07-15 21:49:00,Tidur,4,1.0,1.0,1,55.75,3.0,5.9999999999999885,1078.75,68.72832991811552,96.08503178608692,,0.8690380918715831,17.028882511278475,0.8431134493457441,0.6744907594765952,0.993986382386567,0.6554089071990029,0.6880262131373756,0.781885913296419,1.7948269689713343,0.6724256172082158,0.34860839878910366,0.17623998853750283,0.2750224549069299,0.8248526599623027,0,baseline,1.0,-0.17601767256259138,0.8248526599623027,0.12364006135628947,0.4468252126688246
2026-07-15 21:50:00,Tidur,4,1.0,1.0,1,52.25,1.0,-0.4000000000000144,1149.0,38.07886552931954,69.06277337804113,,0.8932771305356517,-24.825468745172707,-1.5176042088223392,0.22483025315886507,-0.14199805462664702,-0.09987089207015548,-0.8175139450186655,0.7812986458802268,2.5118784302304147,-0.6575771511554613,0.04418457763319658,-0.36787990323184216,0.3225075054242047,0.8207963821065304,0,baseline,1.0,-0.0005872674161921942,0.8207963821065304,-0.004056277855772339,-0.1276963392120618
2026-07-15 21:51:00,Tidur,4,1.0,1.0,1,55.25,1.0,-0.4000000000000264,1090.25,83.96973661186908,126.10313239567049,,0.9501454872332904,-9.88025421008685,0.5058680696074465,0.22483025315886507,-0.14199805462664913,1.4944233470911603,1.436703239043984,0.9616685428475051,2.2126959038160536,0.31345907412712504,0.7931750051789559,-0.2578872047749243,0.3810834122570459,0.9690787158313654,0,baseline,1.0,0.18036989696727834,0.9690787158313654,0.148282333724835,0.15233861158060735
2026-07-15 21:52:00,Tidur,4,1.0,1.0,1,56.25,0.0,1.9999999999999487,1069.75,75.4293267458575,114.9637624065369,,1.1173032040799509,-17.84895089258346,1.1803588290840417,0.0,0.2839961092533015,1.1830747913067683,1.0171875875700627,0.8841082858564124,2.0644789356568705,0.5991350384626375,0.5842665524897193,0.008177484998213545,0.35433149491931015,0.9088167462280266,0,baseline,1.0,-0.0775602569910927,0.9088167462280266,-0.06026196960333885,-0.20854430332817386
2026-07-15 21:53:00,Tidur,4,1.0,1.0,1,54.0,-7.0,-6.399999999999998,1114.25,74.39702054966091,118.75184209097559,,0.9330715223958903,-24.070469537276985,-0.3372453797382976,-1.5738117721120555,-1.2069834643265318,1.2889526946439134,0.9664794115911244,1.1526411866153599,2.627305264826721,-0.6851071529812198,0.769047773400615,-0.6639166734070177,0.39903583050544134,1.2887285331261522,0,baseline,1.0,0.2685329007589474,1.2887285331261522,0.37991178689812566,0.4401737565014645
2026-07-15 21:54:00,Tidur,4,1.0,1.0,1,56.0,-3.0,-1.600000000000035,1072.5,47.648014998878324,86.30179604156567,,1.0211549592864473,20.448794071746306,1.011736139214893,-0.6744907594765952,-0.35499513656662823,0.38196468881624956,-0.3474653130730854,0.611751340708004,2.1669885173038423,0.29209794953499035,-0.07896821231294161,0.20129932895456276,0.25576325361113694,0.444402354194664,0,baseline,1.0,-0.5408898459073559,0.444402354194664,-0.8443261789314882,-1.2242379658296139
2026-07-15 21:55:00,Tidur,4,1.0,1.0,1,55.0,8.0,9.599999999999993,1093.0,65.41151784408207,65.50318058435535,,0.9057290304967451,-7.298324572716838,0.3372453797382976,1.7986420252709205,1.6329776282065003,-0.199362521899824,0.5251002412127369,1.125250122764567,2.4496638725418425,0.7487149259583163,-0.04579135651895446,0.411136762468074,0.3482130745544718,0.9235565339642294,0,baseline,1.0,0.5134987820565631,0.9235565339642294,0.4791541797695654,1.3234803587010537
2026-07-15 21:56:00,Tidur,4,1.0,1.0,1,57.75,-1.0,-1.2000000000000197,1038.5,9.0,10.392304845413264,,0.9739392139868388,-37.70919769503554,2.1920949682989344,-0.22483025315886507,-0.2839961092532996,-1.7397271552741487,-2.245904315977765,1.612899225257042,3.156802431186608,0.7989143127633688,-0.9608406757895235,0.7477646852873321,0.5524403486360285,1.557504814359748,0,baseline,1.0,0.48764910249247495,1.557504814359748,0.6339482803955186,0.15479410062595322
2026-07-15 21:57:00,Tidur,4,1.0,1.0,1,54.5,-3.0,-5.600000000000021,1103.5,65.89132466923598,86.16843969807043,,1.0398941769420085,3.87876189091358,0.0,-0.6744907594765952,-1.0649854096998843,0.37823734113030033,0.5486689546578775,0.6376884530119127,1.7393782859042735,-0.34705806551262375,0.3321098272274023,-0.3570862688714765,0.19105045946894583,0.628296999561694,0,baseline,1.0,-0.9752107722451293,0.628296999561694,-0.929207814798054,-1.5631560951935728
2026-07-15 21:58:00,Tidur,4,1.0,1.0,1,52.5,0.0,1.5999999999999686,1143.0,36.959437225152655,62.96559907335645,,0.7729556141204558,-20.568444928648898,-1.3489815189531904,0.0,0.21299708193997924,-0.2702886460347971,-0.8725016682858899,0.734769897141845,2.0541203326317548,-0.6106707333172664,-0.09668489831941576,-0.27539494628743044,0.3053065839554836,0.7425100677704694,0,baseline,1.0,0.09708144412993236,0.7425100677704694,0.1142130682087753,1.0434208830068292
2026-07-15 21:59:00,Tidur,4,1.0,1.0,1,53.25,1.0,0.3999999999999559,1128.5,59.16361494477272,87.21429546429492,,0.9703725716581705,18.330947648128213,-0.8431134493457441,0.22483025315886507,-5.813325670131798e-16,0.4074693069138609,0.21819540921155,0.44159470193402817,1.2856378582402959,-0.3767471841226305,0.41966031939074305,-0.41200530686205195,0.19812083613680176,0.7259844784907669,0,baseline,1.0,-0.2931751952078169,0.7259844784907669,-0.01652558927970249,-0.1307386574884778
2026-07-15 22:00:00,Tidur,4,1.0,1.0,1,57.25,-3.0,-4.400000000000024,1048.0,27.556003580587177,23.75570107012911,,1.0916636482335165,-12.105657511232238,1.8548495885606369,-0.6744907594765952,-0.8519883277599073,-1.366216434380723,-1.3344101309219998,1.2859616350825747,2.5077744458772147,0.5979960028994339,-0.8968712587075203,0.6762530298544861,0.45887729455565307,1.352724586168744,0,baseline,1.0,0.8443669331485465,1.352724586168744,0.6267401076779772,0.6432656969576797
2026-07-15 22:01:00,Tidur,4,1.0,1.0,1,54.5,-3.0,-2.4000000000000368,1101.5,42.13074886588179,69.78777352325645,,0.8865540489413699,0.418833891597318,0.0,-0.6744907594765952,-0.49699319119328017,-0.07960693204580396,-0.6184803501090026,0.46707498837178046,1.4079730655716622,-0.2700300228204563,-0.19584091758531094,-0.04078137717462996,0.185679447846268,0.3839399123584667,0,baseline,1.0,-0.8188866467107943,0.3839399123584667,-0.9687846738102773,-1.5955247814882545
2026-07-15 22:02:00,Tidur,4,1.0,1.0,1,55.5,-6.0,-5.6000000000000245,1083.0,59.121344143493,93.1289428695505,,0.9237043178174293,19.150118343633938,0.6744907594765952,-1.3489815189531904,-1.0649854096998848,0.5727853821853187,0.21611901439966166,0.8699049796846166,2.0223843275696822,-0.1910939637830594,0.22997546536769567,-0.22753485770299295,0.3050877781429947,0.4840002908135075,0,baseline,1.0,0.4028299913128361,0.4840002908135075,0.10006037845504079,1.0688450522653181
2026-07-15 22:03:00,Tidur,4,1.0,1.0,1,52.5,-1.0,-4.000000000000017,1145.25,65.0608689356872,104.37272951622309,,0.7725606877815481,-5.191612809812362,-1.3489815189531904,-0.22483025315886507,-0.7809893004465801,0.8870524132116963,0.5078759267416807,0.839648022611045,2.6349415423858304,-0.7289753875449292,0.7087382652432173,-0.6588294598852975,0.3173539031562852,1.2523916325684734,0,baseline,1.0,-0.030256957073571566,1.2523916325684734,0.7683913417549659,0.6683309632999251
2026-07-15 22:04:00,Tidur,4,1.0,1.0,1,56.25,-6.0,-7.600000000000037,1069.5,72.50517222929686,85.21345746613814,,1.0095884537679,7.9509963147786635,1.1803588290840417,-1.3489815189531904,-1.4199805462665163,0.3515453164465058,0.8735494476831965,1.1059851357692247,2.441500100568401,0.03149539810825447,0.173880630932231,-0.07815218073217811,0.36412360519789777,0.41221377600815057,0,baseline,1.0,0.26633711315817976,0.41221377600815057,-0.8401778565603228,-1.6085691983152888
2026-07-15 22:05:00,Tidur,4,1.0,1.0,1,56.0,7.0,7.19999999999998,1074.25,71.59317937718183,99.98999949994999,,0.8919347330103393,-22.438302787754765,1.011736139214893,1.5738117721120555,1.206983464326543,0.764553864165327,0.8287512141678217,1.116124883584666,2.5458345975447854,0.8365732474941837,0.4014238999752396,0.23486482982055282,0.38642947402517214,1.0322234121430807,0,baseline,1.0,0.010139747815441247,1.0322234121430807,0.6200096361349301,1.460187492695253
2026-07-15 22:06:00,Tidur,4,1.0,1.0,1,56.5,3.0,6.399999999999957,1064.0,64.75080437080814,92.18278942767282,,0.9252158362903535,26.457849609759812,1.3489815189531904,0.6744907594765952,1.0649854096998872,0.546340124691725,0.4926451661605188,0.8888272765346148,2.205416281813754,0.8019436801104459,0.15264952476493204,0.34266748402518404,0.31286533026667906,0.9390001400271849,0,baseline,1.0,-0.2272976070500512,0.9390001400271849,-0.09322327211589576,-0.7132329082508259
2026-07-15 22:07:00,Tidur,4,1.0,1.0,1,52.0,-3.0,-4.8000000000000025,1154.75,40.54113137707596,41.8011164125234,,1.083433722505358,13.413023900572627,-1.6862268986914881,-0.6744907594765952,-0.9229873550732293,-0.8618419490314874,-0.6965643562484114,1.0371285401165335,2.352667186550729,-0.8533145208247966,-0.301263623718103,-0.2946292035262255,0.3785652181255812,1.0242184505129663,0,baseline,1.0,0.14830126358191875,1.0242184505129663,0.08521831048578143,0.1784415826016772
2026-07-15 22:08:00,Tidur,4,1.0,1.0,1,56.0,-6.0,-4.80000000000004,1074.0,66.97263122599658,116.0,,0.8304926010413056,-5.210367546915634,1.011736139214893,-1.3489815189531904,-0.9229873550732359,1.2120379264292174,0.6017840898468504,1.0513274311451635,2.793433310484312,0.013311531283773872,0.5474408500877973,-0.28560205077768536,0.3833497456710334,0.7269073119211518,0,baseline,1.0,0.014198891028629923,0.7269073119211518,-0.29731113859181457,-0.382529449077596
2026-07-15 22:09:00,Tidur,4,1.0,1.0,1,55.25,6.0,7.599999999999979,1087.0,49.76611966656298,43.58516567212595,,0.9466876050738524,13.221644884247505,0.5058680696074465,1.3489815189531904,1.2779824916398688,-0.811977265394323,-0.2434213534160705,0.9410051993564991,2.0749059827387475,0.7037134665812517,-0.5431524480912052,0.5952617369809906,0.3118710220428209,1.1143730501133502,0,baseline,1.0,-0.1103222317886644,1.1143730501133502,0.38746573819219843,0.684776876784013
2026-07-15 22:10:00,Tidur,4,1.0,1.0,1,53.75,4.0,5.199999999999967,1116.75,40.721615881494685,39.43771460586089,,1.0692881878513407,7.981381817520057,-0.5058680696074465,0.8993210126354603,0.8519883277599115,-0.927899700947476,-0.6876987308697634,0.7905051926095694,1.5789706971519608,0.1188033928983432,-0.5234614994909916,0.3392508408192605,0.29270659664570187,0.6992098914703656,0,baseline,1.0,-0.15050000674692965,0.6992098914703656,-0.4151631586429846,-0.802628896835183
2026-07-15 22:11:00,Tidur,4,1.0,1.0,1,54.75,-5.0,-6.80000000000004,1096.75,44.84324549658139,35.23729085310996,,0.9375884368226826,4.022783764494649,0.1686226898691488,-1.1241512657943253,-1.2779824916398652,-1.0453027381369406,-0.4852391112221646,0.9223344012103193,2.2392641177725916,-0.41048991300121346,-0.623035261912901,0.11637033419948589,0.30368803246944787,0.8139062489067678,0,baseline,1.0,0.13182920860074987,0.8139062489067678,0.11469635743640216,0.5298595160793867
2026-07-15 22:12:00,Tidur,4,1.0,1.0,1,53.0,0.0,-2.400000000000015,1137.0,86.80245772250154,131.5750736271882,,1.0768295507679473,26.76502452035204,-1.011736139214893,0.0,-0.49699319119327634,1.6473656590380699,1.575850055275871,1.137341572156477,2.7430061789740554,-0.5587430606756538,0.9055739651565707,-0.6670306231382739,0.42747926778194456,1.3266221733448498,0,baseline,1.0,0.21500717094615773,1.3266221733448498,0.512715924438082,0.39801956700167984
2026-07-15 22:13:00,Tidur,4,1.0,1.0,1,54.0,6.0,8.799999999999976,1113.25,64.1320252811859,60.72067193304106,,0.9167310735093774,-5.239726644501683,-0.3372453797382976,1.3489815189531904,1.4909795735798457,-0.333034997368868,0.462249960664071,0.9466882284121675,2.168763712656993,0.4160093338005756,-0.00015768243789329568,0.22497656181223374,0.2853850249773866,0.5523792687267938,0,baseline,1.0,-0.19065334374430953,0.5523792687267938,-0.774242904618056,-1.286958829056138
2026-07-15 22:14:00,Tidur,4,1.0,1.0,1,55.5,5.0,4.799999999999987,1082.25,52.62683092618568,79.03796556086195,,1.0015863065808133,24.5410238295362,0.6744907594765952,1.1241512657943253,0.7809893004465893,0.17893856329605273,-0.10289962593604503,0.6886516511082486,1.986326375568396,0.6779786687129966,-0.062126732126337,0.3859717843121844,0.25677333067590147,0.823663503929895,0,baseline,1.0,-0.25803657730391893,0.823663503929895,0.2712842352031012,1.0455271398211572
2026-07-15 22:15:00,Tidur,4,1.0,1.0,1,53.75,-8.0,-10.800000000000017,1119.25,72.5321767677399,55.719535772174794,,0.8842076085545002,-1.95565790362188,-0.5058680696074465,-1.7986420252709205,-1.9879727647731196,-0.47281817383986713,0.8748759445042413,1.2986159013491385,3.956489441093891,-0.8061786728109269,0.05977127175366155,-0.4432533953946549,0.37704771797203607,0.996059843372399,0,baseline,1.0,0.60996425024089,0.996059843372399,0.172396339442504,-0.0988878957605972
2026-07-15 22:16:00,Tidur,4,1.0,1.0,1,57.5,1.0,1.5999999999999441,1043.25,23.62731470142132,31.75951301054011,,0.911471202734943,18.31231628682604,2.023472278429786,0.22483025315886507,0.21299708193997488,-1.1425076168400765,-1.527392259466061,1.251287914913165,2.588221239126168,0.8373705952920713,-0.8885347247319211,0.7394423820843327,0.4641111350707431,1.5009522487519162,0,baseline,1.0,-0.04732798643597347,1.5009522487519162,0.5048924053795173,0.3324960659370133
2026-07-15 22:17:00,Tidur,4,1.0,1.0,1,54.75,3.0,5.1999999999999655,1096.75,41.4356931481382,47.47279922931306,,0.9932711021691024,-14.262856721604438,0.1686226898691488,0.6744907594765952,0.8519883277599112,-0.7033168030315596,-0.6526223593116651,0.65266009163993,1.3329192061686514,0.39936058753575343,-0.5253526275483594,0.46884763727608253,0.232753648329168,0.8423043570698008,0,baseline,1.0,-0.598627823273235,0.8423043570698008,-0.6586478916821155,-1.1635402970616329
2026-07-15 22:18:00,Tidur,4,1.0,1.0,1,54.25,-7.0,-8.400000000000016,1108.0,63.89574842402792,67.19126927411527,,0.7574425125199262,17.35491842852973,-0.1686226898691488,-1.5738117721120555,-1.5619786008931644,-0.15217996345123813,0.45064374489528003,1.0169889656544584,2.418407592693797,-0.663579663105725,0.06260451228194928,-0.3794365717920776,0.3089646599571645,0.8268546228699087,0,baseline,1.0,0.3643288740145284,0.8268546228699087,-0.01544973419989204,0.6431981574822234
2026-07-15 22:19:00,Tidur,4,1.0,1.0,1,56.0,1.0,1.5999999999999805,1071.0,15.513435037626794,19.0,,1.0873898454128514,23.6599971021789,1.011736139214893,0.22483025315886507,0.21299708193998135,-1.4991396303398647,-1.9259562120796607,1.1896430874129993,2.315947714252683,0.5755973270128514,-0.9066481285220978,0.672468028082055,0.4472844011154923,1.3437260494947523,0,baseline,1.0,0.1726541217585409,1.3437260494947523,0.5168714266248435,0.5323211608247356
2026-07-15 22:20:00,Tidur,4,1.0,1.0,1,55.0,2.0,5.599999999999961,1093.5,67.3918887305191,104.64224768228175,,0.9565266215906684,-4.061546750219657,0.3372453797382976,0.44966050631773014,0.9229873550732361,0.8945855225205602,0.6223785446686345,0.6863633126397514,2.093119321107213,0.42913113994479657,0.5227872324491439,-0.051465340102539545,0.2398098930685163,0.7194563862580964,0,baseline,1.0,-0.5032797747732479,0.7194563862580964,-0.6242696632366559,-1.1411410898614993
2026-07-15 22:21:00,Tidur,4,1.0,1.0,1,53.5,3.0,6.399999999999957,1125.25,78.18514351631431,107.1354283138869,,0.7585236821378902,-8.629096215679347,-0.6744907594765952,0.6744907594765952,1.0649854096998872,0.9642706294626144,1.1525567660918024,0.9276070760856113,1.991089770551777,-0.008874645416109146,0.7413122140843289,-0.3906804285927352,0.32833799407194475,0.9000331070124383,0,baseline,1.0,0.24124376344585996,0.9000331070124383,0.18057672075434195,0.8048463839909978
2026-07-15 22:22:00,Tidur,4,1.0,1.0,1,55.5,-7.0,-6.4000000000000234,1083.75,68.77196618778129,111.38671374989029,,0.9921256086772057,5.485021230213762,0.6744907594765952,-1.5738117721120555,-1.2069834643265365,1.0830952651483015,0.6901696814701519,1.0989140006772842,2.5653481470670942,-0.2749595416543654,0.5603523497025891,-0.42961263348438444,0.3803526703167952,0.8478400049717494,0,baseline,1.0,0.17130692459167285,0.8478400049717494,-0.05219310204068894,-0.2327698227950309
2026-07-15 22:23:00,Tidur,4,1.0,1.0,1,54.0,-1.0,-2.400000000000003,1112.0,45.687343250985094,66.385239323211,,1.089403680627234,-22.729296039440896,-0.3372453797382976,-0.22483025315886507,-0.4969931911932742,-0.17470872956438613,-0.4437759701198141,0.3574200813677279,1.1735688732403344,-0.3162573426303694,-0.1386851765625957,-0.09735535016260699,0.1306019127265159,0.3818209119193572,0,baseline,1.0,-0.7414939193095562,0.3818209119193572,-0.4660190930523922,-0.41382599101170325
2026-07-15 22:24:00,Tidur,4,1.0,1.0,1,55.5,-5.0,-5.6000000000000245,1082.0,48.173298274735835,60.340699366182356,,0.9722148254190834,15.589268244717633,0.6744907594765952,-1.1241512657943253,-1.0649854096998848,-0.3436553385591284,-0.321662739293025,0.7841445894029508,1.4731384733564972,-0.12536032315994977,-0.38364288574037514,0.14110751296113858,0.26762739398998947,0.5044133489806951,0,baseline,1.0,0.42672450803522294,0.5044133489806951,0.12259243706133793,0.5886115301137301
2026-07-15 22:25:00,Tidur,4,1.0,1.0,1,51.0,1.0,1.599999999999978,1176.25,19.189841062395487,23.338094752285727,,0.8859879374244765,16.91977353954189,-2.3607176581680833,0.22483025315886507,0.21299708193998088,-1.3778886496023925,-1.7453665339775073,1.4569684780302412,3.0511412549736674,-0.8333481330387352,-0.6181693949776162,-0.11779884263761234,0.516607172599822,1.1650588181866532,0,baseline,1.0,0.6728238886272904,1.1650588181866532,0.6606454692059581,0.5380530321446202
2026-07-15 22:26:00,Tidur,4,1.0,1.0,1,55.75,4.0,3.599999999999975,1077.0,39.941624069801335,65.55150646628954,,0.959062859695603,1.5676729995785195,0.8431134493457441,0.8993210126354603,0.5679922185066096,-0.19801179977084413,-0.7260129076084113,0.6940514602508833,2.1500528567058574,0.6743657965063712,-0.42929526807032253,0.5420214695826799,0.27598926994836936,1.004500375958339,0,baseline,1.0,-0.7629170177793579,1.004500375958339,-0.16055844222831417,-0.8212039114342723
2026-07-15 22:27:00,Tidur,4,1.0,1.0,1,54.5,-4.0,-6.400000000000022,1102.0,48.173298274735835,48.99659852139398,,0.7082007188497412,-11.317248539008816,0.0,-0.8993210126354603,-1.206983464326536,-0.6607261799211432,-0.321662739293025,0.749081219843087,1.8653203479796996,-0.4225923821422668,-0.41680176070776365,-0.0031848310208397353,0.22871130872916945,0.6361030066451567,0,baseline,1.0,0.055029759592203686,0.6361030066451567,-0.36839736931318234,-0.20783892708486817
2026-07-15 22:28:00,Tidur,4,1.0,1.0,1,55.75,7.0,9.199999999999974,1077.75,58.56264452134427,47.28988616325201,,0.9717197275390779,12.327596904582773,0.8431134493457441,1.5738117721120555,1.5619786008931713,-0.7084292751918128,0.1886749877497538,1.110402739649495,2.6482806219723343,0.8243211221021648,-0.47079407340381935,0.6121254296894497,0.3505166995867879,1.1826714971866197,0,baseline,1.0,0.36132151980640814,1.1826714971866197,0.546568490541463,0.9149658598546453
2026-07-15 22:29:00,Tidur,4,1.0,1.0,1,52.75,5.0,7.599999999999976,1139.0,57.42241142039695,51.54932912592882,,0.9368361605512427,10.797712526479518,-1.1803588290840417,1.1241512657943253,1.277982491639868,-0.5893766343181284,0.13266530675309288,0.9649007392906005,2.2473948625626585,-0.11967826204500615,-0.054863909061884195,-0.03563280169281441,0.32206997181732977,0.34975948625671166,0,baseline,1.0,-0.1455020003588946,0.34975948625671166,-0.832912010929908,-1.379480501471371
2026-07-15 22:30:00,Tidur,4,1.0,1.0,1,55.0,0.0,0.7999999999999633,1092.0,49.2679747232757,71.75421009715504,,1.2774108290096895,-13.704776924150842,0.3372453797382976,0.0,0.07099902731332658,-0.02464447115957978,-0.26789085823963665,0.19552399848682078,0.6692092648567055,0.19365789184961796,-0.1469055495150338,0.1851496160715603,0.09195770576602524,0.319094374026164,0,baseline,1.0,-0.7693767408037797,0.319094374026164,-0.030665112230547686,0.8022468986993603
2026-07-15 22:31:00,Tidur,4,1.0,1.0,1,54.5,6.0,9.599999999999968,1103.75,71.15417532841391,70.743668739094,,0.7136276662058388,-2.6127714223393976,0.0,1.3489815189531904,1.6329776282064958,-0.05288938920248723,0.8071867843093086,1.013973852222431,2.397249697235151,0.5714283073287048,0.17101060822557068,0.2167370151348053,0.29652092003783204,0.7004816402246782,0,baseline,1.0,0.8184498537356103,0.7004816402246782,0.3813872661985142,0.4120523784290619
2026-07-15 22:32:00,Tidur,4,1.0,1.0,1,55.25,3.0,5.199999999999981,1087.0,43.45879274285777,50.790419044015245,,1.2901582763174946,33.66802499079934,0.5058680696074465,0.6744907594765952,0.851988327759914,-0.6105883867066838,-0.553245168077193,0.6504802522888217,1.3607433648711005,0.5429807382020674,-0.5192472065532474,0.5257297308090106,0.23172208631512659,0.9457973454787038,0,baseline,1.0,-0.3634935999336094,0.9457973454787038,0.24531570525402557,-0.13607156094448863
2026-07-15 22:33:00,Tidur,4,1.0,1.0,1,53.25,2.0,5.19999999999998,1129.5,66.96018717616212,99.61258287318257,,1.0374217752229655,16.65019684272984,-0.8431134493457441,0.44966050631773014,0.8519883277599137,0.7540049622267362,0.6011728225007653,0.716777680403737,1.8708891217103751,-0.19835154002938024,0.6252741966383718,-0.42435709200127286,0.2618140162557787,0.8239761374296867,0,baseline,1.0,0.06629742811491535,0.8239761374296867,-0.12182120804901708,-0.36713691330304266
2026-07-15 22:34:00,Tidur,4,1.0,1.0,1,54.25,-3.0,-1.200000000000024,1108.5,65.76980056733233,115.67915398491928,,1.1143715167901675,-18.585986229030613,-0.1686226898691488,-0.6744907594765952,-0.28399610925330043,1.2030701891584377,0.5426995382505001,0.6791061559267533,2.316880731058068,-0.32541278144247016,0.6810597921466544,-0.5031835381320978,0.28363251258864686,0.9504614637371965,0,baseline,1.0,-0.03767152447698374,0.9504614637371965,0.12648532630750986,0.24830653435652694
2026-07-15 22:35:00,Tidur,4,1.0,1.0,1,54.0,0.0,3.1999999999999735,1114.0,68.54682098147708,116.89311356961966,,1.189944272617696,-21.440534343931944,-0.3372453797382976,0.0,0.4969931911932835,1.2370007044250806,0.6791102663623558,0.6858714420172644,2.425089319133387,-0.11048312067889035,0.7247491559443887,-0.42957692654872254,0.2770606574391431,0.8937375468898612,0,baseline,1.0,0.00676528609051108,0.8937375468898612,-0.056723916847335354,-0.1832092431548452
2026-07-15 22:36:00,Tidur,4,1.0,1.0,1,56.75,-3.0,-3.600000000000028,1057.25,27.5,31.75426480542942,,0.975649643569263,18.50445071646263,1.5176042088223392,-0.6744907594765952,-0.7099902731332561,-1.1426543056638852,-1.3371610970891392,1.1274577747320982,2.1033135362112483,0.4821920986751411,-0.8527837562321002,0.6256504911974363,0.41778305641825053,1.2352046689856042,0,baseline,1.0,0.44158633271483383,1.2352046689856042,0.34146712209574304,0.3981910389430784
2026-07-15 22:37:00,Tidur,4,1.0,1.0,1,58.25,0.0,1.1999999999999813,1029.75,27.5,44.90731195102493,,0.7874039563576085,12.631847376510589,2.529340348037232,0.0,0.14199805462665563,-0.7750229012900275,-1.3371610970891392,1.3271312173873013,2.972744611592293,0.8880105008455994,-0.8528246528268205,0.7431414540069882,0.48459666518252176,1.5175525317598995,0,baseline,1.0,0.19967344265520315,1.5175525317598995,0.28234786277429524,-0.05911925932144779
2026-07-15 22:38:00,Tidur,4,1.0,1.0,1,54.5,-2.0,-4.000000000000029,1103.5,68.08573027196424,93.68030742904295,,0.9098284086427573,12.35689073961485,0.0,-0.44966050631773014,-0.7809893004465823,0.5881961782605127,0.6564609120076346,0.5637472006969307,1.4863314119482594,-0.2468414804639731,0.45232790236659376,-0.36664642702398,0.1984908778918224,0.6628419712063546,0,baseline,1.0,-0.7633840166903706,0.6628419712063546,-0.8547105605535449,-1.13705842332784
2026-07-15 22:39:00,Tidur,4,1.0,1.0,1,54.75,-3.0,-5.200000000000022,1098.25,65.9311509581523,85.43418519538885,,0.7617310812717522,5.926075350606652,0.1686226898691488,-0.6744907594765952,-0.9939863823865587,0.3577147191856927,0.5506252719544289,0.616851414031763,1.5696402429619365,-0.2530817297625767,0.2919300945369245,-0.2910897638775145,0.19251945469447218,0.5206443441602719,0,baseline,1.0,0.053104213334832284,0.5206443441602719,-0.14219762704608263,0.7125129335074623
2026-07-15 22:40:00,Tidur,4,1.0,1.0,1,54.5,-5.0,-7.199999999999998,1102.0,48.173298274735835,38.828683555673976,,0.5598428180033148,-24.46109834064086,0.0,-1.1241512657943253,-1.3489815189531835,-0.9449222918200766,-0.321662739293025,0.9033064000982415,2.3512837105778956,-0.4926795238125189,-0.537137046380314,0.024446765508124947,0.2854907046132453,0.78316786613259,0,baseline,1.0,0.28645498606647846,0.78316786613259,0.2625235219723181,0.4047211490184007
2026-07-15 22:41:00,Tidur,4,1.0,1.0,1,53.0,1.0,3.9999999999999583,1134.75,68.03614235585867,106.9657265981336,,1.023586301891924,-13.67341048477953,-1.011736139214893,0.22483025315886507,0.6389912458199325,0.9595274182966808,0.6540250913319724,0.7524506836887497,2.0882372056371254,-0.374078752756271,0.7131641359024656,-0.5356131800660334,0.2939275166160016,1.010847595676864,0,baseline,1.0,-0.1508557164094918,1.010847595676864,0.22767972954427407,-0.03484379242804403
2026-07-15 22:42:00,Tidur,4,1.0,1.0,1,53.0,-4.0,-5.600000000000024,1134.25,61.76501167057824,75.35250493513803,,1.1391110971966514,-3.8738932660597474,-1.011736139214893,-0.8993210126354603,-1.0649854096998848,0.07592889180307512,0.34597928133127115,0.7863903714766228,1.793044837271208,-0.7556511088684986,0.31906244004390344,-0.5306808556834757,0.2686610039736196,1.0132178169702801,0,baseline,1.0,0.03393968778787315,1.0132178169702801,0.0023702212934160194,-0.22530950825085805
2026-07-15 22:43:00,Tidur,4,1.0,1.0,1,54.0,2.0,-2.210995634153739e-14,1112.75,56.10926839658489,100.14323075808302,,1.075141393043905,15.651522369023972,-0.3372453797382976,0.44966050631773014,-0.07099902731332253,0.7688367213616751,0.06816207333038397,0.4281882416253512,2.480027263194781,-0.06116023132804634,0.4678777144973476,-0.2830281565722481,0.19225162218387248,0.5828513989554945,0,baseline,1.0,-0.35820212985127164,0.5828513989554945,-0.4303664180147856,-0.4327366393082016
2026-07-15 22:44:00,Tidur,4,1.0,1.0,1,52.5,6.0,7.199999999999981,1146.75,78.3640010889354,99.60756330051782,,1.0882601680005528,7.496534981532475,-1.3489815189531904,1.3489815189531904,1.2069834643265431,0.753864663744744,1.161342474538629,1.1843428249052468,2.2733358303633504,-0.1549398425612813,0.7507874902790129,-0.4606610117559238,0.40968118450290414,0.9837354578645966,0,baseline,1.0,0.7561545832798956,0.9837354578645966,0.40088405890910206,0.8312504769238876
2026-07-15 22:45:00,Tidur,4,1.0,1.0,1,54.0,1.0,-2.210995634153739e-14,1112.0,43.520110293977886,68.61243813381556,,0.724557666082542,-0.5227517991853308,-0.3372453797382976,0.22483025315886507,-0.07099902731332253,-0.11245789008218116,-0.5502331730080435,0.3113606502080767,1.4455486822471268,-0.12798006493483804,-0.13120037726052056,0.0017711699270432175,0.14347238521736372,0.23276575860056897,0,baseline,1.0,-0.8729821746971701,0.23276575860056897,-0.7509696992640276,-1.1518537581731296
2026-07-15 22:46:00,Tidur,4,1.0,1.0,1,54.0,3.0,6.399999999999974,1113.75,66.8649135695745,94.67312184564318,,0.8779159007395908,14.012129201981281,-0.3372453797382976,0.6744907594765952,1.0649854096998903,0.6159456232535366,0.5964928633696536,0.6982920449931965,1.7097311504600679,0.17479648224866684,0.5045135030714919,-0.1793822837604384,0.22533893954871165,0.6066657451941927,0,baseline,1.0,0.38693139478511984,0.6066657451941927,0.3738999865936237,1.1248696858576512
2026-07-15 22:47:00,Tidur,4,1.0,1.0,1,55.0,5.0,3.1999999999999784,1094.0,71.57280675414837,129.0116273829611,,1.1314228415854533,-4.392015380029301,0.3372453797382976,1.1241512657943253,0.4969931911932844,1.5757166082614462,0.8277504853552474,0.9790307903422754,3.4069143218813687,0.5351107615854391,0.7641577186258833,-0.1253136214146049,0.37919229516518416,1.0147762544151033,0,baseline,1.0,0.28073874534907883,1.0147762544151033,0.40811050922091063,0.03421052262728691
2026-07-15 22:48:00,Tidur,4,1.0,1.0,1,53.5,4.0,6.399999999999957,1123.75,61.08123006838243,69.53416426476987,,1.0989182246396259,-9.042561934749655,-0.6744907594765952,0.8993210126354603,1.0649854096998872,-0.08669538286846022,0.3123910708341771,0.7075329337646769,1.4701172896407622,0.058507301219096204,0.1638238156760659,-0.05785938749389706,0.23019061056547385,0.2942732960910355,0,baseline,1.0,-0.2714978565775985,0.2942732960910355,-0.7205029583240679,-1.1286134675449784
2026-07-15 22:49:00,Tidur,4,1.0,1.0,1,51.0,-1.0,-1.6000000000000265,1176.25,19.189841062395487,23.338094752285727,,0.7832403423641073,11.39947615928047,-2.3607176581680833,-0.22483025315886507,-0.35499513656662673,-1.3778886496023925,-1.7453665339775073,1.462493727845682,3.074519655444624,-0.8894095712269054,-0.6181693949776162,-0.1480851635911624,0.516607172599822,1.2091298411396616,0,baseline,1.0,0.7549607940810051,1.2091298411396616,0.9148565450486261,1.635359503372694
2026-07-15 22:50:00,Tidur,4,1.0,1.0,1,53.0,0.0,-2.5863263106202563e-14,1132.0,24.24871130596428,34.292856398964496,,0.9310437700198362,-9.65908224460596,-1.011736139214893,0.0,-0.07099902731332319,-1.0716999494350712,-1.4968684783515294,0.9399794572621737,1.9538676772682286,-0.5132298068263131,-0.6418449097314636,0.07062055295699653,0.37482365390293404,0.9060075920146937,0,baseline,1.0,-0.5225142705835083,0.9060075920146937,-0.3031222491249679,-1.217978794173594
2026-07-15 22:51:00,Tidur,4,1.0,1.0,1,56.25,7.0,8.399999999999975,1071.0,87.65842800324451,108.2466319722389,,0.8775586540741014,2.735071865234949,1.1803588290840417,1.5738117721120555,1.4199805462665198,0.9953290873958478,1.6178963897729175,1.378023507162849,2.784368051702944,0.870305567739895,0.6143217355648676,0.1398681647248262,0.4574580937610421,1.1677559621245654,0,baseline,1.0,0.43804404990067536,1.1677559621245654,0.26174837010987173,0.5648706192348396
2026-07-15 22:52:00,Tidur,4,1.0,1.0,1,55.75,-8.0,-7.600000000000014,1079.75,78.24906815206599,120.62338081814819,,0.7290278992381987,-6.342288744941049,0.8431134493457441,-1.7986420252709205,-1.4199805462665123,1.3412627337545788,1.1556968244301409,1.3488453615051963,2.929277698398345,-0.2811011456513635,0.6952237302204594,-0.49069753637601665,0.44843915589229133,1.0021155811038176,0,baseline,1.0,-0.029178145657652754,1.0021155811038176,-0.16564038102074785,-0.4273887511306196
2026-07-15 22:53:00,Tidur,4,1.0,1.0,1,54.75,3.0,4.399999999999996,1096.25,41.85988533190219,47.808646358861346,,0.6659283583654021,17.138034173626366,0.1686226898691488,0.6744907594765952,0.7099902731332649,-0.6939297803497387,-0.631785506852147,0.6112526565711646,1.1584731676254234,0.381307108332468,-0.5178023261168907,0.4577887704462054,0.22984024754688093,0.8221383445235914,0,baseline,1.0,-0.7375927049340317,0.8221383445235914,-0.17997723658022624,-0.01433685555947839
2026-07-15 22:54:00,Tidur,4,1.0,1.0,1,56.5,0.0,-2.6233741619873606e-14,1062.0,32.331615074619044,45.723808531952656,,0.8990543553147209,21.994416368132256,1.3489815189531904,0.0,-0.07099902731332326,-0.7522015898942549,-1.099826100584268,0.848553673461206,1.776390886114502,0.6238539124550433,-0.7435908153534544,0.6363968991246998,0.3455628370721838,1.2110060661881052,0,baseline,1.0,0.23730101689004146,1.2110060661881052,0.3888677216645139,0.5688449582447401
2026-07-15 22:55:00,Tidur,4,1.0,1.0,1,55.25,5.0,9.199999999999957,1089.5,76.96536017369546,96.36735270135144,,1.1037755237395626,4.644806608578919,0.5058680696074465,1.1241512657943253,1.5619786008931682,0.6632998569853088,1.0926394773827115,1.0576600067786834,2.3399130708699993,0.6909490886730315,0.49056276004277394,0.109768395652234,0.327719579983462,0.9151566469558526,0,baseline,1.0,0.2091063333174774,0.9151566469558526,-0.2958494192322526,-0.6847171408967665
2026-07-15 22:56:00,Tidur,4,1.0,1.0,1,53.5,0.0,-3.8257100522119294e-14,1121.5,12.12435565298214,17.146428199482248,,1.2657680135333047,-2.350020105950054,-0.6744907594765952,0.0,-0.07099902731332539,-1.5509474887462957,-2.092432045002421,1.203635212371274,2.390557114538935,-0.3641133203691265,-0.8458063114720041,0.25890198554653193,0.4520702360266189,1.0580002660761512,0,baseline,1.0,0.14597520559259047,1.0580002660761512,0.14284361912029853,0.43869303835255113
2026-07-15 22:57:00,Tidur,4,1.0,1.0,1,52.5,3.0,3.99999999999998,1143.0,36.959437225152655,40.93490767873633,,0.9854743445952643,25.379931220716273,-1.3489815189531904,0.6744907594765952,0.6389912458199364,-0.8860527292224241,-0.8725016682858899,0.9197116217005472,1.8578457940534536,-0.41674295860479227,-0.41003900797021436,-0.0036871561397709956,0.3540898126256752,0.683520206087251,0,baseline,1.0,-0.2839235906707267,0.683520206087251,-0.3744800599889002,-0.5173236791091987
2026-07-15 22:58:00,Tidur,4,1.0,1.0,1,52.0,6.0,7.19999999999998,1157.0,70.90839160494335,86.56404180335697,,0.9613455012399148,18.810306226543723,-1.6862268986914881,1.3489815189531904,1.206983464326543,0.3892945323598207,0.7951135793354127,1.1750469958665055,2.3440641439509458,-0.3289789169362613,0.6352299422890285,-0.48562174404943625,0.406587386177397,0.9554506728561458,0,baseline,1.0,0.2553353741659583,0.9554506728561458,0.2719304667688949,0.6464105267577951
2026-07-15 22:59:00,Tidur,4,1.0,1.0,1,55.0,0.0,1.5999999999999905,1091.0,32.68026927673638,56.592107812544555,,1.009109339260158,13.161198591152004,0.3372453797382976,0.0,0.2129970819399831,-0.4484295374221898,-1.0826997685890705,0.5536117849188693,1.726727977907197,0.21407149883994697,-0.5261166757154472,0.3860105270429155,0.23866185333408763,0.7270412438825361,0,baseline,1.0,-0.6214352109476362,0.7270412438825361,-0.22840942897360972,-0.5003398957425046
2026-07-15 23:00:00,Tidur,4,1.0,1.0,1,53.25,2.0,1.9999999999999638,1129.5,69.99761900712528,99.79311933528616,,1.1757148557998955,16.40973934757909,-0.8431134493457441,0.44966050631773014,0.2839961092533042,0.7590510076312078,0.7503752862426156,0.6531324753631915,1.385918112773469,-0.2786472335190262,0.6490726426637978,-0.47013679499722566,0.2740922625761574,0.8916808569307483,0,baseline,1.0,0.09952069044432221,0.8916808569307483,0.16463961304821217,0.3930490420218219
2026-07-15 23:01:00,Tidur,4,1.0,1.0,1,51.5,1.0,1.5999999999999788,1165.25,29.31865162884087,39.098167049961134,,1.048575563215801,-20.817947954147467,-2.023472278429786,0.22483025315886507,0.21299708193998104,-0.9373901515970761,-1.247826646536172,1.151184441984963,2.459541333649461,-0.767210345287603,-0.3993091746449597,-0.19962853748140516,0.43651713540712644,0.9891705077250182,0,baseline,1.0,0.49805196662177154,0.9891705077250182,0.09748965079426997,-0.06714996225394221
2026-07-15 23:02:00,Tidur,4,1.0,1.0,1,54.25,2.0,3.599999999999965,1106.25,35.188776619825816,45.070315434145044,,0.7363233198050885,-8.23049105484357,-0.1686226898691488,0.44966050631773014,0.5679922185066079,-0.7704669076290951,-0.9594787395315113,0.6430337549661295,1.3005395311753931,0.12667041492775247,-0.5579846941372397,0.35971657220603315,0.2557424619661952,0.722628903436326,0,baseline,1.0,-0.5081506870188336,0.722628903436326,-0.2665416042886922,-0.3640312550829622
2026-07-15 23:03:00,Tidur,4,1.0,1.0,1,54.0,-4.0,-4.800000000000008,1114.5,77.17296590559849,104.87452820712313,,0.7976794812280613,3.50110080725851,-0.3372453797382976,-0.8993210126354603,-0.9229873550732302,0.9010778291785448,1.1028373314945648,0.8720791043847739,1.7055533950319852,-0.5325725047613046,0.6851470566752996,-0.5848126185119726,0.318938808714066,1.0939779360541664,0,baseline,1.0,0.2290453494186444,1.0939779360541664,0.37134903261784036,0.6378906369065326
2026-07-15 23:04:00,Tidur,4,1.0,1.0,1,54.75,-3.0,-2.800000000000034,1096.25,41.85988533190219,62.30302293361588,,0.906779036787885,20.026390967859292,0.1686226898691488,-0.6744907594765952,-0.5679922185066055,-0.28880783737206855,-0.631785506852147,0.5076513468982491,1.1044981255843285,-0.192376256123778,-0.33683239339452414,0.07928412020180516,0.1972926961893009,0.4423517433512645,0,baseline,1.0,-0.3644277574865248,0.4423517433512645,-0.6516261927029019,-1.0229752253207423
2026-07-15 23:05:00,Tidur,4,1.0,1.0,1,54.0,-7.0,-6.400000000000018,1114.75,79.78042784208836,129.00258395344903,,1.2350905980219804,-14.919872312274858,-0.3372453797382976,-1.5738117721120555,-1.2069834643265354,1.575463841837432,1.2309191343753958,1.2684380359843863,2.8277956755777844,-0.68510715298122,0.8459351895790231,-0.6869056516724747,0.4366915682281868,1.3592339960784203,0,baseline,1.0,0.7607866890861372,1.3592339960784203,0.9168822527271558,1.5685084454300577
2026-07-15 23:06:00,Tidur,4,1.0,1.0,1,51.0,-2.0,-3.2000000000000104,1176.5,27.135462651912412,27.135462651912412,,0.985707435782,-28.338865977782298,-2.3607176581680833,-0.44966050631773014,-0.6389912458199272,-1.27175113801205,-1.3550676291489359,1.388312031307464,2.9550167056317598,-0.9102775751400841,-0.5124793922939237,-0.21536353164073596,0.4930239951084717,1.175029574879862,0,baseline,1.0,0.11987399532307763,1.175029574879862,-0.1842044211985583,-1.1010866739257141
2026-07-15 23:07:00,Tidur,4,1.0,1.0,1,54.25,8.0,11.599999999999962,1109.75,79.72609359550987,68.43488389215936,,1.0230471255052178,-0.06467081952892784,-0.1686226898691488,1.7986420252709205,1.9879727647731242,-0.11742058157792788,1.2282501679899025,1.3219658488958335,3.2847255924887206,0.6321841874868537,0.2693898018783381,0.19693023218321606,0.3868707756322123,0.8128211523148672,0,baseline,1.0,-0.06634618241163048,0.8128211523148672,-0.36220842256499486,-0.17800400136643657
2026-07-15 23:08:00,Tidur,4,1.0,1.0,1,53.5,-4.0,-4.80000000000003,1122.0,37.33630940518894,39.43771460586089,,1.177106190316251,-5.0853795353901425,-0.6744907594765952,-0.8993210126354603,-0.9229873550732342,-0.927899700947476,-0.8539892337996333,0.8609201115639207,1.6733372915636917,-0.6522555175549456,-0.5291356904396993,-0.06761259191200808,0.31460317283724804,0.8994267385520014,0,baseline,1.0,-0.4610457373319128,0.8994267385520014,0.08660558623713421,0.44881400880212907
2026-07-15 23:09:00,Tidur,4,1.0,1.0,1,57.0,-4.0,-6.400000000000022,1053.0,42.72391992003231,42.72391992003231,,1.0241348511038055,-32.77584043554284,1.6862268986914881,-0.8993210126354603,-1.206983464326536,-0.836049328836993,-0.5893430434549324,1.1095271266547366,2.41277796227993,0.44350125046573985,-0.7372410692948287,0.5712714865279951,0.3841104849415071,1.1018664752961504,0,baseline,1.0,0.24860701509081595,1.1018664752961504,0.20243973674414906,0.11583415050701484
2026-07-15 23:10:00,Tidur,4,1.0,1.0,1,51.0,1.0,1.5999999999999703,1176.25,19.189841062395487,23.671361036774655,,0.9040638584709517,22.732104187130524,-2.3607176581680833,0.22483025315886507,0.21299708193997954,-1.368573762273174,-1.7453665339775073,1.4552115132823977,3.0518131492904863,-0.8333481330387353,-0.6149939192691272,-0.11952076267738534,0.5161814215469418,1.163363702475865,0,baseline,1.0,0.3456843866276611,1.163363702475865,0.06149722717971451,-0.14094250956443455
2026-07-15 23:11:00,Tidur,4,1.0,1.0,1,55.75,-1.0,-1.2000000000000073,1075.75,18.191115047370424,24.528894525980306,,0.9656548985356478,15.966089266692382,0.8431134493457441,-0.22483025315886507,-0.28399610925329744,-1.3446054576328417,-1.7944252093116524,1.0835098882597574,2.0660141732641466,0.33962086956659715,-0.875639925298322,0.5839220949995935,0.41609687675857354,1.181604518313372,0,baseline,1.0,-0.37170162502264037,1.181604518313372,0.01824081583750714,-0.04325641134220737
2026-07-15 23:12:00,Tidur,4,1.0,1.0,1,54.25,1.0,-1.200000000000024,1108.25,62.29165273132509,103.64201207361167,,1.0534723009822804,12.07582118913336,-0.1686226898691488,0.22483025315886507,-0.28399610925330043,0.8666286531008943,0.37184855120921767,0.45802895361692225,2.2031435232977485,-0.06778869599855479,0.5394166086105632,-0.32207712701920443,0.1975084506108017,0.6620489776155011,0,baseline,1.0,-0.6254809346428352,0.6620489776155011,-0.519555540697871,-0.5377963565353782
2026-07-15 23:13:00,Tidur,4,1.0,1.0,1,57.25,-3.0,-2.00000000000005,1048.25,38.03835783346419,68.25686778632608,,1.0083517609913502,-6.997045471375795,1.8548495885606369,-0.6744907594765952,-0.4259941638799567,-0.12239618230863528,-0.8195037338792792,0.9760576831057138,2.509078563560728,0.6374822955374841,-0.5670498645959677,0.5800198948476276,0.3803760108512977,1.0995627376881436,0,baseline,1.0,0.5180287294887915,1.0995627376881436,0.43751376007264253,0.9570693007705136
2026-07-15 23:14:00,Tidur,4,1.0,1.0,1,57.0,-4.0,-4.799999999999995,1053.25,38.5,44.45597072760118,,0.9656000525832001,-12.673035882970952,1.6862268986914881,-0.8993210126354603,-0.922987355073228,-0.7876380167064312,-0.79682729126347,1.0732522977126093,2.0674456361383444,0.4770671851915545,-0.7485518101430031,0.5876641352879796,0.3906428469716755,1.1339637919479018,0,baseline,1.0,0.09719461460689549,1.1339637919479018,0.034401054259758146,-0.4031127058128844
2026-07-15 23:15:00,Tidur,4,1.0,1.0,1,57.25,-2.0,-0.4000000000000208,1048.75,44.83581157958446,80.30359062125844,,1.1712869206857293,12.91533904445796,1.8548495885606369,-0.44966050631773014,-0.14199805462664813,0.2143131432860679,-0.4856042745551777,0.888207931679812,2.5565465056280883,0.6982971674895876,-0.3579204470128024,0.5233335567314545,0.3578718907788039,1.0087994262114823,0,baseline,1.0,-0.18504436603279728,1.0087994262114823,-0.12516436573641943,-0.15956541999617757
2026-07-15 23:16:00,Tidur,4,1.0,1.0,1,56.5,8.0,10.39999999999996,1065.0,75.92101158440923,74.54752399196994,,1.0844720332939235,12.615999592823384,1.3489815189531904,1.7986420252709205,1.7749756828331462,0.05342944575416652,1.0413397639411026,1.363278853194418,3.072932169717789,0.9134182553010994,0.01992219606559836,0.4553449869021204,0.4254515717777524,1.1059285239283925,0,baseline,1.0,0.47507092151460595,1.1059285239283925,0.09712909771691014,0.22229346345332957
2026-07-15 23:17:00,Tidur,4,1.0,1.0,1,54.0,-1.0,-4.800000000000014,1114.75,76.00603046250124,125.83719640869309,,0.7668775592035743,-11.40269249772076,-0.3372453797382976,-0.22483025315886507,-0.9229873550732313,1.4869903607052806,1.045515997938056,0.9295625617773359,3.039832548742942,-0.37255114544416473,0.816648837125155,-0.5743967811867645,0.3406131571361546,1.1187755200224938,0,baseline,1.0,-0.4337162914170821,1.1187755200224938,0.012846996094101337,-0.0842821016228088
2026-07-15 23:18:00,Tidur,4,1.0,1.0,1,56.0,-1.0,-2.718884308116782e-14,1072.25,42.601838770957606,67.54257916307313,,1.0592190955818013,20.774693379761644,1.011736139214893,-0.22483025315886507,-0.07099902731332343,-0.14236075225109812,-0.5953398227184874,0.5392393917926162,1.4858400410400165,0.4449259771723926,-0.4048871448545823,0.43609391824636645,0.23597279761003143,0.7795856540333956,0,baseline,1.0,-0.3903231699847197,0.7795856540333956,-0.33918986598909817,-0.3520368620831995
2026-07-15 23:19:00,Tidur,4,1.0,1.0,1,54.25,-2.0,-2.0000000000000315,1105.75,20.1059692628831,29.698484809834994,,0.6214292304466631,23.244501234073013,-0.1686226898691488,-0.44966050631773014,-0.4259941638799534,-1.2001139405681165,-1.7003651669598987,0.974024063511462,1.88872324009688,-0.28355138741792724,-0.7823614655197711,0.2676637193094413,0.3797332560478194,0.9530645646650165,0,baseline,1.0,0.4347846717188458,0.9530645646650165,0.1734789106316209,0.5126687766207191
2026-07-15 23:20:00,Tidur,4,1.0,1.0,1,53.25,-3.0,-2.800000000000028,1127.25,36.745748053346254,56.57148869645675,,1.0241715688004627,2.0215766202983385,-0.8431134493457441,-0.6744907594765952,-0.5679922185066044,-0.449005847574537,-0.8829983486009707,0.7028065976012485,1.5829529299093879,-0.6358991304072937,-0.29047056485651657,-0.18773242055015216,0.2793837071186316,0.7759120894984074,0,baseline,1.0,-0.27121746591021345,0.7759120894984074,-0.17715247516660915,-0.35063138579823006
2026-07-15 23:21:00,Tidur,4,1.0,1.0,1,55.5,2.0,2.3999999999999644,1083.0,59.121344143493,81.83316361150085,,0.9301274839789936,7.84032863096915,0.6744907594765952,0.44966050631773014,0.3549951365666302,0.2570651429003505,0.21611901439966166,0.4233069379603058,0.9668101903383487,0.5073222419006918,0.060443659508659923,0.24095075247376313,0.1781556564567981,0.592305661079791,0,baseline,1.0,-0.27949965964094275,0.592305661079791,-0.1836064284186164,-0.006453953252007261
2026-07-15 23:22:00,Tidur,4,1.0,1.0,1,56.5,-4.0,-5.600000000000039,1062.5,36.737809769591145,31.458967984768137,,0.8325049950316961,-10.551200610590113,1.3489815189531904,-0.8993210126354603,-1.0649854096998874,-1.1509079356923606,-0.8833882870621637,1.083299338805008,2.2170470071308737,0.3026150020125398,-0.8088322577649748,0.5450387381629099,0.3852208662354838,1.0914429909645622,0,baseline,1.0,0.6599924008447022,1.0914429909645622,0.4991373298847712,0.6827437583033876
2026-07-15 23:23:00,Tidur,4,1.0,1.0,1,53.25,4.0,2.799999999999994,1128.5,59.16361494477272,104.41902764024061,,1.028259134995971,-7.153213203586178,-0.8431134493457441,0.8993210126354603,0.4259941638799613,0.8883464589308389,0.21819540921155,0.7124406315744621,2.6704949775914706,-0.12928926876510677,0.6117806072925454,-0.3864231281624389,0.29053793515836346,0.7903963260428162,0,baseline,1.0,-0.3708587072305459,0.7903963260428162,-0.30104666492174603,-0.8001839948065173
2026-07-15 23:24:00,Tidur,4,1.0,1.0,1,54.5,-5.0,-4.799999999999999,1102.5,54.823960698463466,82.57723657279892,,1.1454491249829566,-1.6440677008411946,0.0,-1.1241512657943253,-0.9229873550732286,0.277862193552619,0.0050261460410223275,0.6622468401981177,1.4895675611181132,-0.4427880450572644,0.1528728747704728,-0.31637477852241463,0.22812695920340065,0.6095623665275929,0,baseline,1.0,-0.05019379137634439,0.6095623665275929,-0.1808339595152233,0.12021270540652274
2026-07-15 23:25:00,Tidur,4,1.0,1.0,1,54.75,6.0,5.9999999999999885,1097.75,59.117820212408596,86.2902080192185,,0.8898650495745319,-11.076836924920762,0.1686226898691488,1.3489815189531904,0.993986382386567,0.38164080029960024,0.21594591448199782,0.778264224646191,2.0281807667583927,0.5693326577796685,0.22618432927239807,0.1865222057724547,0.27342309819778976,0.6963115322161236,0,baseline,1.0,0.1160173844480733,0.6963115322161236,0.08674916568853075,0.26758312520375405
2026-07-15 23:26:00,Tidur,4,1.0,1.0,1,52.75,-4.0,-6.800000000000015,1139.5,59.15234568468101,66.33500835406093,,0.9455295501116111,2.892815807154266,-1.1803588290840417,-0.8993210126354603,-1.2779824916398608,-0.1761126994222667,0.21764184901207798,0.884720086291878,2.3482342376306278,-0.8043065247869907,0.19123645308446166,-0.4986807121512964,0.28656870232815557,1.0071168952157532,0,baseline,1.0,0.10645586164568699,1.0071168952157532,0.3108053629996296,0.22405619731109883
2026-07-15 23:27:00,Tidur,4,1.0,1.0,1,56.25,-2.0,-3.60000000000001,1066.5,28.112867753634337,33.96076167186674,,0.8609200744963377,-12.264800283109675,1.1803588290840417,-0.44966050631773014,-0.7099902731332529,-1.0809820914023782,-1.3070562638355876,0.9976418278166672,1.9830060314397826,0.38660365367478644,-0.8201828865406307,0.5808420781623203,0.376796796319546,1.140839908965939,0,baseline,1.0,0.11292174152478918,1.140839908965939,0.1337230137501857,-0.17708234924944388
2026-07-15 23:28:00,Tidur,4,1.0,1.0,1,56.5,9.0,11.199999999999983,1066.5,89.40357934669059,96.40193635676275,,1.0866676574362462,-8.905814722906296,1.3489815189531904,2.0234722784297854,1.9169737374598022,0.6642664799789395,1.7036204140589177,1.6082631614125578,3.4408038255831106,0.9269855750601028,0.4788224846429645,0.24161610225392088,0.49356478152751837,1.17921913256267,0,baseline,1.0,0.6106213335958905,1.17921913256267,0.03837922359673107,-0.09534379015345462
2026-07-15 23:29:00,Tidur,4,1.0,1.0,1,54.75,1.0,2.799999999999965,1097.0,43.15089802078283,64.02863942539047,,0.8583084741407908,9.280723281740018,0.1686226898691488,0.22483025315886507,0.42599416387995614,-0.2405763661958844,-0.5683693432565008,0.35815470966045154,1.145401331897647,0.22041349814378658,-0.2987384629661956,0.2780187592529596,0.1407037255593191,0.4846841737690775,0,baseline,1.0,-1.2501084517521062,0.4846841737690775,-0.6945349587935925,-0.7329141823903236
2026-07-15 23:30:00,Tidur,4,1.0,1.0,1,56.25,-2.0,-2.0000000000000218,1067.0,32.99494910841153,46.95387807909658,,1.1188477720467624,24.2465469567855,1.1803588290840417,-0.44966050631773014,-0.42599416387995165,-0.7178207966006289,-1.0672423003103784,0.8283942766101775,1.6443584168394576,0.4222278155879217,-0.715168189756606,0.5549927561670541,0.3317515025037887,1.0525292806888145,0,baseline,1.0,0.47023956694972596,1.0525292806888145,0.567845106919737,1.2623800657133295
2026-07-15 23:31:00,Tidur,4,1.0,1.0,1,55.5,-6.0,-7.20000000000004,1082.0,48.249352327259274,49.12568913850811,,0.8812162439118294,-0.9539478745626706,0.6744907594765952,-1.3489815189531904,-1.348981518953191,-0.6571180604993979,-0.31792686877952914,0.9620105717610671,2.0041051329426267,-0.2317819518745319,-0.5196022899180207,0.15699200340678124,0.31248472169943375,0.6678342633708352,0,baseline,1.0,0.13361629515088957,0.6678342633708352,-0.3846950173179793,-0.9525401242377163
2026-07-15 23:32:00,Tidur,4,1.0,1.0,1,54.5,-4.0,-2.4000000000000368,1103.0,61.56839015815394,111.28342194594845,,0.867895435592035,-0.6901195207448758,0.0,-0.8993210126354603,-0.49699319119328017,1.0802082298839168,0.3363209858662328,0.6834825734871562,2.422833425570465,-0.331351146252798,0.5903445553725216,-0.4675518150180508,0.27614713500551913,0.8678491897095102,0,baseline,1.0,-0.27852799827391084,0.8678491897095102,0.20001492633867501,0.5847099436566543
2026-07-15 23:33:00,Tidur,4,1.0,1.0,1,54.25,3.0,2.7999999999999563,1109.25,72.75243409444572,104.31682510506155,,1.0046077989473283,3.499426663430242,-0.1686226898691488,0.6744907594765952,0.4259941638799546,0.8854898690378247,0.8856952608315088,0.668339857713996,1.5083391987941608,0.1717835550852778,0.6304530976763821,-0.24704966210162618,0.27407319437387356,0.7504201153929106,0,baseline,1.0,-0.015142715773160287,0.7504201153929106,-0.11742907431659955,-0.31744400065527456
2026-07-15 23:34:00,Tidur,4,1.0,1.0,1,55.25,-2.0,-1.2000000000000495,1087.0,49.76611966656298,78.50902283601972,,1.124038261446724,-14.652329944523597,0.5058680696074465,-0.44966050631773014,-0.2839961092533049,0.16415446386916074,-0.2434213534160705,0.35353967476603804,1.1772556504850138,0.10039056161821923,-0.07162115646124126,0.09432519728401638,0.15208030619801705,0.21733273405269235,0,baseline,1.0,-0.3148001829479579,0.21733273405269235,-0.5330873813402183,-0.4156583070236187
2026-07-15 23:35:00,Tidur,4,1.0,1.0,1,52.25,4.0,6.79999999999999,1150.25,58.08255618800995,64.65549731719132,,1.0510752117824786,24.411332155788486,-1.5176042088223392,0.8993210126354603,1.135984437013219,-0.22305551003573953,0.16509244626947805,0.9465062848086887,2.035691424950387,-0.37522312815883924,0.21853148256631,-0.31543094029062735,0.3292147777825718,0.6296248508286435,0,baseline,1.0,0.5929666100426507,0.6296248508286435,0.4122921167759511,0.9453794981161694
2026-07-15 23:36:00,Tidur,4,1.0,1.0,1,52.5,1.0,-2.367198950025659e-14,1143.75,38.78466191679386,64.6658075544307,,0.7981495252145303,10.920112045763158,-1.3489815189531904,0.22483025315886507,-0.07099902731332279,-0.2227673359758594,-0.7828443406384832,0.7124340237158325,2.1153839594749426,-0.5948511724909128,-0.04839897205909713,-0.2918146771677274,0.2994314494625916,0.7287011572983567,0,baseline,1.0,-0.23407226109285617,0.7287011572983567,0.09907630646971322,-0.3132158103062379
2026-07-15 23:37:00,Tidur,4,1.0,1.0,1,52.75,-1.0,1.999999999999975,1140.75,73.70832155643396,129.00775170508166,,0.986554467805159,-29.236252038695902,-1.1803588290840417,-0.22483025315886507,0.28399610925330615,1.5756082819636725,0.9326496526748858,0.9876058151945285,2.9302179376843043,-0.5876357018457399,0.8706642915901083,-0.6651896346858343,0.387191374621606,1.3022159718758954,0,baseline,1.0,0.27517179147869597,1.3022159718758954,0.5735148145775387,0.4744385081078255
2026-07-15 23:38:00,Tidur,4,1.0,1.0,1,55.75,3.0,6.799999999999975,1080.25,83.0516907313351,121.82090679901104,,1.3190277756198148,17.721871295873726,0.8431134493457441,0.6744907594765952,1.1359844370132164,1.3747339251253339,1.3916076731756655,1.1209553064377833,2.5361127195842714,0.6839280474390801,0.7330937181841164,-0.027034529815640734,0.39323397114905256,1.0772872391255974,0,baseline,1.0,0.1333494912432548,1.0772872391255974,-0.224928732750298,-0.7984435473278367
2026-07-15 23:39:00,Tidur,4,1.0,1.0,1,55.0,-4.0,-8.000000000000018,1094.0,73.06618004704137,98.0340077048096,,0.8501675016392227,4.5755920626915,0.3372453797382976,-0.8993210126354603,-1.4909795735798388,0.7098833378126559,0.9011068557977279,0.9446121677836381,2.5795531879361464,-0.29857853120265443,0.49921758948384853,-0.4126392031910895,0.28433815278745933,0.7677803319218073,0,baseline,1.0,-0.1763431386541452,0.7677803319218073,-0.30950690720379015,-0.08457817445349214
2026-07-15 23:40:00,Tidur,4,1.0,1.0,1,54.25,4.0,4.399999999999972,1108.5,65.76980056733233,89.19080670113932,,0.8316621254406685,1.8718974763370184,-0.1686226898691488,0.8993210126354603,0.7099902731332607,0.4627133574915356,0.5426995382505001,0.6082638446050553,1.2933108776603286,0.2761896776356468,0.4002039649128254,-0.06810227972832063,0.22849093365408968,0.5415625345523272,0,baseline,1.0,-0.33634832317858276,0.5415625345523272,-0.2262177973694801,0.08328910983431004
2026-07-15 23:41:00,Tidur,4,1.0,1.0,1,52.0,0.0,0.7999999999999907,1155.5,54.16948710605754,78.50265388295269,,0.6822413779451395,-23.623757591532495,-1.6862268986914881,0.0,0.07099902731333145,0.16397644982157858,-0.027122418231440674,0.7584228263201159,1.7221643102093214,-0.7243681515106557,0.39747941536833287,-0.5490470917422947,0.3153715126722727,1.0409663801105131,0,baseline,1.0,0.1501589817150606,1.0409663801105131,0.49940384555818595,0.7256216429276661
2026-07-15 23:42:00,Tidur,4,1.0,1.0,1,54.25,-4.0,-4.400000000000027,1108.5,65.76980056733233,89.19080670113932,,1.0555594583244299,3.8295147182588067,-0.1686226898691488,-0.8993210126354603,-0.8519883277599077,0.4627133574915356,0.5426995382505001,0.6436959602116353,1.2605812845698219,-0.4544838900946273,0.4002039649128254,-0.438262593966366,0.22849093365408968,0.7816655473536854,0,baseline,1.0,-0.1147268661084806,0.7816655473536854,-0.2593008327568277,-0.7587046783150136
2026-07-15 23:43:00,Tidur,4,1.0,1.0,1,53.75,8.0,9.19999999999996,1119.25,71.14011995116867,83.9563378588339,,0.8470917744527157,-3.615790909731099,-0.5058680696074465,1.7986420252709205,1.5619786008931686,0.3164084662867367,0.8064963665384689,1.155970890234257,2.3324216863674745,0.45869868357673027,0.44369514083699624,0.008251761207428768,0.36904429475343636,0.7372459856591101,0,baseline,1.0,0.5122749300226216,0.7372459856591101,-0.04441956169457528,0.2148812710622524
2026-07-15 23:44:00,Tidur,4,1.0,1.0,1,54.25,7.0,11.599999999999962,1111.0,90.64950818031686,95.69395661865661,,0.7724311945908805,-24.901434272875406,-0.1686226898691488,1.5738117721120555,1.9879727647731242,0.6444782451686241,1.7648220021008465,1.413315373626974,3.2123822148636823,0.5899549513282054,0.680149980775695,-0.049566613688084744,0.4226634258216383,0.9958674920217202,0,baseline,1.0,0.257344483392717,0.9958674920217202,0.25862150636261005,0.30304106805718534
2026-07-15 23:45:00,Tidur,4,1.0,1.0,1,55.75,-3.0,-4.400000000000015,1077.0,40.60377650744653,46.400431032480725,,0.9561012289868673,28.567806401620523,0.8431134493457441,-0.6744907594765952,-0.8519883277599055,-0.7332897987825366,-0.6934871488202682,0.7629286386423714,1.4896226975956257,0.1327782641527817,-0.6323389448533999,0.3976163530360013,0.2814253885653447,0.8091857772727733,0,baseline,1.0,-0.6503867349846025,0.8091857772727733,-0.1866817147489469,-0.44530322111155696
2026-07-15 23:46:00,Tidur,4,1.0,1.0,1,54.25,6.0,9.199999999999987,1108.25,65.62710314090259,59.80523945831725,,1.0169974577159167,-9.522891021763602,-0.1686226898691488,1.3489815189531904,1.5619786008931735,-0.35862159510297903,0.5356900615682904,0.9699005299721621,2.3648816507988366,0.49770346300828183,-0.029586186722295498,0.28214337913326304,0.28568704303649295,0.6401609582619623,0,baseline,1.0,0.20697189132979077,0.6401609582619623,-0.169024819010811,0.01765689573813589
2026-07-15 23:47:00,Tidur,4,1.0,1.0,1,56.0,3.0,3.1999999999999957,1071.5,27.814864131731195,37.429934544425805,,0.8106629889367709,0.7865730336975592,1.011736139214893,0.6744907594765952,0.49699319119328744,-0.9840177240556331,-1.3216945757603837,0.9424136528038319,2.033340565572147,0.6822712777028765,-0.7909562174583382,0.6697420025921185,0.36739848863467484,1.294079531482305,0,baseline,1.0,-0.027486877168330204,1.294079531482305,0.6539185732203427,0.8229433922311538
2026-07-15 23:48:00,Tidur,4,1.0,1.0,1,55.5,4.0,1.5999999999999797,1085.0,82.88948465678061,146.68333238647122,,0.946128022029579,-29.884207359086815,0.6744907594765952,0.8993210126354603,0.2129970819399812,2.069645783471348,1.38363990721275,1.2253143994236229,3.7474040186519715,0.5867634835323905,0.8738919839194371,-0.15662084879504143,0.45708533396281703,1.1582036427014444,0,baseline,1.0,0.2829007466197909,1.1582036427014444,-0.13587588878086065,-0.7897944620012034
2026-07-15 23:49:00,Tidur,4,1.0,1.0,1,57.0,3.0,2.3999999999999737,1052.75,33.77745796632225,57.358521598799946,,1.1016697261278234,-20.7251590329096,1.6862268986914881,0.6744907594765952,0.35499513656663184,-0.4270080543655503,-1.0288044831024512,0.965929089366372,2.586647851572372,0.8284019179357079,-0.6801004604317067,0.6803021606836427,0.37898283174051983,1.324849195381827,0,baseline,1.0,-0.25938531005725085,1.324849195381827,0.16664555268038272,0.3025214414612434
2026-07-15 23:50:00,Tidur,4,1.0,1.0,1,53.0,3.0,1.5999999999999883,1134.25,61.76501167057824,104.1569328785495,,0.8951708049849507,-38.16211573382858,-1.011736139214893,0.6744907594765952,0.2129970819399827,0.8810208358829656,0.34597928133127115,0.6956744832604027,2.4619073344685094,-0.31145696921430865,0.6489041743726527,-0.48400290970694665,0.2914687477840434,0.9150382061586313,0,baseline,1.0,-0.2702546061059693,0.9150382061586313,-0.4098109892231958,-0.5764565419035785
2026-07-15 23:51:00,Tidur,4,1.0,1.0,1,55.5,5.0,4.799999999999987,1082.25,52.62683092618568,79.03796556086195,,0.7650432962190304,-8.677007206803928,0.6744907594765952,1.1241512657943253,0.7809893004465893,0.17893856329605273,-0.10289962593604503,0.6886516511082486,1.986326375568396,0.6779786687129966,-0.062126732126337,0.3859717843121844,0.25677333067590147,0.823663503929895,0,baseline,1.0,-0.007022832152154157,0.823663503929895,-0.09137470222873634,0.31843628699445947
2026-07-15 23:52:00,Tidur,4,1.0,1.0,1,55.5,3.0,3.1999999999999718,1082.5,51.04573113068973,71.87257242277242,,0.7596033171588691,22.68737243246863,0.6744907594765952,0.6744907594765952,0.49699319119328317,-0.02133621053297315,-0.1805652322897282,0.4878394896526649,1.2604005763936252,0.5702317025813061,-0.18945746542884628,0.3950999424673783,0.19517706188279071,0.7451552696307139,0,baseline,1.0,-0.20081216145558367,0.7451552696307139,-0.07850823429918108,0.012866467929555259
2026-07-15 23:53:00,Tidur,4,1.0,1.0,1,56.0,-8.0,-8.800000000000024,1075.5,84.29116205154607,108.7443485121564,,0.8699942260450094,-14.342917189600918,1.011736139214893,-1.7986420252709205,-1.6329776282064916,1.0092404060830344,1.4524920600539708,1.4180013022897766,2.9675724437936695,-0.2242098093451936,0.6143371018290072,-0.431062391796099,0.4554212115383509,0.9060371840218838,0,baseline,1.0,0.9301618126371117,0.9060371840218838,0.16088191439116994,0.23939014869035102
2026-07-15 23:54:00,Tidur,4,1.0,1.0,1,56.0,-3.0,-4.000000000000012,1071.25,26.399179280172074,24.013884872437167,,1.0395632247510738,-22.734595594646102,1.011736139214893,-0.6744907594765952,-0.7809893004465793,-1.3590001237586724,-1.391234792459719,1.0835965735965885,1.9805518802096294,0.23262158838241664,-0.8611055898545908,0.5381515573715546,0.4012326883411066,1.1163379457651892,0,baseline,1.0,-0.33440472869318816,1.1163379457651892,0.21030076174330536,0.04941884735213542
2026-07-15 23:55:00,Tidur,4,1.0,1.0,1,57.0,2.0,3.999999999999959,1053.25,41.20982892466311,56.96197562116913,,0.9977269282818079,-2.7322452076876225,1.6862268986914881,0.44966050631773014,0.6389912458199326,-0.4380916270952381,-0.6637170934453157,0.9040254632375785,2.066237652349417,0.8204431332528741,-0.6316309525661077,0.6632761869365813,0.34873304709648845,1.2781371731687072,0,baseline,1.0,-0.17957111035900997,1.2781371731687072,0.16179922740351804,-0.04850153433978732
2026-07-15 23:56:00,Tidur,4,1.0,1.0,1,52.25,-5.0,-6.800000000000013,1150.0,56.05354582896607,56.29979277640963,,0.9053742761991227,10.825163594698429,-1.5176042088223392,-1.1241512657943253,-1.2779824916398603,-0.4565998257260573,0.06542491087294283,1.0404654412113923,2.540037085076068,-0.8772311820424211,0.0686390660275557,-0.4778764551145614,0.3525530627279845,1.061558023154844,0,baseline,1.0,0.1364399779738138,1.061558023154844,-0.2165791500138632,-0.37837837741738123
2026-07-15 23:57:00,Tidur,4,1.0,1.0,1,56.25,2.0,1.1999999999999602,1066.5,28.112867753634337,50.714889332423866,,0.7582325462549763,-16.198847142099844,1.1803588290840417,0.44966050631773014,0.14199805462665188,-0.612699463602929,-1.3070562638355876,0.8601629721613787,2.3806046101780534,0.6670421972321913,-0.7162104751968597,0.6415414454303244,0.34878003975455907,1.2211165710144478,0,baseline,1.0,-0.18030246905001357,1.2211165710144478,0.15955854785960377,0.37613769787346696
2026-07-15 23:58:00,Tidur,4,1.0,1.0,1,53.5,-2.0,-0.8000000000000078,1123.25,54.53057246474984,90.48388438464241,,0.7660994886865864,-3.44268388860306,-0.6744907594765952,-0.44966050631773014,-0.21299708193997166,0.4988552460964069,-0.00938545222324637,0.43622121813307435,1.5810553409363761,-0.49133421845411956,0.38585621212928223,-0.44820737200950467,0.19172021404122874,0.792427169813327,0,baseline,1.0,-0.42394175402830436,0.792427169813327,-0.42868940120112087,-0.5882479490607246
2026-07-15 23:59:00,Tidur,4,1.0,1.0,1,54.75,8.0,11.599999999999959,1100.0,81.10898018509829,68.86702161896264,,0.9446361017910347,-4.624276723706895,0.1686226898691488,1.7986420252709205,1.9879727647731236,-0.10534220934759539,1.2961792928969564,1.3346730086799665,3.3941531174905983,0.7308413703590829,0.2282875046109443,0.26957422617194854,0.39209160612491034,0.9014712332624102,0,baseline,1.0,0.8984517905468922,0.9014712332624102,0.10904406344908324,0.5377334646502041
