window_start,activity,n_samples,coverage,quality_fraction,valid_window,hr_mean,delta_hr,hr_slope_bpm_min,rr_mean_ms,sdnn,rmssd,dfa_alpha1,acc_mean,ecg_mean,z_hr_mean,z_delta_hr,z_hr_slope_bpm_min,z_rmssd,z_sdnn,z_dfa_alpha1,D_feature,D_mahalanobis,C,V,A,L,D_reg,episode_id,phase,R,dD_dt,D_OP,dDOP_dt,d2DOP_dt2
2026-09-06 07:18:00,Lainnya,102,1.0,1.0,1,89.0,-2.0,-4.180995475113053,677.0784313725491,23.81100763604427,12.183416744261704,1.5285831694275154,0.9840349750326414,-0.30713725490196075,0.9538709802249423,-0.3372453797382976,-0.5387622950309514,-1.5019861251126638,-0.8718615740885736,1.0456590185002714,0.9507345240208795,1.5437374707435778,0.3298331994219725,-0.8439751900352183,0.6935306021137208,0.3974664213824983,1.208324589268441,0,baseline,1.0,,1.208324589268441,,
2026-09-06 07:19:00,Lainnya,120,1.0,1.0,1,92.71666666666667,8.0,4.389552653514891,646.85,29.899453354942292,11.754491364022979,1.4519543735925002,0.985998592292685,-0.24261666666666667,1.3571188069361508,1.3489815189531904,0.5846752071860092,-1.5352677157557357,-0.5850148332964195,0.7735129498458849,1.1031001231614637,2.00125260497253,0.8451161691341241,-0.8516350781660871,0.7961161687962558,0.445605390887155,1.5072719609617296,0,baseline,1.0,0.15236559914058412,1.5072719609617296,0.29894737169328844,
2026-09-06 07:20:00,Lainnya,120,1.0,1.0,1,97.33333333333333,4.0,12.360100027785498,617.7,38.230306074121465,10.779688338364375,1.809205939643981,0.9899734800900736,-0.18105,1.8580140894428976,0.6744907594765952,1.6294639067024814,-1.6109055696862746,-0.1925209094204718,2.042286759509577,1.4924991919323451,3.0978915059105105,0.8993243110465704,-0.8631912703839137,0.8804668761497985,0.5189501984038318,1.611959867405744,0,baseline,1.0,0.3893990687708815,1.611959867405744,0.10468790644401449,-0.19425946524927395
2026-09-06 07:21:00,Lainnya,120,1.0,1.0,1,86.7,-17.0,-20.685746040566748,712.1833333333333,60.89652103782123,17.648291273490177,1.2823609306084793,0.9786977307332448,-0.15709999999999996,0.7043274820807869,-2.86658572777553,-2.702224359730384,-1.0779503245351743,0.8753591684540519,0.17120427104274982,1.7307488218208829,3.7232183187633363,-0.7053804185056488,-0.47375298541517036,-0.09288571083597279,0.5183043310955904,0.9996352139210294,0,baseline,1.0,0.2382496298885377,0.9996352139210294,-0.6123246534847147,-0.7170125599287291
2026-09-06 07:22:00,Lainnya,120,1.0,1.0,1,83.06666666666666,17.0,20.925812725757186,717.2,71.32475144062703,23.292801932114983,1.441044334494729,0.9781045130439491,-0.13915,0.3101210864617574,2.86658572777553,2.752267574996911,-0.6399760246318875,1.3666674663977683,0.7347661025677842,1.765677213263622,3.3896485682652613,0.8943765749375104,-0.07221821920684285,0.5905957038408568,0.5257465436026373,1.1959672413940763,0,baseline,1.0,0.03492839144273918,1.1959672413940763,0.1963320274730469,0.8086566809577616
2026-09-06 07:23:00,Lainnya,120,1.0,1.0,1,100.36666666666666,-10.0,-7.655459849958323,608.7666666666667,57.476152648287965,11.905086830299677,1.5217595591065025,0.9847907006020591,-0.11396666666666665,2.1871221811982333,-1.6862268986914881,-0.9941991609391846,-1.5235825674939705,0.7142143426406579,1.0214250643756186,1.4427988823990736,3.2889233739585553,0.4989591125524797,-0.7993615267172206,0.7251212982363116,0.5315564260663466,1.3024178199192395,0,baseline,1.0,-0.3228783308645484,1.3024178199192395,0.10645057852516326,-0.08988144894788364
2026-09-06 07:24:00,Lainnya,120,1.0,1.0,1,78.1,-7.0,-2.664073353709385,780.7666666666667,29.092357520600537,18.02146246129036,1.2301079740414933,0.9772131716670388,-0.10385,-0.22874820663214446,-1.1803588290840417,-0.33992236396108066,-1.0489948668160667,-0.6230397776380041,-0.014371354286021229,0.7129627446910821,1.7396996020867623,-0.48607449566180155,-0.596023875700526,0.057534278587402427,0.31821237943285785,0.8343154004181181,0,baseline,1.0,-0.7298361377079915,0.8343154004181181,-0.4681024195011214,-0.5745529980262847
2026-09-06 07:25:00,Lainnya,120,1.0,1.0,1,77.83333333333333,4.0,9.866073909419297,769.2666666666667,50.61632468808825,19.688541222299452,1.126999049513469,0.9783198407828071,-0.08055,-0.257680786127119,0.6744907594765952,1.3025440375377377,-0.9196412881987693,0.39102524256039534,-0.3805612199587046,0.7484902385579566,2.6409805813471374,0.25055453281583245,-0.3421364638281841,0.24479439233068226,0.2506235751344611,0.5500649095562643,0,baseline,1.0,0.03552749386687448,0.5500649095562643,-0.28425049086185383,0.18385192863926758
2026-09-06 07:26:00,Lainnya,120,1.0,1.0,1,78.25,-1.0,0.9352597943873682,769.0333333333333,21.91117796668986,18.194098221237393,1.08548792080423,0.9774455240735531,-0.08125,-0.21247363066622066,-0.1686226898691488,0.1318824472198663,-1.0355995468895214,-0.961368810233102,-0.5279873978142029,0.6280178790195519,1.411403427144871,-0.14660094121147438,-0.645430937818736,0.16717499757258547,0.29015818370995394,0.7417628885600279,0,baseline,1.0,-0.12047235953840474,0.7417628885600279,0.19169797900376362,0.47594846986561745
2026-09-06 07:27:00,Lainnya,120,1.0,1.0,1,79.93333333333334,-2.0,-2.2839677688246445,758.6833333333333,48.93195126235757,21.44623921508357,1.5063824517145976,0.9795533963563944,-0.09430000000000001,-0.02983672260419316,-0.3372453797382976,-0.29009767801885356,-0.7832562949921853,0.3116688600360212,0.9668134881609367,0.5543972044502441,1.492661181249379,-0.15971913274675642,-0.3336291337833984,0.2812263077038857,0.2566931485961683,0.5308466906324385,0,baseline,1.0,-0.07362067456930776,0.5308466906324385,-0.21091619792758942,-0.40261417693135304
2026-09-06 07:28:00,Lainnya,118,1.0,1.0,1,82.8135593220339,14.0,22.962010520163663,720.1355932203389,83.40273164214452,55.90062917249091,0.6011084502444536,0.9840479223129773,0.10977966101694919,0.28265965507669694,2.3607176581680833,3.0191747704103165,1.8901618687475883,1.9357009137033507,-2.2482541358372603,2.1269147143678007,4.550138580293474,0.8659244751096756,0.8990002355742069,-0.43645444442651876,0.6130265945009419,1.457504959779393,1,tau_in,0.0,1.5725175099175566,1.7675748096704507,1.2367281190380122,1.4476443169656017
2026-09-06 07:29:00,Lainnya,118,1.0,1.0,1,79.40677966101696,9.0,24.62068965517243,799.9661016949152,185.2018502521238,119.33508808335982,0.906684308686949,0.9913831924086471,-0.1071864406779661,-0.0869663075391851,1.5176042088223392,3.2365963771088784,6.8122294156977805,6.731792845368245,-1.1630058601125053,4.200443011106127,7.38097715858483,0.7128424497609827,0.99996286708144,-0.37180618966781703,0.8873963956861206,1.5600584282247225,1,peak,0.0,2.073528296738326,1.85304676127587,0.08547195160541943,-1.1512561674325927
2026-09-06 07:30:00,Lainnya,120,1.0,1.0,1,101.15,-4.0,-4.539727439954992,597.5666666666667,37.495710305533976,16.365314827761935,1.4919607604025966,0.9889589624803813,-0.07626666666666668,2.2721116334647227,-0.6744907594765952,-0.5857853017860547,-1.1775002668763468,-0.22713013675824417,0.9155950584421864,1.1716784803502382,2.1614876676466324,0.7440298202148515,-0.8206582219683777,0.77934395317528,0.46647273803832456,1.4324922699048284,1,falling,0.9463579011547831,-3.0287645307558884,1.4334962776741373,-0.41955048360173275,-0.5050224352071522
2026-09-06 07:31:00,Lainnya,120,1.0,1.0,1,89.8,-5.0,-5.790536521559796,673.7833333333333,34.3663366979842,14.543761838099568,1.5128602154450383,0.9819375024377539,-0.06275000000000001,1.0406687187098658,-0.8431134493457441,-0.7497428234403145,-1.3188399584163186,-0.37456523949068804,0.98981917308266,0.9323202169696025,1.4808979963349027,0.20406671883148148,-0.7727575539430133,0.6262467980910122,0.38266843941755546,1.0850887749655087,1,falling,1.0,-0.2393582633806357,1.0850887749655087,-0.34840750270862864,0.07114298089310411
2026-09-06 07:32:00,Lainnya,119,1.0,1.0,1,93.73109243697479,2.0,0.6528750376939993,640.1512605042017,29.64325705916322,13.111968914452143,1.540056085107918,0.9778356682674746,-0.0809747899159664,1.4671811353406154,0.3372453797382976,0.09486712206649954,-1.429937012043593,-0.59708508502243,1.08640491388335,0.987999729671157,1.6666836166942258,0.7270087999754117,-0.8423392366271403,0.7933556864726545,0.4176792161462918,1.4289668847325887,1,tau_out,1.0,0.05567951270155447,1.4289668847325887,0.34387810976708,0.6922856124757086
2026-09-06 07:33:00,Lainnya,60,1.0,1.0,1,98.96666666666667,8.0,9.779383161989509,604.7166666666667,23.687293072602127,13.05529310150108,1.3148616267459492,0.9758081486823553,-0.06566666666666666,2.035226138849618,1.3489815189531904,1.2911805126737295,-1.4343346562327777,-0.877690174843238,0.2866300269346567,1.3253211191047054,2.225209765951216,0.9375910354175537,-0.8886252335410822,0.7863307940140883,0.48625185318935527,1.5885492556814889,0,baseline,1.0,0.3373213894335484,1.5885492556814889,0.15958237094890015,-0.18429573881817984
2026-09-06 07:34:00,Lainnya,60,1.0,1.0,1,101.56666666666666,5.0,8.902472909141494,589.8833333333333,21.177291696905417,12.404209236370573,1.116761187573798,0.9800837096882188,-0.08005,2.3173187889256193,0.8431134493457441,1.1762340880877293,-1.484854181707167,-0.9959446107442841,-0.41692083970669896,1.343803921903572,2.750790487977485,0.9358941497213787,-0.9102738317445307,0.7315288215406003,0.4971355479776972,1.5769510068639536,0,baseline,1.0,0.018482802798866604,1.5769510068639536,-0.01159824881753524,-0.1711806197664354
2026-09-06 07:35:00,Lainnya,60,1.0,1.0,1,97.85,-5.0,5.136153172667399,618.4666666666667,26.96983039272641,15.590631693750241,1.2728514097232344,0.9771220717072205,-0.047450000000000006,1.9140709622144108,-0.8431134493457441,0.6825404790218791,-1.2376102256992996,-0.7230390248980785,0.13743134409661575,1.0734462662366737,2.925896328101715,0.7173606379632754,-0.8466660798747121,0.7102563359401874,0.4332271145757398,1.3869389068218871,0,baseline,1.0,-0.2703576556668983,1.3869389068218871,-0.19001210004206648,-0.17841385122453124
2026-09-06 07:36:00,Lainnya,56,0.9333333333333333,1.0,1,95.21428571428571,3.0,2.2052810873357243,630.8035714285714,24.746290552401913,15.346897820969316,1.2855706958321447,0.9705065962613488,-0.05757142857142857,1.6281034130989032,0.5058680696074465,0.29835832807355334,-1.2565222587788774,-0.8277973139042307,0.18260370616900215,0.939244520234569,1.6207127966553447,0.7975964182307177,-0.8407296879256136,0.7341176760515766,0.39956516578257095,1.4288343285812357,0,baseline,1.0,-0.13420174600210477,1.4288343285812357,0.04189542175934857,0.23190752180141505
2026-09-06 07:37:00,Lainnya,64,1.0,1.0,1,103.4375,-7.0,-7.3702066620196165,583.890625,22.51709557767094,11.852934805020379,1.1884139824023965,0.9880577449688922,-0.026859374999999998,2.520298916945051,-1.1803588290840417,-0.9568078384534209,-1.5276291975991572,-0.9328220349273759,-0.16244696721251556,1.4077660652748734,2.683135050999403,0.7106696731405588,-0.9182045047251282,0.6980008869490505,0.523262116273699,1.4522945215513685,0,baseline,1.0,0.4685215450403044,1.4522945215513685,0.023460192970132798,-0.018435228789215774
2026-09-06 07:38:00,Lainnya,60,1.0,1.0,1,86.08333333333333,-13.0,-6.343428730202741,715.0833333333334,64.87178793633251,40.1324079702617,1.637459968658789,0.9844567423167093,-0.03613333333333334,0.6374208919986574,-2.1920949682989344,-0.8222165827087882,0.6666588833800221,1.0626470915569095,1.4323334084027237,1.2591569767963542,2.8698338712416605,-0.4056384029889407,0.46591502472267254,-0.19053060449593043,0.48557789104399607,0.8085215666647776,0,baseline,1.0,-0.14860908847851917,0.8085215666647776,-0.6437729548865909,-0.6672331478567237
2026-09-06 07:39:00,Lainnya,60,1.0,1.0,1,72.85,-12.0,-9.040844679077493,850.4666666666667,53.68440946130486,57.6567869790345,1.2329917551122682,0.9788290295330111,-0.019066666666666662,-0.7983583654394566,-2.023472278429786,-1.175797029439116,2.0264273543420495,0.5355728263451299,-0.004129647200331702,1.3233529338017294,2.869362852342462,-0.8403925310180838,0.8870899628544449,-0.7402089014004066,0.4910806577810152,1.5107142809105607,0,baseline,1.0,0.06419595700537517,1.5107142809105607,0.7021927142457831,1.345965669132374
2026-09-06 07:40:00,Lainnya,60,1.0,1.0,1,68.91666666666667,-1.0,2.6690747429841952,877.5833333333334,47.345213158666304,35.68316319489095,1.2004521339239322,0.9747312361352469,-0.0334,-1.2251139129903306,-0.1686226898691488,0.3591529445001698,0.32142880349456426,0.23691239926610516,-0.11969364485174887,0.552584696094061,1.4395003456933075,-0.5853261186026284,0.44707350395278095,-0.531159176083648,0.253092553995801,0.9426915159695735,0,baseline,1.0,-0.7707682377076683,0.9426915159695735,-0.5680227649409872,-1.2702154791867704
2026-09-06 07:41:00,Lainnya,60,1.0,1.0,1,70.58333333333333,1.0,1.1519866629619877,847.1833333333333,28.800006865975327,32.764180524220784,0.5975713927654399,0.9777618531245669,-0.011516666666666668,-1.0442852911467406,0.1686226898691488,0.16029125937990635,0.09493629264012221,-0.6368133803470503,-2.2608159447111813,1.0543948964206387,2.761988617347219,-0.4619019691767833,0.10151775918846122,-0.6422793647430693,0.4380838071330627,0.9099997192345697,0,baseline,1.0,0.5018102003265776,0.9099997192345697,-0.032691796735003775,0.5353309682059835
2026-09-06 07:42:00,Lainnya,60,1.0,1.0,1,68.48333333333333,0.0,-2.8891358710752466,880.9166666666666,48.29545076890526,33.34310591208334,1.3653920379601105,0.97764577378038,-0.03711666666666666,-1.2721293546696648,0.0,-0.369423822742649,0.13985682814445508,0.28168122435871096,0.4660880571643291,0.5874988478553411,1.662876114248952,-0.6381726320773231,0.38146022961534837,-0.4362423025470693,0.2672882101485662,0.9025112458726958,0,baseline,1.0,-0.46689604856529754,0.9025112458726958,-0.00748847336187386,0.025203323373129916
2026-09-06 07:43:00,Lainnya,60,1.0,1.0,1,70.2,3.0,1.2870241733815584,848.6666666666666,41.84096875870188,35.07618826284931,1.0064031258395052,0.9738957127093454,-0.07730000000000001,-1.0858758741707657,0.5058680696074465,0.17799213464885438,0.27433182078029084,-0.02241069229937735,-0.8088559121299851,0.6050782582389573,1.3380856085161432,-0.395895817007795,0.347374632442329,-0.5157777141191825,0.2803688488504583,0.788692573171862,0,baseline,1.0,0.017579410383616212,0.788692573171862,-0.11381867270083379,-0.10633019933895993
2026-09-06 07:44:00,Lainnya,60,1.0,1.0,1,68.63333333333334,-2.0,-2.2439566546262335,878.5833333333334,46.81130229548063,33.03285472867012,1.4581381399098807,0.9719855263923525,-0.023299999999999998,-1.255854778703741,-0.3372453797382976,-0.28485297423545897,0.11578351992207725,0.21175809912954158,0.7954745071744881,0.6407123504188698,1.849935879007939,-0.6829498351072936,0.35205837847462224,-0.3886082000277648,0.291853157192968,0.9091535500780835,0,baseline,1.0,0.035634092179912424,0.9091535500780835,0.12046097690622148,0.23427964960705527
2026-09-06 07:45:00,Lainnya,60,1.0,1.0,1,72.6,4.0,4.51458738538488,820.0833333333334,51.536819705049076,43.70412849442976,0.9893883199048313,0.971430094455981,-0.04016666666666667,-0.8254826587159954,0.6744907594765952,0.6010649065091114,0.9437992575650584,0.43439279607427017,-0.8692837512155489,0.7452904138975964,1.201632334651466,-0.16011868188944367,0.659983457427752,-0.5545394283337223,0.31985698584077893,0.933294500860335,0,baseline,1.0,0.10457806347872667,0.933294500860335,0.024140950782251536,-0.09632002612396995
2026-09-06 07:46:00,Lainnya,60,1.0,1.0,1,77.56666666666666,4.0,5.071408724645786,771.0833333333334,34.622561306356715,34.47180129824612,0.7952749563495686,0.9738318187403264,-0.023200000000000002,-0.28661336562209344,0.6744907594765952,0.6740537008279783,0.22743564612460432,-0.36249365386510346,-1.5586745760248477,0.7750299406839347,1.8956793242116667,0.14479314442177543,0.09153195109373218,-0.275163012561733,0.32756010163244975,0.4608182466071409,0,baseline,1.0,0.02973952678633829,0.4608182466071409,-0.4724762542531942,-0.4966172050354457
2026-09-06 07:47:00,Lainnya,60,1.0,1.0,1,74.95,-6.0,-10.404556821339186,817.0,56.6020901572503,36.469629807623285,1.0121761277276837,0.9780831168439157,-0.018900000000000007,-0.5705143019165309,-1.011736139214893,-1.3545540167230417,0.38245307733173567,0.6730343784299884,-0.7883531787765239,0.8568021488556051,2.0851577757238005,-0.675334749219827,0.45636518869929943,-0.6527673143585411,0.301247036616882,1.0868307838507654,0,baseline,1.0,0.08177220817167041,1.0868307838507654,0.6260125372436245,1.0984887914968187
2026-09-06 07:48:00,Lainnya,60,1.0,1.0,1,74.23333333333333,-1.0,7.638788552375711,819.1833333333333,67.31421177838031,55.89487711888803,0.9775392004771516,0.9751689802792837,-0.015783333333333337,-0.6482706093092753,-0.1686226898691488,1.010588860262275,1.8897155498721199,1.17771772716262,-0.9113657288079183,1.0998946642645901,2.404202498075889,-0.2501260905955095,0.8983161661026973,-0.6717450683749818,0.4279046640466957,1.2263273763057996,0,baseline,1.0,0.24309251540898502,1.2263273763057996,0.1394965924550342,-0.4865159447885903
2026-09-06 07:49:00,Lainnya,60,1.0,1.0,1,75.63333333333334,8.0,14.180605723812235,792.7833333333333,62.496126433636185,30.575275266579673,1.3886742041490105,0.9762359180927651,-0.03405,-0.49637456696065807,1.3489815189531904,1.8680979288468091,-0.07490734939554655,0.9507218497569101,0.5487743362454881,1.0619608545582646,2.1519581734182243,0.39008741387766466,0.28742429300398875,0.1647054904635285,0.3328697754818637,0.6105006967176901,0,baseline,1.0,-0.03793380970632554,0.6105006967176901,-0.6158266795881094,-0.7553232720431436
2026-09-06 07:50:00,Lainnya,60,1.0,1.0,1,74.01666666666667,-5.0,-9.704362322867418,816.3333333333334,53.96975507890356,28.795008983726355,1.5706632858197958,0.9802546615642062,-0.008433333333333336,-0.6717783301489423,-0.8431134493457441,-1.2627717005136918,-0.21304348307131724,0.5490163986764811,1.1951059479461497,0.8690803126921717,2.1638305174817347,-0.6705973691236211,0.15321966408270923,-0.2108666755306673,0.3183397424766675,0.7867541187859185,0,baseline,1.0,-0.19288054186609294,0.7867541187859185,0.17625342206822836,0.7920801016563378
2026-09-06 07:51:00,Lainnya,60,1.0,1.0,1,75.06666666666666,1.0,-1.8138371769935264,800.5333333333333,42.751733701257976,35.5923244439308,1.0523587725463668,0.9829637687960738,-0.00535,-0.5578562983874802,0.1686226898691488,-0.2284724085639948,0.3143803557615317,0.02049844534622449,-0.6456450923923293,0.38900507330560186,0.9900860589804181,-0.28259956535349795,0.28177127557729686,-0.4132572561671034,0.1868595270260709,0.6041155590560574,0,baseline,1.0,-0.4800752393865698,0.6041155590560574,-0.1826385597298611,-0.35889198179808945
2026-09-06 07:52:00,Lainnya,60,1.0,1.0,1,77.63333333333334,8.0,5.078077243678865,763.7166666666667,32.29004761751278,34.11322125520807,0.9166430360427733,0.9808987216185364,-0.014733333333333327,-0.2793802207483487,1.3489815189531904,0.6749278181252121,0.19961235854361425,-0.47238605997151206,-1.1276375828329863,0.804973312959099,1.6905158644940508,0.3383911486678558,0.04753048497644058,-0.06546040969541508,0.3391763778842648,0.48589442994443527,0,baseline,1.0,0.41596823965349716,0.48589442994443527,-0.11822112911162214,0.06441743061823896
2026-09-06 07:53:00,Lainnya,60,1.0,1.0,1,78.53333333333333,-6.0,3.024173381494912,779.3833333333333,61.167203926272386,47.30266771421413,1.016330587792645,0.9811184667812873,-0.030016666666666667,-0.18173276495281035,-1.011736139214893,0.4056996905777731,1.2230205737745246,0.888111931297846,-0.7735986734793884,0.8270636902303008,2.4276060478645665,-0.32981343932724316,0.7310764783562663,-0.628061976742568,0.3584223575237627,1.0798972890832441,0,baseline,1.0,0.022090377271201778,1.0798972890832441,0.5940028591388089,0.7122239882504311
2026-09-06 07:54:00,Lainnya,60,1.0,1.0,1,76.61666666666666,8.0,9.854404001111464,776.3166666666667,39.674733310721024,25.01762090871559,1.2048162463467473,0.9785891099372379,-0.03848333333333333,-0.3896856800729407,1.3489815189531904,1.3010143322675858,-0.5061422116719877,-0.12446918254969457,-0.10419456221456361,0.8110459690149837,1.3668585507634614,0.3674911988519692,-0.22750659084693642,0.2971675102414062,0.2851755326115776,0.5970281766012606,0,baseline,1.0,-0.016017721215317082,0.5970281766012606,-0.4828691124819835,-1.0768719716207924
2026-09-06 07:55:00,Lainnya,60,1.0,1.0,1,80.48333333333333,0.0,1.0052792442345733,747.1166666666667,22.593003016658376,26.029969689454084,1.0068442273276956,0.979539985092296,-0.019133333333333336,0.029836722604191616,0.0,0.14106067884080498,-0.42759107140185637,-0.9292457853423889,-0.8072893465252341,0.535231458975633,1.2452741680042867,0.03755163347484046,-0.4409857572700748,0.10138812882094003,0.2528255071300931,0.519691113078808,0,baseline,1.0,-0.27581451003935076,0.519691113078808,-0.07733706352245262,0.4055320489595309
2026-09-06 07:56:00,Lainnya,60,1.0,1.0,1,84.05,1.0,6.206724090025074,716.2666666666667,40.59926803492585,22.91620698049486,1.3551209474047667,0.9809628982280072,-0.03681666666666668,0.4168099733494763,0.1686226898691488,0.822872170681718,-0.6691971423262814,-0.08091130511569372,0.4296104264646601,0.5030273928632969,1.310055922252192,0.38273754526479603,-0.4395301071012433,0.49160094002427507,0.18541235245523757,0.784680806621067,0,baseline,1.0,-0.03220406611233606,0.784680806621067,0.264989693542259,0.3423267570647116
2026-09-06 07:57:00,Lainnya,60,1.0,1.0,1,81.5,-5.0,-0.16004445679348364,743.9333333333333,45.48118130729834,31.871564288084315,1.2353173436739517,0.981179832263526,-0.01535,0.14014218192878214,-0.8431134493457441,-0.011691318850475549,0.025675555129277702,0.14909171628981985,0.00412964720033249,0.35438242868012465,1.2379819083664325,-0.17576522774349293,0.023361796532065708,-0.1082678969783708,0.17641263443634958,0.27254824146528595,0,baseline,1.0,-0.14864496418317225,0.27254824146528595,-0.5121325651557811,-0.7771222586980401
2026-09-06 07:58:00,Lainnya,60,1.0,1.0,1,81.73333333333333,6.0,7.265351486524089,728.8833333333333,29.620819331225587,29.193393726802913,1.146152316651435,0.9809293216080968,-0.00221666666666667,0.165458188986885,1.011736139214893,0.9616382916172868,-0.1821316309208571,-0.5981422003235837,-0.3125386666002077,0.6408797433360589,1.108717882815326,0.4920552688756844,-0.275494175365301,0.3449008272706683,0.2422894740764191,0.7040427530972451,0,baseline,1.0,0.28649731465593425,0.7040427530972451,0.4314945116319591,0.9436270767877402
2026-09-06 07:59:00,Lainnya,60,1.0,1.0,1,83.01666666666667,0.0,-2.202278410669572,725.5166666666667,24.593985530893224,26.364138457574704,1.1304995598329508,0.9781563688061663,-0.02186666666666666,0.30469622780645,0.0,-0.27938974112775844,-0.4016619269429761,-0.8349729053512304,-0.3681292077973471,0.44063015265008776,0.9677246941441439,0.12501698041631612,-0.4546897641021548,0.24041343940077434,0.20793912402999504,0.5686908897798154,0,baseline,1.0,-0.20024959068597115,0.5686908897798154,-0.13535186331742965,-0.5668463749493888
2026-09-06 08:00:00,Lainnya,60,1.0,1.0,1,85.16666666666667,2.0,1.8638510697416675,703.5333333333333,14.610730519987138,17.46667529218746,0.9246109544575264,0.9745600855892332,-0.0308,0.5379651499846833,0.3372453797382976,0.2536032808594183,-1.0920424464343088,-1.305316946275629,-1.0993396349361841,0.8729654671296873,1.8747950850126807,0.40957041186721627,-0.7757250263710295,0.40702856359635303,0.37797079817788315,1.0382829164895049,0,baseline,1.0,0.4323353144795995,1.0382829164895049,0.46959202670968947,0.6049438900271191
2026-09-06 08:01:00,Lainnya,60,1.0,1.0,1,84.76666666666667,-1.0,-0.16337871631002446,707.2,16.71475548273015,22.90732989049279,0.9798939588740352,0.975790649674826,-0.039099999999999996,0.4945662807422207,-0.1686226898691488,-0.012128377499092626,-0.6698859420316897,-1.2061893969842143,-0.9030028381561779,0.706190564174383,1.5737718921678043,0.2161419195038231,-0.6462881264087164,0.2855697513111319,0.3207642394294543,0.8055094362354448,0,baseline,1.0,-0.16677490295530428,0.8055094362354448,-0.23277348025406008,-0.7023655069637496
2026-09-06 08:02:00,Lainnya,60,1.0,1.0,1,87.96666666666667,4.0,7.475409836065635,684.2833333333333,43.84606805194531,26.536192106732717,1.2818515894249671,0.9765776555716581,-0.002366666666666667,0.8417572346819161,0.6744907594765952,0.9891729864800938,-0.3883117747166456,0.07205614271670793,0.16939535313941928,0.6227130333859835,1.2358710619522297,0.6716206282671057,-0.3486524314174234,0.5335030559586743,0.2286639039176902,0.9537009373589321,0,baseline,1.0,-0.08347753078839948,0.9537009373589321,0.14819150112348733,0.3809649813775474
2026-09-06 08:03:00,Lainnya,60,1.0,1.0,1,79.7,-10.0,-7.6888024451235735,771.0833333333334,66.73532128749088,48.20225748985875,1.1932555468338433,0.9788057657049205,-0.037649999999999996,-0.05515272966229603,-1.6862268986914881,-0.9985697474253347,1.2928224088700222,1.1504442885456359,-0.14525222061892396,1.0692329468246153,1.7863707158951248,-0.5953981355791383,0.7656354007693895,-0.6513378855392834,0.41807062047578647,1.2408547826422767,0,baseline,1.0,0.44651991343863184,1.2408547826422767,0.28715384528334453,0.1389623441598572
2026-09-06 08:04:00,Lainnya,60,1.0,1.0,1,76.33333333333333,-2.0,-6.841900527924392,795.5333333333333,57.092095290265604,38.253613986796694,1.266974162895834,0.9745191020539333,0.006066666666666667,-0.420426545786351,-0.3372453797382976,-0.8875568506768837,0.5208776935946401,0.6961201349376944,0.11655838633760027,0.5549373479826215,1.3551835510813712,-0.43459009815655103,0.49646064190425215,-0.4532366561847936,0.20563691689840613,0.8264694371099016,0,baseline,1.0,-0.5142955988419938,0.8264694371099016,-0.41438534553237505,-0.7015391908157196
2026-09-06 08:05:00,Lainnya,60,1.0,1.0,1,79.16666666666667,-2.0,-2.6607390941927442,766.35,61.50177756835811,36.66361055574111,1.372398496720714,0.9761472311852162,-0.05698333333333332,-0.11301788865224499,-0.3372453797382976,-0.3394853053124505,0.39750461810999654,0.9038747980816235,0.49097139489800123,0.492918222505398,1.055640361922207,-0.21103682111278507,0.4359340456825431,-0.25208654043673673,0.2282469897032,0.5917933289827407,0,baseline,1.0,-0.06201912547722349,0.5917933289827407,-0.2346761081271609,0.17970923740521416
2026-09-06 08:06:00,Lainnya,60,1.0,1.0,1,77.31666666666666,14.0,9.170880800222355,763.6,53.09735222738816,38.56933004783701,1.2482199731090262,0.9773382094798585,-0.028050000000000005,-0.3137376588986321,2.3607176581680833,1.2114173093013154,0.5453750378579684,0.5079146255526389,0.04995315046430223,1.1326118483018797,2.1201034997806643,0.6152789325769982,0.4539643680258002,0.09839425093849445,0.42769982599956,0.8816237191046732,0,baseline,1.0,0.6396936257964816,0.8816237191046732,0.28983039012193246,0.5245064982490933
2026-09-06 08:07:00,Lainnya,60,1.0,1.0,1,83.7,-5.0,-7.708808002222765,722.9333333333333,31.357353456872108,28.273183077890828,1.1810607789197667,0.9752496893908795,-0.03495000000000001,0.3788359627623228,-0.8431134493457441,-1.0011920993170302,-0.2535335006480393,-0.516328355343421,-0.18856176385008755,0.6087107058027543,0.9961369833563981,-0.1923276139851542,-0.3313043421897459,0.03870550190782322,0.2189072680638241,0.44291193949148194,0,baseline,1.0,-0.5239011424991253,0.44291193949148194,-0.43871177961319124,-0.7285421697351238
2026-09-06 08:08:00,Lainnya,60,1.0,1.0,1,78.68333333333334,-3.0,-4.222839677688185,773.5666666666667,55.622324096113665,45.09180841838879,0.9679585984465677,0.9712361004198774,-0.0008833333333333353,-0.16545818898688652,-0.5058680696074465,-0.5442472821890356,1.051473452892714,0.6268743707118482,-0.9453910994215882,0.7037774565372681,1.4523117326463333,-0.31347955358014534,0.6458353008245862,-0.6148619092414196,0.30633090853625733,0.9936128316727011,0,baseline,1.0,0.09506675073451376,0.9936128316727011,0.5507008921812191,0.9894126717944103
2026-09-06 08:09:00,Lainnya,60,1.0,1.0,1,84.8,1.0,3.7377049180328537,711.5166666666667,44.15553851920395,28.143699056985554,1.2930102907722167,0.9774245233228539,-0.04648333333333333,0.49818285317909233,0.1686226898691488,0.4992302413815925,-0.26358054933559844,0.08663631621304542,0.20902532082781589,0.32825872485802143,0.7897467183607387,0.37949701939765756,-0.2193249103219531,0.35500342357584824,0.13146015446754922,0.5791637134547052,0,baseline,1.0,-0.37551873167924665,0.5791637134547052,-0.4144491182179959,-0.965150010399215
2026-09-06 08:10:00,Lainnya,60,1.0,1.0,1,81.61666666666666,3.0,14.6357321478189,741.95,68.3945247585591,35.97433171544513,1.4203889271862504,0.9776442539625297,-0.0022833333333333325,0.15280018545783278,0.5058680696074465,1.9277564343828884,0.34402143138671565,1.2286148315644692,0.6614087199519803,1.0050540545372846,2.7044536873021037,0.4815221367466635,0.4348039822685737,0.15667552705210935,0.289925604184601,0.7276827247589054,0,baseline,1.0,0.6767953296792631,0.7276827247589054,0.1485190113042002,0.5629681295221961
2026-09-06 08:11:00,Lainnya,60,1.0,1.0,1,80.88333333333334,-1.0,-0.2517365934981357,748.4666666666667,45.07374998658429,33.36190865571906,1.2985177801650047,0.9797805514594543,-0.02513333333333333,0.07323559184665411,-0.1686226898691488,-0.02371043168741627,0.14131578871308015,0.12989628418130758,0.22858509036445396,0.14344196755905447,0.415556010751942,-0.013862908036880908,0.09526090449409134,-0.014300103942605868,0.07539375099693568,0.12310780156606113,0,baseline,1.0,-0.8616120869782301,0.12310780156606113,-0.6045749231928442,-0.7530939344970444
2026-09-06 08:12:00,Lainnya,60,1.0,1.0,1,75.58333333333333,-6.0,-10.294526257293663,806.1833333333333,64.650164619363,34.47352214110939,1.5901486601053778,0.9797300597084965,-0.012716666666666671,-0.501799425615967,-1.011736139214893,-1.3401310813187204,0.22756917141915456,1.0522056867893628,1.2643079750731023,0.9856269734695253,2.2255979456488175,-0.6530109147928856,0.4530841806420396,-0.3412359607190594,0.361762040935232,0.9375618831502236,0,baseline,1.0,0.8421850059104709,0.9375618831502236,0.8144540815841624,1.4190290047770067
2026-09-06 08:13:00,Lainnya,60,1.0,1.0,1,81.8,3.0,2.3973325923868085,729.2333333333333,27.542489004535735,25.14163270186036,1.0710149024207374,0.9796423616817026,0.00013333333333333212,0.17269133386062824,0.5058680696074465,0.3235326646379685,-0.49651976934399944,-0.6960591906401827,-0.5793881148907252,0.4928013547782013,0.9867768914778108,0.28697858290908823,-0.4475552202346794,0.28039983022844195,0.2289814522942305,0.6432098821494698,0,baseline,1.0,-0.492825618691324,0.6432098821494698,-0.29435200100075376,-1.1088060825849162
2026-09-06 08:14:00,Lainnya,60,1.0,1.0,1,86.61666666666666,9.0,9.821061405946166,684.25,26.22240276518651,16.26892639671392,1.465131782132431,0.9797459726888775,-0.010849999999999999,0.6952860509886063,1.5176042088223392,1.2966437457814295,-1.1849793307244283,-0.7582528033953332,0.8203123271572038,1.0893320486270297,1.7253446381420514,0.7747832490343338,-0.753221289575733,0.7634629580330934,0.4063516637889538,1.3840624108063264,0,baseline,1.0,0.5965306938488284,1.3840624108063264,0.7408525286568566,1.0352045296576105
2026-09-06 08:15:00,Lainnya,60,1.0,1.0,1,82.91666666666667,-3.0,-4.45957210336198,732.5,70.05772438327348,48.90599769117783,1.4945656850269045,0.9828386469024342,0.018966666666666666,0.29384651049583516,-0.5058680696074465,-0.575278446240769,1.3474276954267164,1.306973646549914,0.9248464108603128,0.9176306407580586,1.9602447698168752,-0.07628809242698507,0.7653726737461618,-0.271001269045099,0.3848362494573757,0.9017515342287866,0,baseline,1.0,-0.17170140786897115,0.9017515342287866,-0.4823108765775398,-1.2231634052343963
2026-09-06 08:16:00,Lainnya,60,1.0,1.0,1,89.28333333333333,-11.0,-17.193109196999075,689.8833333333333,69.42575394429983,36.585400440937214,1.0790205595727005,1.0022170074073535,-0.024100000000000003,0.9846118459383527,-1.8548495885606369,-2.2444054253051537,0.39143606365979783,1.2771994366667734,-0.5509561384103367,1.3865602797265573,3.3310923880839396,-0.33777529342534374,0.3253932909738038,-0.4421772210168211,0.43447309149342417,0.7773419483582187,0,baseline,1.0,0.4689296389684987,0.7773419483582187,-0.12440958587056794,0.35790129070697185
2026-09-06 08:17:00,Lainnya,60,1.0,1.0,1,76.7,1.0,4.477910530702982,784.1,44.41510660704592,32.39297894213749,0.9160355514883107,1.003808074620529,-0.0023666666666666736,-0.3806442489807601,0.1686226898691488,0.5962572613743301,0.06613366246216228,0.09886542417405009,-1.1297950555097225,0.5506709965161353,1.7829734031817246,-0.06921807734893241,0.13636392817749332,-0.3266103527540479,0.2370376056143655,0.43156391431790775,0,baseline,1.0,-0.835889283210422,0.43156391431790775,-0.34577803404031093,-0.221368448169743
2026-09-06 08:18:00,Lainnya,58,0.9666666666666667,1.0,1,80.53448275862068,13.0,4.188363027705575,749.3448275862069,102.49973071836907,135.81805424776604,0.764633587570138,1.007055926677548,0.2294137931034483,0.03538629065387345,2.1920949682989344,0.5583030350333085,8.091191579610888,2.835423469646128,-1.667496957489191,3.6834265829513755,8.623524097884799,0.6415693569526614,0.9999329957346237,-0.4858391362821161,0.8664967736717296,1.54865540417045,0,baseline,1.0,3.1327555864352403,1.54865540417045,1.1170914898525421,1.462869523892853
2026-09-06 08:19:00,Lainnya,60,1.0,1.0,1,102.68333333333334,13.0,-0.6899797653372566,581.3333333333334,25.073226092121985,10.237849350426773,1.5117857905820165,0.9803201865491833,-0.028833333333333336,2.438473965560826,2.1920949682989344,-0.0811558607248002,-1.6529484615780041,-0.812394303292386,0.9860033686014636,1.5875792719335242,4.114711201201973,0.9630696723302926,-0.9216557620356423,0.843677933603586,0.5807817453009825,1.681086680924083,0,baseline,1.0,-2.0958473110178515,1.681086680924083,0.1324312767536331,-0.984660213098909
2026-09-06 08:20:00,Lainnya,60,1.0,1.0,1,101.18333333333334,-10.0,-16.239510975270832,598.8,32.77390446009328,12.87554507649867,1.4102166173024773,0.9797224976552871,-0.025566666666666668,2.2757282059015944,-1.6862268986914881,-2.1194066518009884,-1.4482818378700621,-0.44958996968636816,0.6252819073897236,1.5918968487918683,2.780815685302288,0.4035409115006402,-0.8773401645032851,0.6802294536164063,0.5189955269639652,1.290209090838108,0,baseline,1.0,0.004317576858344108,1.290209090838108,-0.3908775900859749,-0.523308866839608
2026-09-06 08:21:00,Lainnya,60,1.0,1.0,1,93.05,-12.0,-10.981383717699318,656.1166666666667,50.0684587836669,22.78863826336065,1.3723468828150671,0.9814160775067882,-0.037033333333333335,1.3932845313048685,-2.023472278429786,-1.4301651629336085,-0.6790955769215007,0.3652134744458142,0.4907880888528441,1.2190487324608976,2.2051169364022947,-0.0552037859194215,-0.5086123513435602,0.33418527278670335,0.4435266100383265,0.7550692897202717,0,baseline,1.0,-0.3728481163309707,0.7550692897202717,-0.5351398011178364,-0.14426221103186154
2026-09-06 08:22:00,Lainnya,60,1.0,1.0,1,86.53333333333333,2.0,0.12003334259522525,692.2166666666667,27.412784142864382,25.401854996990586,1.0992001154044715,0.9799145495700551,-0.04096666666666666,0.6862446198964273,0.3372453797382976,0.02502160763326456,-0.4763283507389623,-0.7021700140839793,-0.479288735484781,0.5057900295081563,1.134876986545767,0.4481327792991366,-0.5188552485745505,0.4103114529637153,0.24192738814191428,0.8348162111639249,0,baseline,1.0,-0.7132587029527413,0.8348162111639249,0.07974692144365325,0.6148867225614897
2026-09-06 08:23:00,Lainnya,60,1.0,1.0,1,79.7,-13.0,-18.88191164212276,774.5166666666667,69.62088418085692,40.90335861225471,1.01756796115394,0.9800094530292454,-0.010466666666666664,-0.05515272966229603,-2.1920949682989344,-2.4657756308291474,0.7264792270923578,1.2863926651146627,-0.7692041597451628,1.509007666804489,3.102444864808014,-0.7848314660061168,0.6244047362970784,-0.73009031456592,0.45975596924476403,1.3229698119846465,0,baseline,1.0,1.0032176372963326,1.3229698119846465,0.48815360082072157,0.4084066793770683
2026-09-06 08:24:00,Lainnya,60,1.0,1.0,1,78.85,-3.0,-7.337038066129417,771.0166666666667,88.40766353519028,53.59926637494401,1.2988105201448146,0.9794869085527845,0.0034499999999999986,-0.14737532680252843,-0.5058680696074465,-0.952460059996351,1.7115923131141082,2.171499747706379,0.22962475220143153,1.2167229953246348,2.42294534456995,-0.3589550328819133,0.9075980030360968,-0.5721270345336806,0.468195201501025,1.2243851277679156,0,baseline,1.0,-0.29228467147985415,1.2243851277679156,-0.09858468421673083,-0.5867382850374524
2026-09-06 08:25:00,Lainnya,60,1.0,1.0,1,74.85,15.0,10.717977215893354,788.3166666666667,62.6841670779782,26.48152537979408,1.4197931323253428,0.9764732602470194,-0.003250000000000003,-0.5813640192271472,2.529340348037232,1.4142125222591226,-0.3925535279716191,0.9595810641535405,0.6592927630541372,1.3067201189489739,2.9598719986466886,0.572466334463574,0.13935096752904477,0.3540546924124473,0.4737985582289336,0.8348510018227985,0,baseline,1.0,0.08999712362433909,0.8348510018227985,-0.38953412594511716,-0.2909494417283863
2026-09-06 08:26:00,Lainnya,60,1.0,1.0,1,77.28333333333333,-10.0,-2.5890525145873555,791.2166666666667,48.74739164396794,26.53363711037529,1.5094568614839383,0.9759872647043344,-0.03071666666666666,-0.3173542313355037,-1.6862268986914881,-0.3300885443672147,-0.38851002445140137,0.30297364824287204,0.9777322103337364,0.84179635847916,2.398947825180151,-0.6230201842694819,-0.07432891574277146,-0.10583591387354868,0.36563108552085566,0.7338707441282039,0,baseline,1.0,-0.4649237604698139,0.7338707441282039,-0.10098025769459462,0.28855386825052254
2026-09-06 08:27:00,Lainnya,60,1.0,1.0,1,78.53333333333333,-3.0,0.24340094470694632,771.2666666666667,46.121014977977985,32.805797338017115,1.0991087354460967,0.97628745248896,-0.005916666666666667,-0.18173276495281035,-0.5058680696074465,0.0411927776320585,0.09816546448317694,0.17923638892997515,-0.47961327009549126,0.30616367545817375,1.1120224529510745,-0.24071648165826753,0.13432982212701336,-0.29332290380918513,0.15417228857325682,0.4310410028263879,0,baseline,1.0,-0.5356326830209863,0.4310410028263879,-0.30282974130181595,-0.20184948360722132
2026-09-06 08:28:00,Lainnya,60,1.0,1.0,1,78.93333333333334,9.0,7.8288413448180565,751.0166666666667,35.05274073119479,22.081896872586046,1.2413727309769846,0.9774991975721465,0.012100000000000003,-0.13833389571034785,1.5176042088223392,1.0355012032333852,-0.733933734656966,-0.34222648361052843,0.025635268301937613,0.8216808386034415,1.3916432333628532,0.488830746316946,-0.4313494255297953,0.47090000347761635,0.3201754751084902,0.8656078636344713,0,baseline,1.0,0.5155171631452677,0.8656078636344713,0.4345668608080834,0.7373966021098993
2026-09-06 08:29:00,Lainnya,60,1.0,1.0,1,81.71666666666667,-4.0,-5.409836065573705,741.9666666666667,29.839665710552357,19.695134045868937,1.0887158971269728,0.9753070447918993,0.013300000000000001,0.16364990276844918,-0.6744907594765952,-0.6998401610963203,-0.9191297314914012,-0.5878316262391013,-0.5165232862309375,0.6362176142007714,1.3870371515867361,-0.21395822063534053,-0.5948955134232001,0.10581326851183034,0.26754749372315534,0.6945911756272121,0,baseline,1.0,-0.18546322440267016,0.6945911756272121,-0.17101668800725922,-0.6055835488153426
2026-09-06 08:30:00,Lainnya,60,1.0,1.0,1,75.51666666666667,-4.0,-3.7860516810224403,804.8,42.03138456124891,35.89320317132904,1.2613938444817931,0.9772664834563932,-0.015283333333333335,-0.5090325704897103,-0.6744907594765952,-0.48699259922034305,0.3377264273623855,-0.013439576372958978,0.09673996557720319,0.4232438455992765,0.908130247498591,-0.5045296399377396,0.276784252799569,-0.3887907433037482,0.18506928663795552,0.7187270435352239,0,baseline,1.0,-0.21297376860149486,0.7187270435352239,0.02413586790801181,0.19515255591527103
2026-09-06 08:31:00,Lainnya,60,1.0,1.0,1,74.9,0.0,-5.208113364823496,811.4,63.971444900923295,46.08338058456318,1.0252256148001246,0.9775519628980348,-0.016316666666666667,-0.5759391605718382,0.0,-0.673398112855054,1.1284124741026804,1.0202289642998281,-0.7420081127211043,0.7799496592438632,1.8601566769710307,-0.3950553946608989,0.7577338734109872,-0.6541025239499538,0.3295317478297569,1.1254646473481655,0,baseline,1.0,0.35670581364458664,1.1254646473481655,0.40673760381294166,0.38260173590492985
2026-09-06 08:32:00,Lainnya,60,1.0,1.0,1,73.43333333333334,1.0,4.771325368157866,816.5333333333333,31.388471740307626,30.340161893582795,0.6297338073927748,0.9762164420185552,-0.02675,-0.7350683477941987,0.1686226898691488,0.6347184224525402,-0.09315049236470091,-0.514862270468127,-2.146591590747603,0.9876944696713273,2.8758878235054612,-0.2528854649237202,-0.03292276602797148,-0.5007433748255472,0.4066870452097303,0.6936665243946246,0,baseline,1.0,0.20774481042746418,0.6936665243946246,-0.4317981229535409,-0.8385357267664826
2026-09-06 08:33:00,Lainnya,60,1.0,1.0,1,77.3,3.0,-0.9169213670463503,775.9166666666666,35.528595151600456,32.78770956174104,0.780257738113975,0.9763549057481674,0.007850000000000001,-0.3155459451170679,0.5058680696074465,-0.11090363208630309,0.09676198034957595,-0.319807413804054,-1.6120080110659118,0.716237955505944,2.162963323500231,-0.03840649307047297,0.036360388287368144,-0.34831374637788914,0.32396814761694537,0.47861776307669135,0,baseline,1.0,-0.2714565141653833,0.47861776307669135,-0.21504876131793327,0.21674936163560765
2026-09-06 08:34:00,Lainnya,60,1.0,1.0,1,76.28333333333333,-2.0,-0.19171992220055198,791.1333333333333,44.21805240161636,39.27650783606672,1.2191931878729243,0.9762473110352432,-0.03403333333333333,-0.4258514044416584,-0.3372453797382976,-0.01584337601232868,0.6002470569644962,0.08958155121261269,-0.05313506071793167,0.3332865623286076,0.9256116229852364,-0.32548365463989,0.41173745126769545,-0.3936386485781351,0.16682717798569757,0.6769416748755015,0,baseline,1.0,-0.38295139317733645,0.6769416748755015,0.19832391179881015,0.4133726731167434
2026-09-06 08:35:00,Lainnya,60,1.0,1.0,1,73.7,-3.0,-2.223951097527033,819.1833333333333,37.11114395501326,36.39030416591947,1.029884608029921,0.9744278280739802,-0.04418333333333333,-0.7061357682992242,-0.5058680696074465,-0.28223062234376234,0.37629796584540653,-0.24524832477506464,-0.7254617651299663,0.5102656210050964,1.0849176933469797,-0.5244581318400083,0.2792596794217666,-0.5278334921508884,0.23834811374165188,0.8297350898716196,0,baseline,1.0,0.17697905867648883,0.8297350898716196,0.1527934149961181,-0.045530496802692055
2026-09-06 08:36:00,Lainnya,60,1.0,1.0,1,73.13333333333334,1.0,0.9502639622117706,821.1,31.856510922189724,45.30461868922716,0.9083610271804491,0.9748583464739177,-0.02321666666666667,-0.7676174997260448,0.1686226898691488,0.13384921113863904,1.0679860321081058,-0.4928114023016937,-1.1570510184466045,0.7480875785463122,1.8647866420173278,-0.3377276848654347,0.5495336569308172,-0.6165399549244133,0.33545313934038634,0.9532562897436564,0,baseline,1.0,0.23782195754121582,0.9532562897436564,0.1235211998720368,-0.02927221512408129
2026-09-06 08:37:00,Lainnya,60,1.0,1.0,1,79.16666666666667,9.0,17.601555987774436,752.5,61.04860525343581,26.041036715544543,1.3937396168936569,0.9809791734832535,-0.02,-0.11301788865224499,1.5176042088223392,2.316520102326792,-0.4267323480692016,0.8825243570077685,0.5667640769108035,1.2223155770062006,2.6043592297062514,0.6295071918563386,0.00853166853036927,0.42590975421453325,0.345674366265284,0.8350101677193849,0,baseline,1.0,0.4742279984598884,0.8350101677193849,-0.11824612202427154,-0.24176732189630834
2026-09-06 08:38:00,Lainnya,60,1.0,1.0,1,77.03333333333333,-6.0,-6.401778271742094,787.4,28.59014883083842,21.862048223859833,1.1019008851268022,0.9876740626329675,0.007316666666666664,-0.3444785246120424,-1.011736139214893,-0.8298651090595724,-0.750992442458929,-0.6467004839178714,-0.4696969905765668,0.7110764136192307,1.360010187968336,-0.5493597090190614,-0.466686068345913,-0.138513717413536,0.28995385122960593,0.7892092637800644,0,baseline,1.0,-0.51123916338697,0.7892092637800644,-0.04580090393932046,0.07244521808495108
2026-09-06 08:39:00,Lainnya,60,1.0,1.0,1,74.96666666666667,-2.0,-4.891358710752932,805.9,32.123543296129476,20.044019354021955,1.2914701346750141,0.98740016532839,-0.027166666666666676,-0.5687060156980951,-0.3372453797382976,-0.6318775412365385,-0.8920586871039877,-0.48023062722590415,0.20355547855246275,0.5633612214463828,1.3662417780802516,-0.4689656590685188,-0.45971411318472766,0.03560768493517752,0.2399081940238209,0.7000640713770454,0,baseline,1.0,-0.1477151921728479,0.7000640713770454,-0.08914519240301899,-0.04334428846369853
2026-09-06 08:40:00,Lainnya,60,1.0,1.0,1,74.13333333333334,4.0,1.9572103362045488,803.95,34.57167695466373,18.958026787116243,1.2365110447179817,0.988244861870834,-0.01785,-0.6591203266198901,0.6744907594765952,0.2658409230206622,-0.9763240668608546,-0.36489098335022147,0.008369059326562728,0.5840195402483442,1.6040506001901222,-0.11971592541625015,-0.459263025922718,0.18622600123882582,0.2697065856998925,0.5767808905340545,0,baseline,1.0,0.02065831880196145,0.5767808905340545,-0.12328318084299095,-0.034137988439971956
2026-09-06 08:41:00,Lainnya,60,1.0,1.0,1,74.25,-6.0,-6.956932481244744,822.9833333333333,42.45615551652008,29.814681857053046,1.231175062631401,0.9952330089099661,-0.009949999999999999,-0.6464623230908394,-1.011736139214893,-0.9026353740541326,-0.1339240447647848,0.006572783058038204,-0.010581604473501566,0.6156791630196997,1.1050295715798915,-0.6609340721181761,0.0572148810669218,-0.3774633748245007,0.23673457470079107,0.7991428210869959,0,baseline,1.0,0.03165962277135548,0.7991428210869959,0.2223619305529414,0.34564511139593235
2026-09-06 08:42:00,Lainnya,60,1.0,1.0,1,70.5,-2.0,2.7474298416227345,859.3333333333334,53.771224951346994,37.01099241201232,1.5164565568650614,0.988587371779833,0.02,-1.0533267222389195,-0.3372453797382976,0.36942382274264884,0.42445900521297986,0.5396629901601022,1.0025915280222504,0.6875435686636074,2.1380135521634136,-0.5546618553874544,0.521962635151465,-0.37276042196465126,0.3074753302412945,0.9019901203485395,0,baseline,1.0,0.07186440564390773,0.9019901203485395,0.10284729926154368,-0.11951463129139772
2026-09-06 08:43:00,Lainnya,60,1.0,1.0,1,72.35,3.0,4.669630452903648,826.25,32.32337927039231,30.654167189824207,0.9565670172505827,0.9768809096617846,-0.02306666666666667,-0.852606951992534,0.5058680696074465,0.6213881336697555,-0.06878589140905979,-0.47081569596809647,-0.9858481365505464,0.6541227965587441,1.4610278809938904,-0.22029409447045067,0.014984104553090486,-0.3154377848867058,0.2812470155508332,0.47681746123469104,0,baseline,1.0,-0.03342077210486338,0.47681746123469104,-0.4251726591138485,-0.5280199583753922
2026-09-06 08:44:00,Lainnya,60,1.0,1.0,1,78.21666666666667,-1.0,4.84301194776331,773.3,69.00388100114615,38.128907135164965,1.3806319056182725,0.9773508647095964,-0.038433333333333326,-0.21609020310309227,-0.1686226898691488,0.6441151833977833,0.511201319620026,1.2573236121363172,0.5202122284342469,0.6586378841124435,1.726346279091187,-0.07269070265309475,0.5640203412411333,-0.24129491569860376,0.2816167534343429,0.6789212883264604,0,baseline,1.0,0.004515087553699448,0.6789212883264604,0.20210382709176933,0.6272764862056178
2026-09-06 08:45:00,Lainnya,60,1.0,1.0,1,74.81666666666666,19.0,8.874131703250928,801.2833333333333,84.70268874260125,53.594048493263735,1.4408199747270778,0.9796860444643131,0.0193,-0.5849805916640188,3.2038311075138273,1.1725190895744881,1.711187442220224,1.9969461763946512,0.7339692920729155,1.7998242733226706,3.949345048714943,0.672496988390517,0.9149959196401987,0.01341864075377747,0.6133749984736612,1.2906892271281925,0,baseline,1.0,1.141186389210227,1.2906892271281925,0.6117679388017321,0.40966411170996275
2026-09-06 08:46:00,Lainnya,60,1.0,1.0,1,77.56666666666666,-23.0,-18.495137538205014,807.9833333333333,64.02369573696296,32.089387865138875,1.3897253260721183,0.9953185100930846,-0.021783333333333335,-0.28661336562209344,-3.8783218669904223,-2.4150768275896963,0.042577131622383906,1.0226906733654313,0.5525073806700164,1.928259026501656,3.343691131539998,-0.9333007838402583,0.324271106252729,-0.523510254481605,0.5965279616339187,1.2673242280591506,0,baseline,1.0,0.12843475317898534,1.2673242280591506,-0.02336499906904188,-0.635132937870774
2026-09-06 08:47:00,Lainnya,60,1.0,1.0,1,68.83333333333333,1.0,1.2636843567658045,872.0166666666667,32.10812857990878,39.84971769034255,0.7717155946699783,0.9976424265483741,-0.010966666666666663,-1.2341553440825113,0.1686226898691488,0.17493272410853902,0.6447241072895791,-0.48095686530246584,-1.642345310912966,0.9061329265906014,1.9775845025703573,-0.5384418847996736,0.4471962244837184,-0.7016636288574221,0.3902861878245413,1.0651569287983327,0,baseline,1.0,-1.0221260999110546,1.0651569287983327,-0.2021672992608179,-0.178802300191776
2026-09-06 08:48:00,Lainnya,60,1.0,1.0,1,70.25,0.0,0.34176160044464843,858.4,25.738713175530034,32.31492282658486,0.6965048951469565,0.9987795660078667,-0.008833333333333335,-1.0804510155154583,0.0,0.05408600776622924,0.06007705726998413,-0.7810410138440856,-1.9094550308674045,0.9513107208991649,2.343169890059273,-0.5271102811877515,0.053820274974196766,-0.6052574426157571,0.4060225762296954,0.9010731239927723,0,baseline,1.0,0.0451777943085635,0.9010731239927723,-0.1640838048055604,0.038083494455257494
2026-09-06 08:49:00,Lainnya,60,1.0,1.0,1,69.0,-1.0,1.8071686579606139,873.5166666666667,37.297017496366834,40.56967223289764,0.9797661622380917,0.9991729805859725,-0.024916666666666667,-1.2160724818981516,-0.1686226898691488,0.2461732838329464,0.700587512606379,-0.23649120974137453,-0.903456706074632,0.6989101221780821,1.6046722663524504,-0.5931426945760263,0.5149293937214517,-0.6584832349430333,0.3153383430882454,1.0723847154682562,0,baseline,1.0,-0.2524005987210828,1.0723847154682562,0.17131159147548392,0.3353953962810443
2026-09-06 08:50:00,Lainnya,60,1.0,1.0,1,70.03333333333333,1.0,0.04334537371496577,854.7333333333333,31.097913531114923,32.22168971571158,1.1296643202700483,0.9996607367290804,-0.0399,-1.1039587363551253,0.1686226898691488,0.0149692587150953,0.05284282405968116,-0.5285514251662848,-0.37109554911788584,0.5271390489385462,1.304600976934937,-0.5037696940862715,0.1171766889587475,-0.3933352333503423,0.250767960984166,0.6964994308440137,0,baseline,1.0,-0.1717710732395359,0.6964994308440137,-0.37588528462424253,-0.5471968760997264
2026-09-06 08:51:00,Lainnya,60,1.0,1.0,1,70.95,3.0,0.01833842734097317,847.2166666666667,38.343271863198396,30.21953571752966,1.2361684806569428,0.9999589844065372,-0.038566666666666666,-1.0045029943411496,0.5058680696074465,0.01169131885047555,-0.10251023463503517,-0.1871987188460937,0.007152447980160765,0.46738070179812036,1.30985808264368,-0.3790609113858006,0.0974104216659054,-0.25488352364986927,0.22584379024955004,0.5187937865975454,0,baseline,1.0,-0.05975834714042588,0.5187937865975454,-0.1777056442464683,0.19817964037777425
2026-09-06 08:52:00,Lainnya,60,1.0,1.0,1,68.75,-3.0,-2.5290358432897517,878.3333333333334,36.04407220671574,35.87761683599551,0.9107347025529291,1.0010716379922984,0.007733333333333331,-1.2431967751746904,-0.5058680696074465,-0.32222148869212447,0.33651703744027944,-0.29552159110976556,-1.1486209444275244,0.7555543455751866,1.6518038774700123,-0.7083437527277645,0.34507602556982103,-0.6690962749170788,0.33469763119243556,1.086526881805165,0,baseline,1.0,0.2881736437770663,1.086526881805165,0.5677330952076196,0.7454387394540879
2026-09-06 08:53:00,Lainnya,60,1.0,1.0,1,75.05,14.0,14.47235343150879,794.0,84.53100925354984,37.40705996992039,1.4344250688499154,1.00233590866995,-0.013600000000000001,-0.559664584605916,2.3607176581680833,1.9063405606007027,0.4551910601031824,1.988857789937923,0.711257875627959,1.5378008441319446,3.0361658348436102,0.5956326127911814,0.6960012322383486,0.08682962798506533,0.5163815571827164,1.0551707073228582,0,baseline,1.0,0.782246498556758,1.0551707073228582,-0.031356174482306765,-0.5990892696899264
2026-09-06 08:54:00,Lainnya,60,1.0,1.0,1,76.05,-13.0,-11.541539316476722,812.4166666666666,60.51622325324143,39.164581023925955,1.2622800635421347,1.0028365219680857,0.018000000000000002,-0.4511674114997613,-2.1920949682989344,-1.503591015901087,0.5915623241058817,0.8574420866447166,0.09988735985125415,1.1807306160628266,1.8806699503094362,-0.8114668639133198,0.5580200458978616,-0.6250437475234528,0.42446049498843574,1.2412538986755126,0,baseline,1.0,-0.35707022806911803,1.2412538986755126,0.1860831913526544,0.21743936583496115
2026-09-06 08:55:00,Lainnya,60,1.0,1.0,1,71.85,-1.0,-4.106140594609571,839.5,31.711891583388876,29.58956527023261,1.0371915364470556,1.004480956665835,-0.03826666666666667,-0.9068555385456113,-0.1686226898691488,-0.5289502294874792,-0.15139150748604718,-0.4996248959100505,-0.6995113137233747,0.5616151451815028,1.3435767705725037,-0.5571563376282159,-0.026794030631472027,-0.4066588626862892,0.2472042680306692,0.733227444501808,0,baseline,1.0,-0.6191154708813238,0.733227444501808,-0.5080264541737046,-0.694109645526359
2026-09-06 08:56:00,Lainnya,60,1.0,1.0,1,69.46666666666667,-4.0,-3.2375659905528864,875.1333333333333,46.584520112632845,40.58450067347452,1.3246334839165035,1.005577468686099,0.017399999999999995,-1.1654404677819459,-0.6744907594765952,-0.4150964515230188,0.7017380952295856,0.20107364319069623,0.3213346374330947,0.6610115034458934,1.6289630171423095,-0.7190155944685285,0.5845274360217042,-0.5734725276308634,0.2952772857782683,1.1290328445155842,0,baseline,1.0,0.09939635826439064,1.1290328445155842,0.3958054000137762,0.9038318541874808
2026-09-06 08:57:00,Lainnya,60,1.0,1.0,1,69.2,1.0,-1.7071408724645296,864.75,32.01727552749281,39.422311500821415,0.5560313465854858,1.0060817140242668,-0.03568333333333333,-1.1943730472769203,0.1686226898691488,-0.2144865318082889,0.611560395153821,-0.4852372519856631,-2.40834482254891,1.1482269775513934,2.8155377614151256,-0.5638714542065326,0.4251187920913314,-0.7721431234539211,0.4658499095983779,1.1453812228372597,0,baseline,1.0,0.4872154741054999,1.1453812228372597,0.016348378321675572,-0.3794570216921006
2026-09-06 08:58:00,Lainnya,60,1.0,1.0,1,69.78333333333333,0.0,0.6151708808002925,865.9,49.38767430119944,41.97012658336556,1.1481495720790793,1.0066529235715767,0.010033333333333332,-1.131083029631664,0.0,0.0899248169527374,0.8092529135221312,0.3331394741190101,-0.30544544261294404,0.5981366062333494,1.0698366337661922,-0.5431457475312524,0.6378796443531541,-0.611086182602134,0.2789128348574931,1.0738325920537528,0,baseline,1.0,-0.550090371318044,1.0738325920537528,-0.07154863078350693,-0.0878970091051825
2026-09-06 08:59:00,Lainnya,60,1.0,1.0,1,70.51666666666667,11.0,10.651292025562736,838.7333333333333,70.19557827270567,35.51772057123417,1.0903459844185581,1.006904357532309,-0.003416666666666667,-1.0515184360204837,1.8548495885606369,1.4054713492868072,0.30859162031739673,1.3134683975446397,-0.5107340546093998,1.1974128378269657,2.7756279321984114,0.18672379008982526,0.6096701327878628,-0.32279788051860514,0.43766020542442086,0.8380384070426183,0,baseline,1.0,0.5992762315936163,0.8380384070426183,-0.23579418501113447,-0.16424555422762754
2026-09-06 09:00:00,Lainnya,60,1.0,1.0,1,75.75,-10.0,-10.22784106696299,817.4833333333333,60.955246619101466,40.96898372084233,1.5603970600730557,1.0081612020623738,-0.0014333333333333353,-0.4837165634316074,-1.6862268986914881,-1.3313899083463976,0.7315712736359888,0.878125924103868,1.1586455945444185,1.1179373295199566,2.147534028756641,-0.7494156116455202,0.6160655568059429,-0.47714838928469827,0.4143746070241343,1.1578158012413,0,baseline,1.0,-0.07947550830700911,1.1578158012413,0.3197773941986817,0.5555715792098161
2026-09-06 09:01:00,Lainnya,60,1.0,1.0,1,69.75,-2.0,-4.186162823006338,866.2833333333333,47.28496076052399,46.76410328373894,1.0784583929650051,1.0088047602953507,0.012199999999999999,-1.1346996020685356,-0.3372453797382976,-0.5394396370542611,1.1812317644948818,0.23407371024266696,-0.552952665049519,0.7580818324537244,1.3991382517991209,-0.6674744292486808,0.7329794099793858,-0.7068399593493548,0.3278755728061289,1.2609147665605815,0,baseline,1.0,-0.3598554970662322,1.2609147665605815,0.10309896531928153,-0.21667842887940014
2026-09-06 09:02:00,Lainnya,60,1.0,1.0,1,72.76666666666667,4.0,3.390941928313457,823.9,50.963163832287826,39.72404813208241,1.2375933216900554,1.0093012356715994,-0.005183333333333335,-0.8073997965316357,0.6744907594765952,0.45377614192552773,0.6349730340563237,0.407365977566701,0.012212750460365676,0.5600642742832933,0.9570057958842461,-0.1719314209204636,0.5459242670814284,-0.37340853639494925,0.25135665757374515,0.7281537085309581,0,baseline,1.0,-0.1980175581704311,0.7281537085309581,-0.5327610580296235,-0.635860023348905
2026-09-06 09:03:00,Lainnya,60,1.0,1.0,1,68.98333333333333,-3.0,-2.2856348985828645,876.0666666666667,42.17713520929648,37.465238125449176,1.3653599633214604,1.0102351080342191,-0.010483333333333332,-1.2178807681165875,-0.5058680696074465,-0.2903162073431555,0.45970527550260776,-0.006572783058037869,0.4659741445454887,0.6126341505648217,1.7897939042902018,-0.6988976271161659,0.45799478744595773,-0.49532794406208597,0.28051113202244315,1.0110654706167947,0,baseline,1.0,0.05256987628152843,1.0110654706167947,0.2829117620858367,0.8156728201154602
2026-09-06 09:04:00,Lainnya,60,1.0,1.0,1,68.85,4.0,-2.0155598777437693,868.9666666666667,45.77245366073675,31.700398329315803,0.9706345127140265,1.0095182287288194,0.019833333333333335,-1.2323470578640754,0.6744907594765952,-0.2549144568052655,0.012394281429428198,0.1628145166766795,-0.9358876283046336,0.7001364478681239,2.310251889278093,-0.4728081521217234,0.2858029636443734,-0.540182767493704,0.3156053644862006,0.8346466624448279,0,baseline,1.0,0.08750229730330217,0.8346466624448279,-0.17641880817196687,-0.45933057025780355
2026-09-06 09:05:00,Lainnya,60,1.0,1.0,1,92.96666666666667,18.0,15.497638232842485,641.2666666666667,68.4573024584449,21.207609763111137,1.8937706125539202,0.9805670976767742,-0.047,1.3842431002126896,3.0352084176446783,2.0407360950501126,-0.8017722609429687,1.2315724958745535,2.3426169817022107,1.9553638537213387,3.8826147197998555,0.9624403341865013,-0.3884134458179115,0.8371267740026365,0.6205069752749932,1.4707027381079258,0,baseline,1.0,1.2552274058532147,1.4707027381079258,0.636056075663098,0.8124748838350648
2026-09-06 09:06:00,Lainnya,60,1.0,1.0,1,85.91666666666667,-6.0,-7.847179772158881,703.8833333333333,37.566254089643856,34.64297321565138,1.0711134700042113,0.977530846778139,0.013849999999999994,0.6193380298142992,-1.011736139214893,-1.0193300332345958,0.24071738217272742,-0.22380658662914374,-0.5790380535326302,0.6939671751314195,1.398640250062158,-0.11526978655996083,-0.047389170067299424,-0.15195588995667508,0.262271904799803,0.3277346513157991,0,baseline,1.0,-1.2613966785899193,0.3277346513157991,-1.1429680867921268,-1.7790241624552248
2026-09-06 09:07:00,Lainnya,60,1.0,1.0,1,80.55,-7.0,-8.970825229230265,757.45,61.47989198627521,46.46248714677688,1.107453802335407,0.9773377609563689,-0.014583333333333334,0.03706986747793485,-1.1803588290840417,-1.1666187978181743,1.157828475101913,0.9028436961911473,-0.4499758848040217,0.9232002648674772,1.5657607416495396,-0.46894107674566027,0.6937258015973687,-0.6227360719890125,0.3515522981053202,1.101158687438249,0,baseline,1.0,0.22923308973605772,1.101158687438249,0.77342403612245,1.9163921229145768
2026-09-06 09:08:00,Lainnya,60,1.0,1.0,1,80.6,9.0,13.046957488191211,739.7166666666667,71.22394656975806,49.28144698513988,1.13449811810035,0.9766118427153476,-0.02023333333333333,0.04249472613324228,1.5176042088223392,1.719497988317377,1.3765599181502135,1.3619182167534811,-0.3539283854967971,1.2340046871639103,1.939390721963664,0.6270732537860435,0.7965452418164597,-0.1625407286886247,0.4264296198622842,1.111740480981411,0,baseline,1.0,0.3108044222964331,1.111740480981411,0.010581793543162021,-0.762842242579288
2026-09-06 09:09:00,Lainnya,60,1.0,1.0,1,82.36666666666666,-16.0,-13.55709919422054,756.0,84.72747938367968,53.41221215021581,1.248025990089775,0.9768790753034305,-0.023200000000000002,0.2341730652874488,-2.697963037906381,-1.7677929689894405,1.6970782218006115,1.9981141451873141,0.049264222555418076,1.699700716369169,2.877931875157736,-0.7378587024624688,0.8823069998385152,-0.7070391270820713,0.5695293452193553,1.4653221860923982,0,baseline,1.0,0.46569602920525877,1.4653221860923982,0.3535817051109871,0.34299991156782506
2026-09-06 09:10:00,Lainnya,60,1.0,1.0,1,76.46666666666667,16.0,16.167824395665516,778.55,79.7420470504527,49.49028324422098,0.9849522131265177,0.9767376653050103,-0.005933333333333333,-0.405960256038863,2.697963037906381,2.128584883421925,1.3927641420231385,1.7632339997033504,-0.8850385207730457,1.7227285124472342,2.967678316582534,0.7189163441557517,0.8586073080451843,-0.2485227842993834,0.5572436994287827,1.2752769637188082,0,baseline,1.0,0.023027796078065155,1.2752769637188082,-0.19004522237359,-0.5436269274845771
2026-09-06 09:11:00,Lainnya,60,1.0,1.0,1,85.06666666666666,-11.0,-14.424006668518974,727.0,78.11009179791024,39.26312799993122,1.4277560072311244,0.976877723280728,-0.011383333333333334,0.5271154326740668,-1.8548495885606369,-1.881428217629595,0.5992088758503704,1.6863472100490662,0.68757279900121,1.349917550402252,2.598914246281917,-0.4995869940379434,0.5687874649773537,-0.4219741272305822,0.45557504672421945,0.9791410175133195,0,baseline,1.0,-0.3728109620449822,0.9791410175133195,-0.29613594620548866,-0.10609072383189866
2026-09-06 09:12:00,Lainnya,60,1.0,1.0,1,85.25,16.0,26.97249235898869,701.8666666666667,74.99050033999599,41.74843953239247,1.0256547220548498,0.9734309414788026,0.001433333333333335,0.5470065810768623,2.697963037906381,3.5448734342619783,0.7920515586448564,1.5393729766206188,-0.7404841444643676,1.9870279321762372,3.7353219001503533,0.9277479539837101,0.6113475419965565,0.02591759222469229,0.5256326074492805,1.229399626983369,2,tau_in,0.0,0.6371103817739852,1.584747122675049,0.6056061051617294,0.9017420513672181
2026-09-06 09:13:00,Lainnya,60,1.0,1.0,1,74.28333333333333,-10.0,-7.823839955543157,838.0833333333334,108.28873701808398,74.88929682979416,1.365783041742706,0.9694991064336842,-0.07728333333333332,-0.6428457506539679,-1.6862268986914881,-1.0162706226942844,3.3635488328763383,3.108162632671634,0.4674767014866467,2.060828634322809,3.3239881713928026,-0.7665359372094295,0.991949407371606,-0.7032347764180175,0.6690046606775539,1.5854486294391272,2,rising,0.0,0.07380070214657164,1.8744725542376999,0.28972543156265096,-0.31588067359907845
2026-09-06 09:14:00,Lainnya,60,1.0,1.0,1,77.03333333333333,-12.0,-10.036121144762353,803.7666666666667,83.19822493760526,51.110216564676534,1.1771624028460141,0.9717871362407504,0.010766666666666666,-0.3444785246120424,-2.023472278429786,-1.306259036050976,1.5184595662726132,1.9260659289509783,-0.20240679052768662,1.4127889740202928,2.4817329884095414,-0.7584024082113111,0.8821913063790799,-0.7365096769628345,0.5115765465764595,1.4688746648705393,2,rising,0.0,-0.648039660302516,1.7769616712519545,-0.0975108829857454,-0.38723631454839635
2026-09-06 09:15:00,Lainnya,60,1.0,1.0,1,80.55,6.0,8.437343706585205,742.85,59.566178835115394,40.68794016138285,1.2163665065679372,0.9728372295298109,0.005200000000000001,0.03706986747793485,1.011736139214893,1.1152644066057984,0.7097642714632648,0.8126823634691677,-0.06317397880490458,0.7568583953474748,1.1592988964572972,0.45516748987445965,0.5271043662150202,-0.052152716940171116,0.2819018292139378,0.7531301374397125,2,rising,0.0,-0.655930578672818,1.251880586925111,-0.5250810843268434,-0.427570201341098
2026-09-06 09:16:00,Berbaring,60,1.0,1.0,1,91.43333333333334,-6.0,-25.36037788274513,690.6666666666666,132.5546470829176,52.10989040447218,1.2390895471330632,0.9773190833400386,0.0195,1.9566910151152708,-1.3489815189531904,-4.546037615160526,0.23072974428939239,2.7260514118795314,0.6598397697585555,2.388682687955496,6.051399078868768,-0.010419662536681243,0.3944642718133647,-0.09047016241250383,0.5611781247938674,0.6919655837819773,2,peak,0.0,1.631824292608021,1.216065939469868,-0.03581464745524299,0.48926643687160043
2026-09-06 09:17:00,Berbaring,60,1.0,1.0,1,71.86666666666666,2.0,3.681022506251779,832.4666666666667,25.249579064567655,21.183620151236294,0.7891527624488655,0.975256556505255,-0.026349999999999995,-0.003339063165726952,0.44966050631773014,0.5979685723091928,-0.9174957897303277,-0.9682505113851965,-0.8531357681938951,0.7149499224533837,1.5129209266837211,0.21914419407010818,-0.6327670367284666,0.2894116625577294,0.30792390523663604,0.7918298696092309,2,falling,1.0,-1.6737327655021121,0.7918298696092309,-0.4242360698606372,-0.38842142240539423
2026-09-06 09:18:00,Berbaring,60,1.0,1.0,1,75.85,8.0,9.674353987218714,786.1833333333333,54.83611690769254,24.416235221116324,1.4297228844634755,0.9757248051390306,-0.011816666666666668,0.3956789851384965,1.7986420252709205,1.659547346359345,-0.7974757829690914,0.05035565209917462,1.300871101085668,1.1885945010052554,1.646590560254618,0.7641641556375712,-0.46616441472296777,0.7337739135900184,0.414274432199793,1.2293508773962631,2,falling,0.864191796555831,0.4736445785518717,1.2368295953273816,0.4449997257181507,0.8692357955787879
2026-09-06 09:19:00,Berbaring,60,1.0,1.0,1,79.21666666666667,-3.0,-3.1892192275631803,761.6166666666667,31.254608699706218,30.708857000954705,0.9851963027246572,0.9772715394937054,0.01393333333333333,0.7329243648767948,-0.6744907594765952,-0.6189343839802889,-0.5638443445714062,-0.7615091808959377,-0.1939118707322699,0.6205661624714531,0.9413883452400976,0.10750397463880261,-0.5696986349271624,0.3218226928143947,0.266880089482711,0.7147786139593298,2,falling,1.0,-0.5680283385338023,0.7147786139593298,-0.5220509813680517,-0.9670507070862024
2026-09-06 09:20:00,Berbaring,60,1.0,1.0,1,79.7,0.0,-4.397888302306156,755.9166666666666,51.61174865154306,38.38498117312313,1.1505410882608342,0.9796359509782595,0.02583333333333333,0.7813407807798178,0.0,-0.8330218975230859,-0.2788464542788465,-0.06065298961726105,0.3620831587023973,0.5028182643016393,1.1812369043335142,0.2956846336275919,-0.3138378893421976,0.38647892057281247,0.18360628116775457,0.607454398191031,2,tau_out,1.0,-0.11774789816981379,0.607454398191031,-0.10732421576829887,0.41472676559975286
2026-09-06 09:21:00,Berbaring,60,1.0,1.0,1,77.78333333333333,-5.0,3.355932203389879,782.7833333333333,55.01373993759108,38.92974985443412,1.0960091269249004,0.9800732639025356,-0.025,0.5893446487505886,-1.1241512657943253,0.5403864134942341,-0.25862037124673304,0.05647086280719146,0.17871179110962346,0.5780818884233583,2.0494632902705843,0.06784774240125127,-0.24114779499807978,0.20283736925753554,0.25372780426709296,0.41021503166863654,0,baseline,1.0,0.07526362412171894,0.41021503166863654,-0.19723936652239443,-0.08991515075409556
2026-09-06 09:22:00,Berbaring,60,1.0,1.0,1,73.9,3.0,4.2911919977772035,807.0666666666667,33.354727597558714,25.01016742399521,1.1192446517640091,0.9804096746714606,0.008566666666666667,0.2003437899435431,0.6744907594765952,0.7060458550080401,-0.7754243647011301,-0.6892062279534511,0.2568445019475083,0.5966340917129653,0.7790145216867146,0.3956180938681892,-0.5641185555792035,0.5221012298590132,0.24883012919356506,0.8995829858103402,0,baseline,1.0,0.01855220328960705,0.8995829858103402,0.4893679541417037,0.6866073206640981
2026-09-06 09:23:00,Berbaring,60,1.0,1.0,1,82.75,-5.0,-6.0600166712974834,749.4666666666667,117.492367825213,42.084660436646,1.4603551020243486,0.9781788510511762,-0.01163333333333333,1.0868650604437207,-1.1241512657943253,-1.1274291402846894,-0.14148536407057147,2.207486834659629,1.4038762285178865,1.3279039180103083,3.6766111388895695,0.09116222955786438,0.25118924814316346,0.1904079053305893,0.4945137455187475,0.5934691275879915,0,baseline,1.0,0.7312698262973429,0.5934691275879915,-0.3061138582223487,-0.7954818123640524
2026-09-06 09:24:00,Berbaring,60,1.0,1.0,1,78.83333333333333,2.0,5.4415115309809075,765.25,60.55887316194108,38.850866534846745,1.2777200498511263,0.9790471715242346,-0.01891666666666667,0.6945251384709483,0.44966050631773014,0.9097981092763651,-0.2615491383116521,0.24737886663019992,0.7897402527169738,0.6144897965956712,1.2295449258257112,0.5739253344539306,-0.2173874561934803,0.532171735595635,0.2351902045024421,0.845676524505144,0,baseline,1.0,-0.7134141214146371,0.845676524505144,0.25220739691715244,0.5583212551395011
2026-09-06 09:25:00,Berbaring,60,1.0,1.0,1,71.71666666666667,-2.0,-0.6918588496804213,857.6166666666667,113.280526497787,163.32944766506827,0.4034820638713746,0.9762647029323576,-0.021683333333333336,-0.01836484741149183,-0.44966050631773014,-0.17658528703254547,4.360071384367141,2.0624814420556663,-2.1500075788913287,2.164882559056807,4.467319190443818,-0.16982514569223045,0.9941682499101405,-0.7895357620588679,0.6942835964957157,1.456917129136617,0,baseline,1.0,1.550392762461136,1.456917129136617,0.611240604631473,0.35903320771432057
2026-09-06 09:26:00,Berbaring,60,1.0,1.0,1,71.41666666666667,-2.0,-3.9794387329812904,842.5666666666667,28.285689420424255,25.839137310466704,1.172301469350744,0.9761690847340081,-0.035233333333333325,-0.04841641590302301,-0.44966050631773014,-0.758903323868949,-0.7446465055287843,-0.8637232179961561,0.43525549180840173,0.6151472091975749,1.359174756494286,-0.26860772666873944,-0.5481991459319466,0.23627614691600296,0.25254097202217307,0.7016236701950986,0,baseline,1.0,-1.5497353498592321,0.7016236701950986,-0.7552934589415183,-1.3665340635729915
2026-09-06 09:27:00,Berbaring,60,1.0,1.0,1,74.11666666666666,3.0,-4.032786885245885,808.25,48.159911945975026,43.16307272956395,0.9928437439293327,0.9759162157925554,0.0012833333333333332,0.22204770052075903,0.6744907594765952,-0.7683527037770586,-0.10144624778561998,-0.1794929215578015,-0.16819627719900335,0.44072059952425785,1.6832645940243882,0.20622032459125433,-0.14406885025463917,0.15769281793970225,0.15596763888515275,0.335373799062165,0,baseline,1.0,-0.17442660967331708,0.335373799062165,-0.3662498711329336,0.3890435878085847
2026-09-06 09:28:00,Berbaring,60,1.0,1.0,1,71.98333333333333,-2.0,-0.01833842734089678,838.7,25.264230760745587,27.329750350804307,0.7126953516132186,0.9774237092292133,-0.040183333333333335,0.00834765791431382,-0.44966050631773014,-0.0572868656928368,-0.6893032669085593,-0.9677460823738848,-1.1102345345699465,0.6891828778570607,1.6038029995288459,-0.1380135350923838,-0.5530209883115895,0.006207112638340744,0.31426470848527277,0.650907662136852,0,baseline,1.0,0.24846227833280282,0.650907662136852,0.315533863074687,0.6817837342076206
2026-09-06 09:29:00,Berbaring,60,1.0,1.0,1,72.61666666666666,-2.0,-0.6051681022505838,829.3666666666667,35.24248527504242,34.546210761328105,1.0091758013404637,0.9751475470855121,0.026266666666666667,0.0717898580631017,-0.44966050631773014,-0.16123004468189028,-0.42137169802695895,-0.6242144531251345,-0.11327744373483195,0.36818769050089417,0.6362322300714499,-0.11903124651753708,-0.3818007650729776,0.12126799282446894,0.17997132331519594,0.45501193957667524,0,baseline,1.0,-0.3209951873561665,0.45501193957667524,-0.1958957225601768,-0.5114295856348638
2026-09-06 09:30:00,Berbaring,60,1.0,1.0,1,76.63333333333334,8.0,1.9705473742706943,778.65,53.94781690812467,35.458498061053895,1.4593470413963359,0.9747869800203044,-0.0119,0.4741469695330521,1.7986420252709205,0.2949978290058705,-0.3875004434809165,0.019773234535463147,1.4004864832850605,0.9711558549199926,2.242853741013227,0.688250012225138,-0.29406596742442076,0.6752717988885496,0.4101093374689101,1.08827595010573,0,baseline,1.0,0.6029681644190984,1.08827595010573,0.6332640105290548,0.8291597330892315
2026-09-06 09:31:00,Berbaring,60,1.0,1.0,1,76.35,1.0,-3.282578494026066,793.2833333333333,71.03045221060428,47.39573748981431,1.3256123563438795,0.9763141334234401,-0.00016666666666666541,0.44576493262438227,0.22483025315886507,-0.635470798819453,0.05570344129324331,0.6078946869312472,0.9507848497496774,0.5671138639829452,1.384247418780379,0.21394234574608734,0.09318642910444616,0.25108710198285644,0.24134958863808909,0.41922475426732675,0,baseline,1.0,-0.4040419909370474,0.41922475426732675,-0.6690511958384032,-1.302315206367458
2026-09-06 09:32:00,Berbaring,60,1.0,1.0,1,75.53333333333333,-9.0,-8.182272853570405,812.8833333333333,64.74280057264052,43.78336500141872,1.212108770264471,0.9841279946334223,-0.005166666666666666,0.36395788506410254,-2.0234722784297854,-1.503337284753643,-0.07841613716229874,0.3914232381178891,0.5691131237347482,1.0778202837917747,1.4298199626178612,-0.5596788542187995,-0.018062678159463944,-0.1820153166292082,0.38448223993064135,0.7032231854195898,0,baseline,1.0,0.5107064198088296,0.7032231854195898,0.2839984311522631,0.9530496269906663
2026-09-06 09:33:00,Berbaring,60,1.0,1.0,1,75.46666666666667,1.0,-2.787440955821026,799.1333333333333,52.99391287930989,39.82504109608783,1.2651187712510725,0.9804080096815165,0.015916666666666666,0.3572797587326515,0.22483025315886507,-0.5477687415474407,-0.22538014358159947,-0.01306780040668697,0.7473666862120997,0.4257878977339137,1.2031142480175183,0.17981125662663833,-0.19610831826883723,0.34188821192661223,0.18000680806106206,0.46912744633691017,0,baseline,1.0,-0.6520323860578611,0.46912744633691017,-0.23409573908267967,-0.5180941702349428
2026-09-06 09:34:00,Berbaring,60,1.0,1.0,1,72.66666666666667,-7.0,-12.063350930814071,842.7333333333333,89.63407090312626,56.68990882610294,1.5137407873217215,0.9796028366061538,0.009233333333333331,0.07679845281169143,-1.5738117721120555,-2.19077967306762,0.4007759236357973,1.2483805985912135,1.5833930821764393,1.3849492280049063,2.3666569629077414,-0.6402051708149629,0.4755068364560521,-0.28853087761353646,0.4396423565660237,0.9552512137014131,0,baseline,1.0,0.9591613302709926,0.9552512137014131,0.4861237673645029,0.7202195064471826
2026-09-06 09:35:00,Berbaring,60,1.0,1.0,1,69.65,3.0,1.2120033342595848,859.3666666666667,66.0533853599808,63.93256510852613,1.0326280585711998,0.9796750529862437,-0.013400000000000006,-0.22538676368648597,0.6744907594765952,0.16063945843763228,0.669680088590396,0.43654408832456065,-0.03441593983539683,0.44192168093676093,0.8897841610802304,0.10212316936841982,0.47965602736873847,-0.2112947924238264,0.21287670803058556,0.5748573983523027,0,baseline,1.0,-0.9430275470681453,0.5748573983523027,-0.38039381534911043,-0.8665175827136133
2026-09-06 09:36:00,Berbaring,60,1.0,1.0,1,70.53333333333333,2.0,-0.23339816615722464,853.5333333333333,58.21772887018404,52.051962303654,1.2467611796181892,0.9788842951266853,-0.01405,-0.1369015897947552,0.44966050631773014,-0.09537967844734677,0.22857899918007082,0.16677788459457743,0.6856367098649391,0.3606001522604115,1.2886488253500896,0.04526437417378169,0.19236629633262103,0.05616212422164659,0.1782786715735849,0.27201309613546865,0,baseline,1.0,-0.08132152867634945,0.27201309613546865,-0.302844302216834,0.07754951313227643
2026-09-06 09:37:00,Berbaring,60,1.0,1.0,1,74.86666666666666,2.0,1.6571269797166333,809.1833333333333,63.297385724435905,58.365592371545034,0.8089612264473921,0.9784144832030016,-0.02903333333333333,0.2971766217495877,0.44966050631773014,0.23948272204580362,0.46299042988108186,0.34166045475406365,-0.7865270300458955,0.4650407263727773,1.3054607533176592,0.32235026839757686,0.2734829948433479,-0.1296938065499007,0.22043609397318287,0.4940801544162986,0,baseline,1.0,0.10444057411236585,0.4940801544162986,0.22206705828082995,0.524911360497664
2026-09-06 09:38:00,Berbaring,60,1.0,1.0,1,76.48333333333333,8.0,9.0841900527925,778.5,74.71425793637417,59.29686875432628,0.8702075977276987,0.9783023077969255,0.013433333333333332,0.4591211852872858,1.7986420252709205,1.5550135811260368,0.49756670801559333,0.7347208548743871,-0.5805775173815848,1.0792304551962393,1.9086933908646813,0.7720412247883013,0.35006485592514114,0.11545436601471212,0.37999995056543356,0.9361211081842462,0,baseline,1.0,0.6141897288234619,0.9361211081842462,0.4420409537679476,0.21997389548711765
2026-09-06 09:39:00,Berbaring,60,1.0,1.0,1,78.0,-4.0,-1.44373437065848,778.35,62.55189709759788,56.76400745519013,1.076560184888578,0.9782766735816166,0.0012500000000000022,0.6110485593278059,-0.8993210126354603,-0.30976248511227417,0.4035270454897125,0.3159947511786395,0.113311995979149,0.5088611124288687,1.0861671805590403,0.019813437726238652,0.1768497527345955,-0.06362152473270752,0.23659823842474514,0.30281154567127416,0,baseline,1.0,-0.5703693427673706,0.30281154567127416,-0.6333095625129721,-1.0753505162809196
2026-09-06 09:40:00,Berbaring,60,1.0,1.0,1,78.73333333333333,-1.0,-2.6840789108084824,765.6666666666666,76.28085186717516,62.408984576999835,1.3015734353042874,0.978331994617215,-0.01791666666666666,0.6845079489737718,-0.22483025315886507,-0.5294605679754977,0.6131128383171179,0.7886555951286243,0.8699506065188176,0.6524476129677783,1.4594393256646283,0.22565939344605881,0.3777858641885923,0.09007575538458786,0.28621921736058165,0.532615624184808,0,baseline,1.0,0.14358650053890964,0.532615624184808,0.22980407851353385,0.8631136410265059
2026-09-06 09:41:00,Berbaring,60,1.0,1.0,1,78.56666666666666,6.0,0.6668519033065321,767.6666666666666,74.66142031608975,53.70746247425705,1.2297002389965817,0.9779704173575852,-0.0073500000000000015,0.6678126331451427,1.3489815189531904,0.06407860750177512,0.29004414036571147,0.732901759785569,0.628266904386445,0.7400248661823767,1.6668332937706531,0.6536259354777698,0.2061883763214632,0.3555162624406692,0.3330731955016286,0.8408745902218238,0,baseline,1.0,0.08757725321459842,0.8408745902218238,0.30825896603701575,0.0784548875234819
2026-09-06 09:42:00,Berbaring,60,1.0,1.0,1,76.38333333333334,-10.0,-9.034176160044415,802.6833333333333,65.53417834285744,51.371693056172745,1.0161696438791665,0.9789029771421698,-0.017499999999999998,0.4491039957901092,-2.2483025315886507,-1.6542320701610482,0.20332207315664808,0.4186688144222756,-0.08975966737703622,1.170307840842314,1.5344969496093668,-0.5886634945233826,0.12600032295174562,-0.38933589045598294,0.4075621229226727,0.8246757610156937,0,baseline,1.0,0.43028297465993726,0.8246757610156937,-0.016198829206130028,-0.3244577952431458
2026-09-06 09:43:00,Berbaring,60,1.0,1.0,1,73.98333333333333,0.0,-5.876632397888247,821.5,71.72534714958732,76.34588996962599,0.889735794090719,0.9781899442040186,0.012249999999999995,0.20869144785785693,0.0,-1.0949468968506173,1.130559995895264,0.6318185495871375,-0.5149112184629061,0.728577949862133,1.8016309714370669,-0.04942144219191723,0.6279500337418658,-0.4426618761589636,0.2703006622135192,0.815950800246179,0,baseline,1.0,-0.441729890980181,0.815950800246179,-0.008724960769514678,0.00747386843661535
2026-09-06 09:44:00,Berbaring,60,1.0,1.0,1,76.33333333333333,5.0,-2.1939427618782594,789.4166666666666,81.57668569951535,71.70762198572379,1.0114535940457667,0.9784836403950966,-0.025666666666666667,0.44409540104151946,1.1241512657943253,-0.44264439006987255,0.9583511362709638,0.970980712417205,-0.10561804632399592,0.7669492014534937,2.054582742867758,0.4739102604691412,0.5921815976361167,-0.0859601767755281,0.335186170989792,0.8336719383371801,0,baseline,1.0,0.03837125159136068,0.8336719383371801,0.017721138091001065,0.026446098860515743
2026-09-06 09:45:00,Berbaring,60,1.0,1.0,1,72.91666666666667,-6.0,-1.235343150875195,840.0333333333333,66.45451271273461,61.44558016679392,0.8004097678801689,0.9780399945344415,0.026383333333333335,0.10184142655463431,-1.3489815189531904,-0.27285084484627237,0.5773437160037055,0.4503541121949999,-0.8152825087407607,0.7194211284094788,1.7426294538096572,-0.3710233579461768,0.38826827396030333,-0.5231499770304178,0.32246306654650136,0.816136577086991,0,baseline,1.0,-0.04752807304401485,0.816136577086991,-0.017535361250189063,-0.03525649934119013
2026-09-06 09:46:00,Berbaring,60,1.0,1.0,1,77.7,4.0,2.6640733537094294,771.6333333333333,65.34081878022387,60.2250018468877,1.2247767136568868,0.97804230430104,-0.0009166666666666665,0.5809969908362747,0.8993210126354603,0.41783976781111803,0.5320262825818539,0.4120118259192099,0.6117108599530569,0.5983201128900512,1.433272475871366,0.5730286588341826,0.2723663534898552,0.28002245691469324,0.2695630587694561,0.7440578562103549,0,baseline,1.0,-0.12110101551942765,0.7440578562103549,-0.07207872087663614,-0.054543359626447074
2026-09-06 09:47:00,Berbaring,60,1.0,1.0,1,75.13333333333334,-9.0,-10.97638232842452,821.6666666666666,81.25888043603304,64.69340992818042,0.9745455080912827,0.97808990521254,0.002050000000000001,0.32388912707539474,-2.0234722784297854,-1.9982485574401656,0.6979286113576143,0.960039303797944,-0.2297266613619385,1.2684567839079175,1.7341364893396018,-0.622232578308831,0.5073039706596371,-0.5831287170189196,0.4125826127407346,1.0746135180165899,0,baseline,1.0,0.6701366710178663,1.0746135180165899,0.33055566180623497,0.4026343826828711
2026-09-06 09:48:00,Berbaring,60,1.0,1.0,1,88.03333333333333,19.0,24.210058349541587,678.3833333333333,82.72357310961972,25.656135487161606,1.7542486949289717,0.9911431987938767,-0.031033333333333336,1.6161065722112469,4.271774810018436,4.23420807819336,-0.7514409674723189,1.0104657846804472,2.3921346505043104,2.771774141395102,3.760550397451411,0.9927121589865286,-0.44935947334424675,0.8542216070121502,0.6947907361975736,1.5491384986102117,0,baseline,1.0,1.5033173574871845,1.5491384986102117,0.4745249805936218,0.14396931878738684
2026-09-06 09:49:00,Berbaring,60,1.0,1.0,1,81.95,-11.0,-13.151986662961884,752.6,65.47821477537008,32.88552306287136,1.2504638827049281,1.0016241516026456,-0.015133333333333335,1.0067275444663037,-2.4731327847475155,-2.3836060818172013,-0.48302944090337196,0.4167420991345505,0.6980875682637896,1.5113890820473206,2.1200409022201296,-0.4973511821394671,-0.34770097459264054,0.0572472384753308,0.46922206584667814,0.7692208782259314,0,baseline,1.0,-1.2603850593477814,0.7692208782259314,-0.7799176203842803,-1.2544426009779022
2026-09-06 09:50:00,Berbaring,60,1.0,1.0,1,70.41666666666667,-6.0,-7.643789941650355,870.7166666666667,53.91773132664642,44.939884516306705,1.578718390267821,1.0016144846358597,0.0014833333333333317,-0.14858831087479454,-1.3489815189531904,-1.4079576063062866,-0.03547706863858838,0.018737447283563326,1.8018893845875377,1.0857093928534127,2.770444223126811,-0.6028496195277765,0.014888535991787672,0.020618968640549906,0.3961877997257466,0.7218304834156645,0,baseline,1.0,-0.42567968919390786,0.7218304834156645,-0.04739039481026697,0.7325272255740133
2026-09-06 09:51:00,Berbaring,60,1.0,1.0,1,67.15,-4.0,1.5621005834954431,910.6333333333333,58.24028737434532,45.89542276206282,1.163526945282802,1.0021050904310285,0.002449999999999996,-0.47581650111591484,-0.8993210126354603,0.22265101408450466,0.0,0.16755452941525587,0.4057499240845065,0.4614218283011888,1.4633741950468175,-0.4606198047252538,0.1362002382751229,-0.24219166730715297,0.2194674592706123,0.5809852655644958,0,baseline,1.0,-0.6242875645522239,0.5809852655644958,-0.14084521785116866,-0.09345482304090169
2026-09-06 09:52:00,Berbaring,60,1.0,1.0,1,70.01666666666667,16.0,15.509308141150356,840.9666666666667,83.44549965354261,40.25069743579354,1.3827053176088666,1.002084050604183,-0.01631666666666667,-0.18865706886350375,3.597284050541841,2.6930732738073373,-0.20957644420351718,1.0353202921974092,1.142767938760328,1.9429537926942362,2.4903031169914356,0.8808134389036192,0.179333970677336,0.5471940425668882,0.5841509680163524,1.2035973832005677,0,baseline,1.0,1.4815319643930474,1.2035973832005677,0.6226121176360719,0.7634573354872406
2026-09-06 09:53:00,Berbaring,60,1.0,1.0,1,69.83333333333333,-16.0,-11.886635176437828,894.5833333333334,49.62752505352098,38.86809505956424,1.09479637758221,1.0024289711016354,0.006683333333333332,-0.20702191627499558,-3.597284050541841,-2.1594786021220473,-0.2609094804469263,-0.1289658958921695,0.17463375136800457,1.7205552085267466,2.265539546731742,-0.9081680036080839,-0.13353498949151554,-0.3723265809940106,0.5548191985794535,1.1353643213625433,0,baseline,1.0,-0.2223985841674896,1.1353643213625433,-0.06823306183802447,-0.6908451794740964
2026-09-06 09:54:00,Berbaring,60,1.0,1.0,1,66.5,1.0,2.3906640733537454,901.8666666666667,43.17581976557456,34.46540884393599,1.2945745917454317,1.0024166428832841,-0.024316666666666664,-0.540928232847567,0.22483025315886507,0.36941169578212113,-0.4243716984792499,-0.3510853884171806,0.8464160135294112,0.49989821517266886,1.5358026696947842,-0.17289534769606166,-0.20982677298665176,0.18735592141056912,0.22975628800557724,0.40225647177222523,0,baseline,1.0,-1.2206569933540776,0.40225647177222523,-0.733107849590318,-0.6648747877522936
2026-09-06 09:55:00,Berbaring,60,1.0,1.0,1,65.31666666666666,2.0,0.19505418171719563,922.9333333333333,65.0373730020336,47.26251963989927,1.2127113931114586,1.0022730744008552,0.015150000000000002,-0.6594649752308303,0.44966050631773014,-0.01948934606044939,0.05075735061993774,0.4015647860665986,0.5711395275699966,0.4334934457619723,1.119088334398314,-0.22672187872964028,0.25448327670939463,-0.14931029505086868,0.2113196250932774,0.4279183293307133,0,baseline,1.0,-0.06640476941069656,0.4279183293307133,0.025661857558488044,0.7587697071488061
2026-09-06 09:56:00,Berbaring,60,1.0,1.0,1,57.2,-14.0,-19.4520700194498,1083.3666666666666,197.68687504478328,253.6359328657475,0.5517446480109919,1.0022361870581185,0.006716666666666667,-1.472526856085042,-3.147623544224111,-3.4995187903389064,7.7129558850173385,4.9684256023035065,-1.6514538472725582,4.305514726129359,6.789991020660997,-0.9792557959026388,0.999980871618832,-0.8893631495630445,0.8918908126339239,1.8829072443628148,3,tau_in,0.0,3.872021280367387,2.1319802275992075,1.704061898268494,1.678400040710006
2026-09-06 09:57:00,Berbaring,60,1.0,1.0,1,56.18333333333333,6.0,7.330369547096446,1043.9666666666667,104.493445851827,141.06790046772824,0.7849960988966811,1.0027572919305894,-0.0072833333333333335,-1.574368282639677,1.3489815189531904,1.244365216647378,3.5335482792702235,1.7599595805094717,-0.8671131323215415,1.9227644062419629,3.5578998819194365,-0.2678565971376186,0.9909772365142153,-0.699224336386921,0.637857965779917,1.3962666281996858,3,falling,0.7208409331993849,-2.3827503198873963,1.4238996739943126,-0.7080805536048949,-2.4121424518733887
2026-09-06 09:58:00,Berbaring,60,1.0,1.0,1,67.41666666666667,20.0,28.19949986107257,869.5666666666667,119.17120097256274,46.793089450676185,1.3827746105229188,1.002489940431008,-0.013283333333333333,-0.4491039957901092,4.496605063177301,4.94084451944566,0.0333284228736553,2.2652857498425925,1.1430009459015158,2.923245272327359,4.558810327587104,0.951091927756178,0.5879144317642803,0.4039396269655928,0.6861637086531611,1.3726642311306294,3,falling,0.4181707141933047,1.000480866085396,1.4908830971098206,0.06698342311550798,0.7750639767204028
2026-09-06 09:59:00,Berbaring,60,1.0,1.0,1,71.18333333333334,-12.0,-15.075854404001044,870.0166666666667,68.15398608452068,61.75182698182476,0.8274167965072716,1.0026054028976685,-0.0020333333333333327,-0.07178985806310313,-2.697963037906381,-2.724374344752908,0.5887139979630647,0.508863629609898,-0.7244675874973965,1.6246411684968725,1.9720048357250772,-0.8503815800109069,0.43444800646616144,-0.6918782489274946,0.4772409572790691,1.2721432091505605,3,falling,0.8110305897114228,-1.2986041038304865,1.2861017777037318,-0.2047813194060888,-0.27176474252159677
2026-09-06 10:00:00,Berbaring,60,1.0,1.0,1,62.21666666666667,-6.0,-7.870519588774607,989.35,143.62991815715316,156.79691064061396,0.8828817393467508,1.002401068234718,0.008116666666666668,-0.9699978496433215,-1.3489815189531904,-1.4481174709157034,4.117532411772384,3.1073511583484477,-0.5379589387569677,2.3006084477602617,3.4807831660587887,-0.8195386755705495,0.9969093063575976,-0.802870825707602,0.7041136248249031,1.6750669733759267,3,falling,0.6065337608454014,0.6759672792633893,1.7206583178101489,0.4345565401064171,0.6393378595125059
2026-09-06 10:01:00,Berbaring,60,1.0,1.0,1,63.05,-6.0,-5.32981383717694,974.2666666666667,113.55620823794061,106.04851783779546,0.6052558358568638,1.0029847278608055,-0.033666666666666664,-0.886521270500179,-1.3489815189531904,-0.9980907527926344,2.233354334380015,2.0719726208197886,-1.4715149736941113,1.5836747716657547,2.6663805790090733,-0.7786745591306052,0.9582163659030187,-0.8481694726807074,0.56751666070581,1.601867437551489,3,falling,0.8234239384710843,-0.7169336760945071,1.6115701638442046,-0.10908815396594429,-0.5436446940723614
2026-09-06 10:02:00,Berbaring,60,1.0,1.0,1,59.28333333333333,7.0,15.365934981939454,1000.0,129.36834810542115,138.86849040411812,0.629268082632302,1.0022932479152522,-0.010616666666666667,-1.2638354082271852,1.5738117721120555,2.6676780653043273,3.4518889400049972,2.6163534203676244,-1.3907704264172867,2.305274912985008,3.7427304892549063,0.17535452308000818,0.992710301085831,-0.6216560713921305,0.6713829743608322,1.3614089466456556,3,falling,0.6051220396426917,0.7216001413192532,1.4175199905407971,-0.19405017330340746,-0.08496201933746317
2026-09-06 10:03:00,Berbaring,60,1.0,1.0,1,59.55,2.0,5.6499027507641415,1006.5166666666667,132.66684304278087,146.57155364866352,0.8511552425075304,1.002906636924756,0.0007999999999999972,-1.2371229029013795,0.44966050631773014,0.9467097495423579,3.737887019797059,2.729914097565864,-0.6446437337251265,2.0194356841285663,3.2825906764856616,-0.3829507870933167,0.9949120585642012,-0.709786424284947,0.6623157967308144,1.4418600113430677,3,falling,0.6915954794966865,-0.28583922885644153,1.4744740216691206,0.056954031128323424,0.2510042044317309
2026-09-06 10:04:00,Berbaring,60,1.0,1.0,1,54.65,-10.0,-5.783273131425342,1099.65,118.48604652168535,177.6522979954125,0.47938700556322283,1.0026729354718902,-0.004066666666666671,-1.72796518826306,-2.2483025315886507,-1.0784104820114497,4.891847842846588,2.2416972329872946,-1.894766567489962,2.637840634570017,4.52521588630296,-0.9454041085517657,0.998497570231223,-0.8953163872991604,0.759380733371158,1.8080478029648313,3,falling,0.5045126794858147,0.6184049504414508,1.8747118558851332,0.40023783421601267,0.34328380308768924
2026-09-06 10:05:00,Berbaring,60,1.0,1.0,1,57.416666666666664,8.0,7.747151986663011,1015.3333333333334,72.81079885139657,105.91233983258778,0.7279900813444314,1.0029900212456115,0.008699999999999998,-1.4508229455078254,1.7986420252709205,1.318188497179381,2.2282983395422615,0.6691885115438191,-1.058803860905065,1.506199059345257,2.7753576552762502,-0.06055754867722278,0.9332531035305367,-0.6401079633811015,0.5372302081803515,1.254186219552973,3,falling,0.8468622585935358,-1.1316415752247602,1.2635007879537121,-0.6112110679314211,-1.0114489021474338
2026-09-06 10:06:00,Berbaring,60,1.0,1.0,1,61.68333333333333,2.0,0.6985273687135893,971.7,43.55837696000426,53.32503466509795,1.1241148634186011,1.0028580420819309,-0.005266666666666669,-1.0234228602949336,0.44966050631773014,0.06968917682220703,0.2758454228417401,-0.3379146984838895,0.27322127163798926,0.5032183766040369,1.9052654699613176,-0.39484843381692547,0.26541131119770733,-0.299070606767018,0.2405670145169856,0.6112807588211598,3,falling,1.0,-1.00298068274122,0.6112807588211598,-0.6522200291325523,-0.04100896120113118
2026-09-06 10:07:00,Berbaring,60,1.0,1.0,1,61.06666666666667,2.0,0.8669074742984774,984.6,58.79386570100487,69.03094368789027,0.7509549012768983,1.003194538317921,-0.012316666666666667,-1.0851955288608586,0.44966050631773014,0.09951378215713541,0.8589718595989795,0.1866131397364973,-0.9815814332796102,0.7217924597030679,1.2954464295311403,-0.4194565190314996,0.6267994298854936,-0.6479499877824946,0.3261281271523059,1.0464320516163523,3,tau_out,1.0,0.21857408309903104,1.0464320516163523,0.4351512927951925,1.0873713219277448
2026-09-06 10:08:00,Berbaring,60,1.0,1.0,1,61.53333333333333,-4.0,-1.9905529313697807,988.1333333333333,78.61609501546249,83.5769208269559,1.0057948170749935,1.0031411193783406,-0.007750000000000002,-1.038448644540699,-0.8993210126354603,-0.4066186291702561,1.3990325339570422,0.8690534124296055,-0.12464647747909201,0.8926155564573637,1.4407230453999718,-0.7172391640512689,0.8319449592402862,-0.704903439181211,0.38144969225901904,1.3597636412069136,0,baseline,1.0,0.17082309675429574,1.3597636412069136,0.3133315895905613,-0.1218197032046312
2026-09-06 10:09:00,Berbaring,60,1.0,1.0,1,57.6,-1.0,1.0702973048069224,1034.4666666666667,83.49859770803961,129.1086784358729,0.5556138573496673,1.002774076268684,-0.011216666666666673,-1.4324580980963335,-0.22483025315886507,0.13553954305674593,3.089528227982251,1.0371483535226798,-1.6384430882506171,1.603444882402648,3.0863465644645003,-0.6831356953688978,0.9778085681822257,-0.8457997608464949,0.5842702334238192,1.5746532683136418,0,baseline,1.0,0.7108293259452843,1.5746532683136418,0.2148896271067282,-0.09844196248383308
2026-09-06 10:10:00,Berbaring,60,1.0,1.0,1,68.51666666666667,37.0,37.061961656015605,854.2333333333333,168.04179934672092,84.59975557924382,1.0922549156858972,1.0006886714636385,-0.017683333333333332,-0.3389149113211611,8.318719366878007,6.510622756678097,1.4370081763491875,3.947804095890111,0.16608772932524474,4.64366770836041,6.662818425241124,0.9972048330015086,0.9512812255514159,0.05840897083026834,0.8757661652598641,1.6339312816442402,4,tau_in,0.0,3.040222825957762,1.9156543094033405,0.34100104108969864,0.12611141398297043
2026-09-06 10:11:00,Berbaring,60,1.0,1.0,1,85.76666666666667,-26.0,-27.80439010836339,741.1333333333333,112.25235895247584,60.27957463887803,0.9757246900818247,0.9774984111935731,-0.019433333333333334,1.3890502769418982,-5.845586582130491,-4.978937332200177,0.5340524523305157,2.0270836606626026,-0.22576149654942745,3.2998840525469677,5.100376875989711,-0.9398239369500067,0.4797732676209061,-0.6782849639433733,0.7592089381062439,1.4662605923913816,4,falling,0.3687997269153072,-1.3437836558134424,1.5963501838701044,-0.31930412553323606,-0.6603051666229347
2026-09-06 10:12:00,Berbaring,60,1.0,1.0,1,68.9,-3.0,-10.049458182828534,883.6666666666666,119.63031567867124,96.96565878212166,1.0612014891781618,0.975097477042908,0.03363333333333333,-0.30051568491531466,-0.6744907594765952,-1.834065581537001,1.8961274200373242,2.28109216395796,0.06166622773856223,1.4555369797208524,2.455535881013642,-0.56676276902064,0.9319795817637234,-0.6706783519173247,0.4952321925997156,1.372905806488591,4,falling,0.8749784513347304,-1.8443470728261153,1.378586501138304,-0.21776368273180036,0.1015404428014357
2026-09-06 10:13:00,Berbaring,60,1.0,1.0,1,72.41666666666667,0.0,6.606835232008917,835.5333333333333,79.78370477749576,61.966365945362455,1.1021665988345308,0.9768549338052641,-0.0012666666666666668,0.051755479068748535,0.0,1.1162080016438263,0.5966793657218983,0.9092519144124245,0.19941715393395676,0.6417594880705445,1.7619473189907469,0.1934287115930733,0.49686552403639794,-0.12632828949742117,0.21925657237441654,0.5901883569685552,4,falling,1.0,-0.8137774916503079,0.5901883569685552,-0.7883981441697488,-0.5706344614379485
2026-09-06 10:14:00,Berbaring,60,1.0,1.0,1,69.85,2.0,5.169769380383482,856.4833333333333,42.37023726213623,28.6740891717681,0.9786517454495658,0.9793666569143118,0.02440000000000001,-0.20535238469213282,0.44966050631773014,0.8616653303694948,-0.6393908737242218,-0.37882000567954244,-0.2159188623830901,0.5140975192248894,1.1046566699358937,0.15006226999998648,-0.38447427004701396,0.24568116784355276,0.18563160968191983,0.5149344423825286,4,tau_out,1.0,-0.12766196884565506,0.5149344423825286,-0.0752539145860266,0.7131442295837223
2026-09-06 10:15:00,Berbaring,60,1.0,1.0,1,82.93333333333334,12.0,18.715198666296228,726.1666666666666,93.80491235495562,24.358550512106575,1.6799170345682786,0.976386516087847,-0.005700000000000001,1.1052299078552126,2.697963037906381,3.260921947659477,-0.7996174914669197,1.3919744463160062,2.1421840182170357,2.093644470439646,3.656887276497086,0.9567823304329062,-0.3030203498035449,0.8080304393484118,0.5873088051773377,1.4160150365642679,0,baseline,1.0,1.5795469512147569,1.4160150365642679,0.9010805941817392,0.9763345087677658
2026-09-06 10:16:00,Berbaring,60,1.0,1.0,1,79.1,-6.0,-4.71797721589327,775.1166666666667,72.93068259160088,55.980928956026276,0.9736721724820445,0.9809438472577958,0.007633333333333336,0.721237643796754,-1.3489815189531904,-0.8897181769716626,0.37445303428437815,0.6733158723496409,-0.23266337482520336,0.7936450609443659,1.6114123668508344,-0.1405351614388027,0.2260573965262865,-0.24318692294281175,0.32056889940583766,0.4824483152437536,0,baseline,1.0,-1.2999994094952803,0.4824483152437536,-0.9335667213205143,-1.8346473155022536
2026-09-06 10:17:00,Berbaring,60,1.0,1.0,1,71.9,-3.0,-5.048068908029977,848.55,91.01674738796561,63.781539223843694,1.381285545292379,0.9784807421539022,0.0009333333333333287,0.0,-0.6744907594765952,-0.9481862151530067,0.6640728240974478,1.2959834238028003,1.1379937552362676,0.8915894440696559,1.6578183436268912,-0.33155576921907925,0.5974909108900711,-0.2760276103341021,0.3559099014821435,0.8184055940293212,0,baseline,1.0,0.09794438312528997,0.8184055940293212,0.33595727878556764,1.269524000106082
2026-09-06 10:18:00,Berbaring,60,1.0,1.0,1,72.33333333333333,-7.0,-13.307029730480634,855.4166666666666,97.9021115519358,70.10959942977416,1.074338080008342,0.9810328618255434,0.0020000000000000005,0.04340782115443329,-1.5738117721120555,-2.4110683421751045,0.8990200146175589,1.5330329364034845,0.10583985668980074,1.3821268230315573,2.219616277384664,-0.6695513562334596,0.7008848697137329,-0.6246363226116995,0.41223723660743217,1.2246014429190015,0,baseline,1.0,0.4905373789619014,1.2246014429190015,0.4061958488896803,0.07023857010411266
2026-09-06 10:19:00,Berbaring,60,1.0,1.0,1,66.85,0.0,1.1819949986107885,900.2166666666667,39.42256588002577,39.59091660931964,0.9322522303436602,0.9812892713989679,-0.0106,-0.5058680696074475,0.0,0.15532418223932742,-0.23407267946275273,-0.4803025195736752,-0.37194373902740213,0.3425032311327049,0.748782242157522,-0.2495461942484603,-0.1465784872428148,-0.1302763753124845,0.16835833716972126,0.35927012072449777,0,baseline,1.0,-1.0396235918988523,0.35927012072449777,-0.8653313221945038,-1.271527171084184
2026-09-06 10:20:00,Berbaring,60,1.0,1.0,1,88.85,44.0,57.28424562378443,677.5666666666667,144.03817369095594,38.375265692228794,1.6064383863374738,0.9904162317970596,-0.03155,1.6979136197715265,9.892531138990062,10.092528328090712,-0.2792071690739645,3.121406591438087,1.8951017588435333,6.000232738237666,8.156441413836825,0.9999604464362356,0.2795602537288566,0.6499663602477718,0.9082893988561344,1.5249658132004376,0,baseline,1.0,5.657729507104961,1.5249658132004376,1.1656956924759398,2.0310270146704434
2026-09-06 10:21:00,Berbaring,60,1.0,1.0,1,103.7,-7.0,-9.482634065018003,583.1,23.81190415865596,14.422205101855956,1.3812808204130567,0.9868158854684773,0.019366666666666664,3.185466260102335,-1.5738117721120555,-1.7336659200134767,-1.168532508423924,-1.017746823796375,1.1379778671669263,1.7947119897659496,2.9561062639476168,0.7697903683533965,-0.911144463806278,0.818451781300288,0.5947847406237443,1.5640951541152979,0,baseline,1.0,-4.2055207484717165,1.5640951541152979,0.03912934091486031,-1.1265663515610795
2026-09-06 10:22:00,Lainnya,60,1.0,1.0,1,90.9,-25.0,-36.390108363434216,690.2833333333333,93.23018563815205,40.67523295902786,0.9276564139242778,0.9763385872366946,0.02440000000000001,1.160015609126637,-4.21556724672872,-4.760770594711602,0.7087782819963743,2.3987046554119673,-1.0885237293475445,2.864222252399929,6.316111132938387,-0.8718587892653743,0.6396026979051147,-0.781420609347411,0.6841028044277311,1.4992812195600769,0,baseline,1.0,1.0695102626339792,1.4992812195600769,-0.064813934555221,-0.10394327547008131
2026-09-06 10:23:00,Lainnya,60,1.0,1.0,1,83.6,2.0,9.646012781328187,717.4666666666667,54.42191316710908,31.38092911091714,1.274088227165492,0.9822284730112109,-0.004000000000000003,0.3679862454517064,0.3372453797382976,1.2736981667290872,-0.012394281429427924,0.5703190561875742,0.14182388349235808,0.6078633071282283,1.7858810874853408,0.4578761756466901,0.062085702601358365,0.24120159131849714,0.15838739815290026,0.5447660068695215,0,baseline,1.0,-2.2563589452717006,0.5447660068695215,-0.9545152126905554,-0.8897012781353344
2026-09-06 10:24:00,Lainnya,60,1.0,1.0,1,86.45,19.0,26.128924701305987,697.6,102.38432083352593,31.068268186939438,1.8325030171209833,0.9887512200932148,0.011283333333333334,0.6772031888042482,3.2038311075138273,3.4342975961621365,-0.03665456855936871,2.829986129666288,2.125025995816429,2.416727761450746,4.718501423714003,0.9516286329721774,0.5019397871041497,0.5865131307699186,0.6597826623500116,1.3917080940606243,0,baseline,1.0,1.8088644543225176,1.3917080940606243,0.8469420871911029,1.8014572998816583
2026-09-06 10:25:00,Lainnya,60,1.0,1.0,1,105.73333333333333,8.0,11.453181439288805,566.7833333333333,24.099435021626167,8.753691715160398,1.5268677667883839,0.983209131694619,0.016533333333333337,2.7693903435345977,1.3489815189531904,1.5105839542789523,-1.7681086482734922,-0.8582728095123257,1.039566790646344,1.6690654778511738,2.8824195418861107,0.9734600753712683,-0.9403316264557854,0.8512015638020735,0.572368897579232,1.6982338894245337,0,baseline,1.0,-0.7476622835995721,1.6982338894245337,0.30652579536390934,-0.5404162918271935
2026-09-06 10:26:00,Lainnya,46,0.7666666666666667,1.0,1,103.1086956521739,-14.0,-10.110548263412856,588.2608695652174,27.969375937588673,17.510631691124743,1.4384746838054638,1.0074403277046056,0.0031086956521739102,2.484624574700907,-2.3607176581680833,-1.316015030068982,-1.088631739250789,-0.675947140523202,0.7256400250237208,1.6148694345861652,2.9546698227860992,0.4308385970494138,-0.852343509627091,0.6915279643594118,0.5657409469536727,1.3078169213089592,0,baseline,1.0,-0.0541960432650086,1.3078169213089592,-0.39041696811557447,-0.6969427634794838
2026-09-06 10:33:00,Berbaring,32,0.5333333333333333,1.0,0,106.96875,-10.0,-24.336510263929462,568.28125,32.2022182916523,12.62741513149963,1.4007806513783525,0.9654192271465112,0.025875000000000002,3.512903141791313,-2.2483025315886507,-4.364683365854658,-1.2351691786492964,-0.728884851004717,1.2035487834577732,2.5804153199758235,4.457328974989279,0.5391123847955379,-0.9160894086787494,0.7783105404401425,0.640223380580877,1.4647577419272944,0,baseline,1.0,0.9655458853896584,1.4647577419272944,0.15694082061833514,0.5473577887339096
2026-09-06 10:34:00,Berbaring,60,1.0,1.0,1,81.83333333333333,-22.0,-22.09613781605996,761.2666666666667,80.13164310051742,66.29083327482908,1.1480928022113344,0.9768799750834358,-0.005583333333333334,0.995040823386263,-4.946265569495031,-3.9678536820339096,0.7572374856655117,0.9212307448596185,0.35385045351159267,2.6691695651341094,3.0876381361861958,-0.9107296058780768,0.4200725689321456,-0.5791422508723784,0.6871270668591987,1.3466397925756315,0,baseline,1.0,0.0887542451582859,1.3466397925756315,-0.11811794935166287,-0.275058769969998
2026-09-06 10:35:00,Berbaring,60,1.0,1.0,1,77.23333333333333,6.0,8.612392331203154,779.1166666666667,80.37203571077309,57.69440239569702,1.0611937059103882,0.9776113648509008,-0.008149999999999998,0.5342501065161145,1.3489815189531904,1.4714456275638104,0.43807059757876493,0.929506988459355,0.06164005540914247,0.9425157059836394,1.6743692919564113,0.7255418762925989,0.35089630882406597,0.21497639794274506,0.3282021953065487,0.8963653086086133,0,baseline,1.0,-1.72665385915047,0.8963653086086133,-0.4502744839670182,-0.3321565346153553
2026-09-06 10:36:00,Berbaring,60,1.0,1.0,1,80.11666666666666,-8.0,-10.217838288413366,763.2166666666667,66.6109604832206,38.47583437053022,0.9825108591061885,0.9791464865233885,0.015683333333333334,0.8230790703513883,-1.7986420252709205,-1.8638901868719195,-0.2754732715362802,0.45574030047175496,-0.20294205150787678,1.1336834611796653,2.1587996276789934,-0.3509112966114715,-0.19948008861626063,-0.12324580986404277,0.36889956577355565,0.5605421153855051,0,baseline,1.0,0.1911677551960259,0.5605421153855051,-0.33582319322310816,0.11445129074391003
2026-09-06 10:37:00,Berbaring,60,1.0,1.0,1,74.01666666666667,3.0,9.967768824673575,808.6833333333333,55.29933694599482,30.963893680614632,0.9971331274292526,0.9765868612621902,-0.004033333333333334,0.21203051102358245,0.6744907594765952,1.7115189358538752,-0.5543753841924385,0.06630340470767411,-0.1537726236343571,0.7921033200562027,2.0422468851342184,0.5195271287627722,-0.31918259030939566,0.40576900467034516,0.18483201580244435,0.7553789265619363,0,baseline,1.0,-0.3415801411234627,0.7553789265619363,0.19483681117643115,0.5306600043995393
2026-09-06 10:38:00,Berbaring,60,1.0,1.0,1,80.16666666666667,6.0,4.471242011669965,743.5333333333333,26.80720031447829,20.9397845325874,1.0762193948038952,0.9776755445020344,0.016599999999999997,0.828087665099978,1.3489815189531904,0.7379375121978662,-0.9265488789371279,-0.9146246828429804,0.1121660415267614,0.8904722013136083,1.226822859882123,0.749070244755238,-0.7181797272671827,0.6801648231465812,0.3680666048113672,1.2942123336062843,0,baseline,1.0,0.09836888125740562,1.2942123336062843,0.538833407044348,0.34399659586791687
2026-09-06 10:39:00,Berbaring,60,1.0,1.0,1,76.78333333333333,-4.0,-8.677410391775448,790.15,54.980682277767464,24.458196782071006,1.521487531452084,0.9759584529842921,0.001116666666666665,0.48917275377881697,-0.8993210126354603,-1.591039342025656,-0.7959178409560079,0.05533275275777475,1.6094425957236405,1.0650764328355444,2.073420892031747,-0.23493573811573987,-0.4790542953093478,0.42694421295094603,0.37018349247860716,0.7771775845804387,0,baseline,1.0,0.17460423152193616,0.7771775845804387,-0.5170347490258456,-1.0558681560701935
2026-09-06 10:40:00,Berbaring,60,1.0,1.0,1,79.61666666666666,-1.0,-0.9786051681022097,759.7833333333333,37.797897738450054,26.210684844162312,1.403101765575426,0.9764742718406635,-0.015750000000000004,0.7729931228655026,-0.22483025315886507,-0.22737570403856192,-0.730851749103324,-0.5362366404025601,1.2113538554601242,0.7057902070652904,1.5349234062812214,0.312750111227325,-0.5983841616872119,0.6311917325685065,0.31833654139474565,0.9775568494368054,0,baseline,1.0,-0.35928622577025404,0.9775568494368054,0.2003792648563667,0.7174140138822123
2026-09-06 10:41:00,Berbaring,60,1.0,1.0,1,78.28333333333333,-1.0,2.032231175326528,772.6333333333333,39.64117302590902,31.723647812136527,1.2236559439209893,0.9779738911093123,-0.009116666666666667,0.6394305962364742,-0.22483025315886507,0.30592367452460373,-0.5261673563168774,-0.47277630655885483,0.6079421145385637,0.48699290930840605,1.0564147995611521,0.3186342613492536,-0.48955297803483794,0.5124830075912378,0.22726270748060484,0.8096153914603764,0,baseline,1.0,-0.21879729775688433,0.8096153914603764,-0.167941457976429,-0.3683207228327957
2026-09-06 10:42:00,Berbaring,60,1.0,1.0,1,79.4,-4.0,-6.381772714642897,764.9166666666666,57.25775550064595,29.791364918862204,1.2433096398601857,0.9766859432748056,-0.0023166666666666652,0.7512892122882866,-0.8993210126354603,-1.1844207128554,-0.5979088414309749,0.1337278942179717,0.6740304233822837,0.7752162422304633,1.3076667683369592,-0.03423695737476935,-0.4183379768231649,0.33287819356480153,0.2824277745838697,0.6056006701698267,0,baseline,1.0,0.2882233329220572,0.6056006701698267,-0.20401472129054976,-0.03607326331412075
2026-09-06 10:43:00,Berbaring,60,1.0,1.0,1,76.78333333333333,5.0,2.4690191719922994,777.1333333333333,29.533931457640936,29.32893521214103,1.0434903322104605,0.975881618552386,0.0054666666666666665,0.48917275377881697,1.1241512657943253,0.3832904725221447,-0.6150778564010535,-0.8207487057578257,0.0021099786095291613,0.6710528167489971,1.2134186779043068,0.5808761147889966,-0.5657939489200349,0.5588026737441946,0.3005202971557316,1.0296177594394518,0,baseline,1.0,-0.10416342548146618,1.0296177594394518,0.4240170892696251,0.6280318105601749
2026-09-06 10:44:00,Berbaring,60,1.0,1.0,1,81.8,1.0,2.180605723812185,732.9666666666667,27.00594201198696,21.00847286699797,1.3610223374672432,0.9751386003030109,-0.008083333333333336,0.9917017602205375,0.22483025315886507,0.33220476239398966,-0.9239986296243693,-0.90778239804788,1.0698558771977003,0.8131025945767824,1.6287538400830757,0.5801679000347235,-0.7322146753133488,0.7332780945229259,0.35539391615770244,1.2396510486923387,0,baseline,1.0,0.14204977782778527,1.2396510486923387,0.2100332892528869,-0.21398380001673822
2026-09-06 10:45:00,Berbaring,60,1.0,1.0,1,79.88333333333334,-4.0,-2.345651569880431,756.6,37.54599439241494,29.369360259186756,1.0878798509578314,0.9758004462419672,0.0293,0.7997056281913096,-0.8993210126354603,-0.4695160641835113,-0.6135769618265777,-0.5449091759399796,0.15137596061496209,0.6278362431949547,0.9265624169440994,0.09928619267304127,-0.560550630940007,0.37410311931387913,0.27924918459730763,0.7362119320422509,0,baseline,1.0,-0.18526635138182768,0.7362119320422509,-0.5034391166500878,-0.7134724059029747
2026-09-06 10:46:00,Berbaring,60,1.0,1.0,1,77.75,1.0,4.549597110308444,774.6833333333333,40.151193775302886,35.18209290273887,0.9509672153134596,0.9757570773133575,0.006099999999999995,0.5860055855848629,0.22483025315886507,0.7518162889378764,-0.3977627692613382,-0.4552172977423423,-0.3090119774637677,0.48650202678146076,1.0501772107984826,0.4641002985529001,-0.421714008351722,0.40146607050055716,0.18677376071564988,0.7676530696948931,0,baseline,1.0,-0.14133421641349392,0.7676530696948931,0.031441137652642226,0.53488025430273
2026-09-06 10:47:00,Berbaring,60,1.0,1.0,1,76.81666666666666,-1.0,-2.6990830786328885,782.2833333333333,29.31598260604942,30.325633839981155,0.9806136111004949,0.9752604131837685,0.0029500000000000004,0.4925118169445425,-0.22483025315886507,-0.5321182060746515,-0.5780725917882376,-0.8282522549981112,-0.20932181399841907,0.5228530161373294,0.9561788725156077,0.12298888204915664,-0.5535639420662624,0.3187361330084508,0.2293262161884856,0.689740921636632,0,baseline,1.0,0.03635098935586861,0.689740921636632,-0.07791214805826108,-0.1093532857109033
2026-09-06 10:48:00,Berbaring,60,1.0,1.0,1,81.93333333333334,10.0,14.050569602667471,728.75,47.047622825806215,21.951410131917743,1.4656832604946968,0.9757465638687048,-0.029816666666666665,1.005058012883441,2.2483025315886507,2.4346917919453435,-0.8889894081536258,-0.2177868429144645,1.4217929085991317,1.5733170032489712,2.091950574763086,0.9205281680325904,-0.6317976764044148,0.8137860827366304,0.4872622648828918,1.4649958072588776,0,baseline,1.0,1.050463987111642,1.4649958072588776,0.7752548856222455,0.8531670336805066
2026-09-06 10:49:00,Berbaring,60,1.0,1.0,1,75.98333333333333,-11.0,-7.7071408724645325,805.7,42.43411643109982,32.610178300855075,1.5119007729972935,0.9774602138978811,0.0023833333333333345,0.4090352378014,-2.4731327847475155,-1.4191787449471618,-0.49325239646241154,-0.3766207718398287,1.5772057759656446,1.364458567772249,2.6036124186193916,-0.6229718998416822,-0.4196367540132965,0.20083915315285303,0.49167004208726217,0.9199265128456816,0,baseline,1.0,-0.20885843547672223,0.9199265128456816,-0.545069294413196,-1.3203241800354415
2026-09-06 10:50:00,Berbaring,60,1.0,1.0,1,73.93333333333334,-2.0,-8.749096971380876,822.7166666666667,62.887063601042634,40.661062872216036,1.4662500661678153,0.9807621490515167,0.005366666666666664,0.20368285310926862,-0.44966050631773014,-1.6037369462771567,-0.19434046299656407,0.3275338730594264,1.4236988721642199,0.9117399666395867,2.188234355899325,-0.25750383652327496,-0.06564581499955816,0.1773234291313249,0.29357448411149956,0.4338746075669638,0,baseline,1.0,-0.45271860113266227,0.4338746075669638,-0.48605190527871783,0.059017389134478127
2026-09-06 10:51:00,Berbaring,60,1.0,1.0,1,77.16666666666667,8.0,9.769380383439865,768.1333333333333,37.86123936597538,23.725835164168366,1.053262858551022,0.9827893749333964,-0.012433333333333334,0.5275719801846633,1.7986420252709205,1.6763790543206372,-0.8231088440393435,-0.5340559130547194,0.03497146893564957,1.1020918711066099,1.2534384653528443,0.7936488779860665,-0.5990975147634227,0.6486732989978854,0.37696252785268625,1.2456621411771889,0,baseline,1.0,0.19035190446702321,1.2456621411771889,0.8117875336102252,1.297839438888943
2026-09-06 10:52:00,Berbaring,60,1.0,1.0,1,80.41666666666667,-1.0,2.9991664351209306,749.45,33.6680832615769,28.034180106385993,1.212044147215457,0.9825536883847341,0.03335,0.853130638842921,-0.22483025315886507,0.47719368535884527,-0.6631493134683596,-0.6784180102706635,0.5688958196696566,0.6096111882811234,1.2769125263192076,0.44090354753805067,-0.6075083872563088,0.5982425840862807,0.27122415670671385,0.997456320554388,0,baseline,1.0,-0.4924806828254865,0.997456320554388,-0.24820582062280083,-1.059993354233026
2026-09-06 10:53:00,Berbaring,60,1.0,1.0,1,82.21666666666667,3.0,2.809113642678578,731.0833333333334,40.60654187366678,22.553138757091222,1.4777248794172493,0.9793015340184482,0.0129,1.0334400497921095,0.6744907594765952,0.4435302694362522,-0.8666485255862404,-0.43954056050516915,1.46228454095134,0.8946327804351814,1.6882009439881376,0.6843597252062089,-0.6602348428686104,0.774702801895049,0.38113562698513737,1.2844014476180918,0,baseline,1.0,0.285021592154058,1.2844014476180918,0.2869451270637038,0.5351509476865046
2026-09-06 10:54:00,Berbaring,60,1.0,1.0,1,78.7,-7.0,-7.682133926090552,778.5,78.29139398989749,52.21890040322597,1.24222860193154,0.9835129852335521,-0.037433333333333325,0.6811688858080462,-1.5738117721120555,-1.414749348115244,0.23477704980045588,0.8578745963179033,0.6703952817416916,1.0151263618326953,1.5390419483947682,-0.30017602241530517,0.20444036421225723,-0.14248381976384913,0.36697178195035685,0.5356038037529527,0,baseline,1.0,0.12049358139751398,0.5356038037529527,-0.7487976438651391,-1.035742770928843
2026-09-06 10:55:00,Berbaring,60,1.0,1.0,1,76.43333333333334,1.0,5.584884690191785,794.35,62.58954940655233,39.7630694855824,1.2157712529039233,0.9802859573370128,0.013783333333333333,0.4541125905386975,0.22483025315886507,0.9351933177793704,-0.22768101546120206,0.31729104593856633,0.5814287352390534,0.5199238816141505,1.310296882432758,0.428036284442189,-0.1358786839572475,0.402341022855776,0.17576967345973804,0.6280536237725272,0,baseline,1.0,-0.49520248021854485,0.6280536237725272,0.09244982001957447,0.8412474638847136
2026-09-06 10:56:00,Berbaring,60,1.0,1.0,1,79.91666666666667,0.0,-2.7490969713808457,759.5166666666667,61.96677394738512,33.68724548660184,1.3008772108471467,0.9770823777975853,0.0015833333333333324,0.8030446913570352,0.0,-0.5409769997384865,-0.4532632210978267,0.29585011477797984,0.8676094541426734,0.5749286757930121,1.2170001536943524,0.3456790528023637,-0.3238490468090071,0.49432083746223143,0.25229038158593053,0.7296408292136468,0,baseline,1.0,0.055004794178861616,0.7296408292136468,0.10158720544111965,0.009137385421545186
2026-09-06 10:57:00,Berbaring,60,1.0,1.0,1,76.13333333333334,0.0,-3.621005834954077,792.25,38.02435660093744,29.550588625873313,1.3275095105708417,0.9763320216401934,0.01616666666666667,0.42406102204716634,0.0,-0.6954153026114323,-0.6068483444920506,-0.5284401082659381,0.9571642968960836,0.6092492027098149,1.5994146890742709,0.1282117299591003,-0.5010362903717464,0.4911078511450495,0.25565791630417034,0.7576433881410728,0,baseline,1.0,0.03432052691680276,0.7576433881410728,0.02800255892742598,-0.07358464651369367
2026-09-06 10:58:00,Berbaring,60,1.0,1.0,1,78.08333333333333,3.0,4.722978605168168,762.5,23.986224860341142,23.173260452512935,1.0126746690541868,0.9758713749017993,0.006766666666666669,0.6193962172421197,0.6744907594765952,0.7825267736391956,-0.8436247480969937,-1.0117453057376913,-0.10151201036376359,0.7299056534406112,1.006084097548549,0.5786256672987028,-0.6862374202060649,0.5885026664734198,0.3019466130716444,1.1150052041760643,0,baseline,1.0,0.12065645073079634,1.1150052041760643,0.3573618160349915,0.32935925710756553
2026-09-06 10:59:00,Berbaring,60,1.0,1.0,1,83.21666666666667,0.0,-6.553487079744289,720.5666666666667,42.81626756691412,23.55376108006849,1.3609378721205527,0.9717261419951667,0.02796666666666667,1.133611944763881,0.0,-1.2148359044345793,-0.8294975826582806,-0.3634640617040581,1.0695718506239738,0.8874174725430589,1.9061080216900308,0.41468928976054736,-0.6491406406120429,0.6634890052584158,0.33173152459034827,1.0693990101183746,0,baseline,1.0,0.15751181910244771,1.0693990101183746,-0.04560619405768973,-0.40296801009268124
2026-09-06 11:00:00,Berbaring,60,1.0,1.0,1,76.73333333333333,-8.0,-8.072242289524816,797.3,51.09622029870271,42.58510919821304,1.137283544273151,0.9707317413778377,-0.0012999999999999965,0.4841641590302287,-1.7986420252709205,-1.4838479386931913,-0.1229047838132512,-0.07840161436134034,0.31750280779649875,0.9826319423790261,1.1310942126260284,-0.4588704441133113,-0.1819810837888312,-0.08855600098306521,0.3454243569099058,0.6089658044541088,0,baseline,1.0,0.09521446983596715,0.6089658044541088,-0.4604332056642658,-0.4148270116065761
2026-09-06 11:01:00,Berbaring,60,1.0,1.0,1,73.05,0.0,3.5859961100306426,823.3833333333333,28.547368703385004,23.389480469009342,1.1177566750200545,0.9699981162018604,0.010333333333333332,0.11519767921753643,0.0,0.5811368643479032,-0.8355969664772116,-0.8547141162251651,0.25184097147105344,0.5542521908200856,1.067790523869641,0.1494025141948894,-0.6020116903787363,0.4330511419155374,0.23994053531648807,0.793627077790779,0,baseline,1.0,-0.4283797515589405,0.793627077790779,0.18466127333667026,0.6450944790009361
2026-09-06 11:02:00,Berbaring,60,1.0,1.0,1,74.73333333333333,5.0,2.7540983606557727,795.2166666666667,28.173849918125132,24.999322024705293,0.8976537036940816,0.9706199816103225,-0.013150000000000002,0.28382036908668556,1.1241512657943253,0.4337855964060245,-0.7758270309227387,-0.8675736315513665,-0.4882861370083755,0.7217403680933328,1.3156004320795096,0.5068000519709923,-0.6045977238239572,0.4727543630005166,0.31834302594092023,0.973254165278606,0,baseline,1.0,0.16748817727324716,0.973254165278606,0.17962708748782696,-0.005034185848843298
2026-09-06 11:03:00,Berbaring,60,1.0,1.0,1,82.65,4.0,8.860794665184839,726.15,35.625559763666544,25.06229526734925,1.343183494897111,0.972384951300977,-0.024733333333333333,1.076847870946544,0.8993210126354603,1.5154443027608864,-0.7734889706079408,-0.6110259537726551,1.0098702673237747,1.021145346850022,1.7633568240265267,0.7966514778401609,-0.6604125829507342,0.7630013647447813,0.359152519061703,1.3349007346673154,0,baseline,1.0,0.29940497875668926,1.3349007346673154,0.3616465693887094,0.18201948190088246
2026-09-06 11:04:00,Berbaring,60,1.0,1.0,1,76.9,-11.0,-8.218949708252222,801.4,88.94660367369147,50.62289962163067,1.306502882506214,0.9796468318642059,0.010399999999999998,0.5008594748588577,-2.4731327847475155,-1.509833733440452,0.17552099225658158,1.2247124573301866,0.886526564044446,1.3517582043276424,2.385421737624768,-0.5998687862359603,0.29363786336485437,-0.3041835960311706,0.4825978641905826,0.878347376678184,0,baseline,1.0,0.33061285747762037,0.878347376678184,-0.45655335798913144,-0.8181999273778409
2026-09-06 11:05:00,Berbaring,60,1.0,1.0,1,68.53333333333333,-2.0,-2.5373714920810966,881.25,27.04147787055524,29.363011437486552,0.6858547228197611,0.9795321193904876,-0.01566666666666667,-0.3372453797382983,-0.44966050631773014,-0.5034747732282406,-0.6138126798464819,-0.9065589685018383,-1.2004899130366489,0.7313465964675655,1.6944187457257947,-0.3764391031244288,-0.45958705689672075,-0.1919554193905688,0.3191610297553703,0.7011685297958199,0,baseline,1.0,-0.6204116078600769,0.7011685297958199,-0.17717884688236407,0.27937451110676736
2026-09-06 11:06:00,Berbaring,60,1.0,1.0,1,70.13333333333334,2.0,4.687968880244546,862.25,58.489061703732695,36.40567100543447,1.4937797584777766,0.9791388651032701,-0.0010666666666666687,-0.17697034778346296,0.44966050631773014,0.776325618074502,-0.3523339603917822,0.1761193390788358,1.5162713233399194,0.7405437762708775,1.9104133906296137,0.1528070105250927,-0.11386382974907436,0.4218358955566267,0.3069055111961674,0.5553840741085254,0,baseline,1.0,0.009197179803312028,0.5553840741085254,-0.14578445568729448,0.03139439119506959
2026-09-06 11:07:00,Berbaring,60,1.0,1.0,1,69.51666666666667,0.0,1.3287024173382131,864.7333333333333,52.650709160857865,38.968479222075835,1.4064726187463856,0.9798842488625001,-0.013299999999999998,-0.23874301634938952,0.0,0.18130997698659132,-0.2571824335814887,-0.02488362775355654,1.2226888219783003,0.5246588558409869,1.6676929979865611,-0.1037376171657014,-0.09959140462342031,0.23762677203634802,0.2476045656464818,0.37209467183430733,0,baseline,1.0,-0.2158849204298906,0.37209467183430733,-0.18328940227421808,-0.037504946586923604
2026-09-06 11:08:00,Berbaring,60,1.0,1.0,1,69.95,-1.0,-2.2289524868018513,860.8,29.692663021159547,28.781173224929343,0.9297442765549024,0.9776455053579111,0.022566666666666672,-0.1953351951949548,-0.22483025315886507,-0.44884554563456086,-0.6354150744080012,-0.8152838909898098,-0.38037708535930737,0.5005486442914696,1.0130268593734335,-0.23758234776657977,-0.47323617802414963,0.05348310674851864,0.22518461501098075,0.5778982658792996,0,baseline,1.0,-0.024110211549517313,0.5778982658792996,0.20580359404499227,0.38909299631921035
2026-09-06 11:09:00,Berbaring,60,1.0,1.0,1,75.8,14.0,20.679077521533802,783.6166666666667,78.6660161085807,28.71661657989343,1.2350416677434,0.9790383356012805,0.012866666666666663,0.3906703903899082,3.147623544224111,3.60877724552626,-0.6378119230293808,0.8707720972384774,0.646228207633354,2.027563789737905,3.1372634446726257,0.9354680947824875,-0.20815079396015748,0.6400367719825162,0.5337258581536937,1.2700148308322692,5,tau_in,0.0,1.5270151454464354,1.6164583726573094,1.03856010677801,0.8327565127330177
2026-09-06 11:10:00,Berbaring,60,1.0,1.0,1,93.63333333333334,35.0,46.1461517088081,646.5166666666667,100.23303215239613,20.63073238263896,1.8187663297384904,0.9859852349946421,-0.0010666666666666676,2.177069184053168,7.869058860560277,8.119674979153567,-0.9380233169152207,1.6132819369053566,2.6090842455499,4.879903112112082,6.2395337602218595,0.9998579082781502,-0.49902439083469613,0.8731538882539372,0.8593562209165558,1.6582014372190281,5,peak,0.0,2.852339322374177,1.9363966552324063,0.31993828257509693,-0.718621824202913
2026-09-06 11:11:00,Berbaring,13,0.21666666666666667,1.0,0,111.23076923076923,-5.0,-23.40659340659327,542.9230769230769,5.376825867578047,6.487166818676188,,0.9676278829997933,0.027615384615384615,3.9398376845435985,-1.1241512657943253,-4.199970300923322,-1.4631433197362802,-1.6524302217381996,,2.8034657689858618,5.378870489965059,0.8335538621756953,-0.9644353456012548,0.756890355544092,0.6467605848514881,1.6174454678369006,5,falling,0.5351776276691305,-2.07643734312622,1.682911072886927,-0.25348558234547935,-0.5734238649205763
2026-09-06 11:45:00,Berbaring,48,0.8,1.0,1,93.95833333333333,-14.0,-29.049066435084747,651.2083333333334,51.16720955195166,21.292791708073516,1.3418289346715018,0.9723954433312763,0.017833333333333336,2.209625049918993,-3.147623544224111,-5.199402689940898,-0.9134424859170085,-0.07595759433831718,1.0053153686006826,2.6979798273000717,4.232301837456097,-0.46909056682882944,-0.7457486783792985,0.3392325622425988,0.5983450082184987,1.1177130809550082,5,falling,0.5623654049506016,-0.10548594168579006,1.2003360238374867,-0.48257504904944026,-0.2290894667039609
2026-09-06 11:46:00,Berbaring,60,1.0,1.0,1,83.53333333333333,-9.0,-0.8469019171991645,726.7166666666667,32.53477496342804,25.20189661950741,0.7740083275405467,0.9702074801904093,-0.004333333333333332,1.1653330448382748,-2.0234722784297854,-0.20404754739044711,-0.768305874301172,-0.7174355804826058,-0.9040610544393435,1.1117861520502348,2.85033016972862,0.0032843472141236216,-0.6831483011227126,0.19422659747104726,0.45514666937924664,0.843554888596867,5,falling,0.9711884166124493,-1.586193675249837,0.8440467744224668,-0.35628924941501994,0.12628579963442033
2026-09-06 11:47:00,Berbaring,18,0.3,1.0,0,81.77777777777777,2.0,9.040247678018659,727.1111111111111,18.87385022252275,18.34634119638348,,0.971303082252742,-0.038500000000000006,0.9894757181100533,0.44966050631773014,1.5472302151484651,-1.0228378214859324,-1.1877542846771814,,1.0983747590117663,1.8147887355762269,0.7217050006033764,-0.7846646131450268,0.6796715240234176,0.3472166093153233,1.3111328755586518,5,plateau_persistent,0.9746450475258868,-0.0134113930384685,1.3113780122396683,0.46733123781720154,0.8236204872322215
2026-09-06 11:49:00,Berbaring,12,0.2,1.0,0,88.75,0.0,-1.8881118881117267,678.5,15.382989424567763,15.138752200291085,,0.9739861245467173,0.015916666666666673,1.68789643027435,0.0,-0.38847358956087363,-1.1419286642482793,-1.3079377391765457,,1.096777852886656,1.6893725741704957,0.7014107095367454,-0.8598123474091317,0.695573172400847,0.418105107724529,1.3747320377001333,5,plateau_persistent,0.9750566315471797,-0.001596906125110209,1.3749583074075133,0.06358029516784502,-0.4037509426493565
2026-09-06 11:50:00,Berbaring,60,1.0,1.0,1,84.63333333333334,-3.0,0.6368435676577403,714.6666666666666,32.12563613650539,21.663450434909088,1.3721719627490758,0.9742281683784081,0.015633333333333332,1.2755221293072245,-0.6744907594765952,0.05876333130347107,-0.8996807289681468,-0.7315214236128124,1.1073480558391713,0.8809196274471351,1.744461329452342,0.4683889002261264,-0.7319009425501076,0.7072344769567516,0.3826508916844058,1.1839212228285871,5,falling,1.0,-0.21585822543952093,1.1839212228285871,-0.1910370845789262,-0.25461737974677123
2026-09-06 11:51:00,Berbaring,60,1.0,1.0,1,83.36666666666666,1.0,4.257849402611908,723.0333333333333,35.191469819014365,22.06308366971737,1.2271399974087538,0.9788400367083088,-0.007699999999999998,1.148637729009646,0.22483025315886507,0.7001399925654851,-0.8848432111979024,-0.6259708146912856,0.6196577329972888,0.7548593643566043,1.2291389526145577,0.6663898356302203,-0.7028364632225931,0.7049162419539925,0.3179599876986593,1.239378864195443,5,tau_out,1.0,-0.12606026309053087,1.239378864195443,0.055457641366855936,0.24649472594578214
2026-09-06 11:52:00,Berbaring,60,1.0,1.0,1,80.86666666666666,1.0,2.78410669630459,743.9833333333333,41.54902828481587,25.422864392084247,1.290587322853241,0.9765935457892387,-0.028966666666666665,0.898207991580217,0.22483025315886507,0.43910087260433306,-0.7601018187655182,-0.4070926116276424,0.83300826270202,0.6438837563642258,1.0549632879524873,0.5562100086037571,-0.6040317347138091,0.6666753638803481,0.2873224150849325,1.0960082669522149,0,baseline,1.0,-0.11097560799237849,1.0960082669522149,-0.1433705972432282,-0.19882823861008414
2026-09-06 11:53:00,Berbaring,60,1.0,1.0,1,86.16666666666667,5.0,5.674909697138139,694.1,28.90469435804855,16.884954690944664,1.1613880175110063,0.9806976088488374,0.02516666666666667,1.4291190349306073,1.1241512657943253,0.9511391463742787,-1.0770959420700374,-0.8424120984581234,0.3985574794871047,1.0197552677530886,1.3561014817222543,0.8526911920580429,-0.7964505668123665,0.7559685870598565,0.4033746006716229,1.4476240352651557,0,baseline,1.0,0.37587151138886277,1.4476240352651557,0.35161576831294084,0.49498636555616904
2026-09-06 11:54:00,Berbaring,60,1.0,1.0,1,80.93333333333334,-12.0,-9.926090580716805,759.1166666666667,47.33619092989435,21.284991131255545,1.2946782881382046,0.9809630807101504,0.008633333333333337,0.9048861179116695,-2.697963037906381,-1.8122138904995235,-0.913732104464901,-0.20785201204754453,0.8467647071925656,1.4706609575406722,2.055795516936999,-0.5252290003656017,-0.626414343380036,0.22128310904005888,0.5015071468716035,0.9842439053034677,0,baseline,1.0,0.4509056897875836,0.9842439053034677,-0.463380129961688,-0.8149958982746288
2026-09-06 11:55:00,Berbaring,60,1.0,1.0,1,83.58333333333333,10.0,17.119755487635498,711.65,45.163291303401834,13.001955524367368,1.6465718871333974,0.9797797513153393,0.027866666666666668,1.170341639586863,2.2483025315886507,2.9783264297829843,-1.2212633038350675,-0.28266066197859696,2.0300562836202674,1.8702718951636026,2.86614635058819,0.9430508165786957,-0.7515155866602629,0.8711965240310814,0.5408443535058676,1.5829139325453176,0,baseline,1.0,0.39961093762293043,1.5829139325453176,0.5986700272418499,1.062050157203538
2026-09-06 11:56:00,Berbaring,60,1.0,1.0,1,78.3,-9.0,-11.263128646846337,779.0,41.90869817890849,29.442273309429055,1.1174921099937405,0.9790180325217315,0.023683333333333334,0.641100127819337,-2.0234722784297854,-2.049038974446187,-0.610869857951266,-0.39470988631908976,0.25095133446728685,1.2447184825122521,1.47416410190897,-0.509306152887666,-0.5101081280766624,0.05058813250198482,0.39640130452676203,0.8241942811495773,0,baseline,1.0,-0.6255534126513504,0.8241942811495773,-0.7587196513957404,-1.3573896786375903
2026-09-06 11:57:00,Berbaring,60,1.0,1.0,1,84.76666666666667,7.0,11.499861072520176,704.9,47.5635881242599,26.457833417582446,1.4432881301437426,0.9816045165732302,-0.004900000000000003,1.2888783819701266,1.5738117721120555,1.982893315089501,-0.7216756570503919,-0.20002317499442415,1.346486142085182,1.3193310698934044,2.019847984097405,0.9011791795827496,-0.6073445261211764,0.8001342319803184,0.4348200578310014,1.4178415140634313,0,baseline,1.0,0.07461258738115228,1.4178415140634313,0.593647232913854,1.3523668843095944
2026-09-06 11:58:00,Berbaring,60,1.0,1.0,1,83.06666666666666,5.0,3.1575437621562368,721.3166666666667,39.81248065392571,28.628242544495123,1.2601831898857236,0.9824053150911357,-0.03938333333333333,1.1185861605181147,1.1241512657943253,0.5052465319610084,-0.6410930598479431,-0.4668785226858344,0.7307701017017044,0.8096527993343703,1.320899750666175,0.7732074327716013,-0.5999301491105399,0.7169690017113758,0.3487312055317422,1.262308964173064,0,baseline,1.0,-0.5096782705590341,1.262308964173064,-0.15553254989036724,-0.7491797828042213
2026-09-06 11:59:00,Berbaring,60,1.0,1.0,1,79.26666666666667,-8.0,-9.812725757154674,767.4,36.41065219438316,21.565823558647416,1.5824491149683488,0.9808009821853205,0.03488333333333333,0.7379329596253831,-1.7986420252709205,-1.7921339581948144,-0.9033054037579723,-0.5839967693147412,1.814434469592524,1.380856475498756,2.550833422135772,-0.38212836032174446,-0.6586377021179022,0.47380622505704756,0.4734650590826991,1.0141435832703025,0,baseline,1.0,0.5712036761643857,1.0141435832703025,-0.24816538090276152,-0.09263283101239428
2026-09-06 12:00:00,Berbaring,60,1.0,1.0,1,78.2,-4.0,-3.254237288135521,779.5833333333334,52.266362020615674,38.24297875073036,1.0117208286884,0.9799223249739634,0.03183333333333333,0.6310829383221604,-0.8993210126354603,-0.6304508157432736,-0.28411869713092386,-0.03811594199201555,-0.10471943236096666,0.5319233354045919,1.0085361281106342,-0.017266593841097248,-0.28398455305307196,0.1250923106066879,0.2250596736364835,0.3837255588384842,0,baseline,1.0,-0.8489331400941641,0.3837255588384842,-0.6304180244318183,-0.38225264352905675
2026-09-06 12:01:00,Berbaring,60,1.0,1.0,1,82.08333333333333,5.0,3.932759099750005,730.9166666666666,42.81188321754566,21.980345611940205,1.3583577100580206,0.9785854052348931,0.04513333333333333,1.0200837971292058,1.1241512657943253,0.6425578337505261,-0.8879150963556348,-0.3636150062083884,1.0608956938449634,0.8909990979757537,1.3108064546954676,0.7593487680574201,-0.6545817764943118,0.7572944917574619,0.37273750178417164,1.3105403641823739,0,baseline,1.0,0.3590757625711618,1.3105403641823739,0.9268148053438896,1.5572328297757079
2026-09-06 12:02:00,Berbaring,60,1.0,1.0,1,81.15,3.0,6.400111141983971,740.5333333333333,52.992953374431146,30.95622935037826,1.3158516433418652,0.9786583521180862,0.013999999999999997,0.9265900284888868,0.6744907594765952,1.0795916544999653,-0.5546599441994003,-0.013100834267849209,0.9179630834311328,0.7777639438459152,1.333579711061487,0.7033555069213427,-0.45711347561116955,0.6760758394196035,0.2960143594990303,1.1173024390819366,0,baseline,1.0,-0.11323515412983853,1.1173024390819366,-0.19323792510043725,-1.1200527304443268
2026-09-06 12:03:00,Berbaring,60,1.0,1.0,1,77.96666666666667,1.0,2.1239233120311996,769.1833333333333,28.95027394657814,24.78688827804883,0.9428594125135528,0.980688543502035,0.02905,0.6077094961620804,0.22483025315886507,0.32216479624164923,-0.7837142365314689,-0.8408428830922873,-0.3362756014224342,0.5712494593869863,0.9676877013386258,0.4219105282195386,-0.6427205883006581,0.47638069320711385,0.262493470363668,0.9417747264033403,0,baseline,1.0,-0.20651448445892884,0.9417747264033403,-0.17552771267859635,0.0177102124218409
2026-09-06 12:04:00,Berbaring,60,1.0,1.0,1,79.68333333333334,0.0,4.159488746874206,756.7333333333333,43.87805392014565,25.763263821027497,1.1525394949104282,0.9803786160488458,-0.017966666666666666,0.7796712491969551,0.0,0.6827176983599337,-0.7474635241092954,-0.326908851038997,0.36880308131961415,0.5591030826288643,1.1959003230315555,0.48631833627572596,-0.5708389295887814,0.575158233008741,0.2331536615551425,0.9734116450024434,0,baseline,1.0,-0.012146376758122024,0.9734116450024434,0.031636918599103114,0.20716463127769946
2026-09-06 12:05:00,Berbaring,60,1.0,1.0,1,80.28333333333333,0.0,3.4459572103362115,753.3,48.19181307501956,27.31020793818895,1.4024867743438634,0.9776444655709305,-0.02935,0.8397743861800174,0.0,0.5563322420891387,-0.6900288344269687,-0.17839462858282862,1.2092858611971906,0.705344279201208,1.483343061335324,0.49700876593349136,-0.5313823048511014,0.6681934741607789,0.30632837685482694,1.0342651791011652,0,baseline,1.0,0.1462411965723437,1.0342651791011652,0.06085353409872185,0.029216615499618737
2026-09-06 12:06:00,Berbaring,60,1.0,1.0,1,80.95,0.0,-1.118644067796513,742.4166666666666,28.911490687706,26.60986181404766,0.9647764006931357,0.9808967277003234,-0.023266666666666665,0.9065556494945323,0.0,-0.25218032629730375,-0.7160311714629594,-0.8421781142280368,-0.2625766550147152,0.6022664384019051,1.091589782660916,0.43071854533166093,-0.6559507007431703,0.49687849303453746,0.2774867773169224,0.9693693493834444,0,baseline,1.0,-0.10307784079930293,0.9693693493834444,-0.06489582971772079,-0.12574936381644264
2026-09-06 12:07:00,Berbaring,60,1.0,1.0,1,82.53333333333333,0.0,2.8241178105029587,726.2666666666667,26.336715795065572,22.663343059753295,0.8397377910588112,0.9795753676101349,-0.026316666666666662,1.0651611498665035,0.0,0.44618790753540155,-0.8625568781538381,-0.9308225372130597,-0.6830365154128839,0.7539480275232704,1.6575780068248032,0.57352962403508,-0.7259655998830776,0.5212940738975317,0.33016290182031105,1.112077935703479,0,baseline,1.0,0.1516815891213653,1.112077935703479,0.14270858632003447,0.20760441603775526
2026-09-06 12:08:00,Berbaring,60,1.0,1.0,1,85.88333333333334,7.0,9.164212281189315,697.9833333333333,40.43722553587904,25.88566778374028,0.9868098318157206,0.9805235684732049,-0.0011833333333333325,1.4007369980219389,1.5738117721120555,1.5691876509881872,-0.7429189296819312,-0.4453697881817448,-0.1884861528811122,1.1318942331193131,1.8118754793318976,0.9010788786534603,-0.6640900213624285,0.6767783654758064,0.400173206928092,1.3678911702133858,0,baseline,1.0,0.37794620559604275,1.3678911702133858,0.2558132345099069,0.11310464818987243
2026-09-06 12:09:00,Berbaring,60,1.0,1.0,1,79.85,-2.0,9.11086412892475,755.6166666666667,54.92493850753496,26.082333783486867,1.114838612264441,0.9796406521326999,-0.015899999999999994,0.7963665650255827,-0.44966050631773014,1.559738271080083,-0.7356171464169764,0.0534136046561702,0.2420285762241251,0.8032995686623335,2.872086687035921,0.4907624601282662,-0.5009018555366607,0.5326382088047296,0.23526891503796798,0.9114852631902893,0,baseline,1.0,-0.3285946644569796,0.9114852631902893,-0.45640590702309647,-0.7122191415330034
2026-09-06 12:10:00,Berbaring,60,1.0,1.0,1,88.63333333333334,32.0,23.289802722978667,673.4,77.45971068665966,16.850287931956252,1.6241723004493405,0.9938147122257409,0.007400000000000001,1.6762097091943107,7.194568101083682,4.071206274778708,-1.0783830438616944,0.8292413799802254,1.9547345320613003,3.578122133850811,4.746144133789679,0.9987559815398118,-0.6175544943119057,0.8564629779501283,0.8236976856741314,1.670596831701326,6,tau_in,0.0,2.7748225651884773,1.9470217703175556,1.0355365071272664,1.4919424141503628
2026-09-06 12:11:00,Berbaring,60,1.0,1.0,1,112.63333333333334,-9.0,-17.07499923015976,546.2333333333333,72.27568845222395,95.23574674263398,1.2161954294274007,0.986424013436238,-0.008833333333333334,4.080335188516828,-2.0234722784297854,-3.078476186181489,1.8318995270814946,0.6507657155535652,0.5828550882860606,2.392337172756358,5.54435513546927,0.8259864521711654,0.34006774514827387,0.36602577636965833,0.6720710985514584,1.1762457740352206,6,rising,0.0,-1.1857849610944529,1.5438763295470643,-0.4031454407704913,-1.4386819478977577
2026-09-06 12:12:00,Berbaring,60,1.0,1.0,1,106.01666666666667,-5.0,-4.692970269519233,569.2333333333333,26.47823965336901,15.605301141881677,1.2183642327069266,0.9964645379341934,0.005733333333333334,3.417531150120272,-1.1241512657943253,-0.8852887801397348,-1.1246067109956677,-0.925950149807939,0.5901479934679673,1.6430342887074703,2.982012768280131,0.8874098911515901,-0.9110263026284652,0.8030595781196614,0.5843388035969953,1.6136361927006548,6,rising,0.0,-0.7493028840488878,1.8983734517721915,0.3544971222251272,0.7576425629956185
2026-09-06 12:13:00,Berbaring,60,1.0,1.0,1,93.65,-9.0,-5.369824951375305,647.55,27.986331409506175,23.509464376166406,1.2302218715017816,0.9755330856158292,0.005916666666666666,2.178738715636031,-2.0234722784297854,-1.0051777877237023,-0.8311422234790715,-0.8740295240812541,0.6300209668392901,1.396625472391151,2.3245884797236513,0.41404881474837146,-0.8045508383920493,0.6619261016580872,0.5186677208402599,1.235273589635018,6,rising,0.0,-0.24640881631631917,1.58930829018469,-0.3090651615875015,-0.6635622838126287
2026-09-06 12:14:00,Berbaring,60,1.0,1.0,1,95.96666666666667,4.0,0.433453737149323,625.1166666666667,25.537670192679215,22.374319419627614,0.8971892924177323,0.9703056497655294,0.007033333333333333,2.4108036056539683,0.8993210126354603,0.022737570403865464,-0.8732877008754338,-0.9583321018607177,-0.4898477850544648,1.1931926349357538,2.6296421463773,0.9215403436541955,-0.8342794328459116,0.7002196378623499,0.47978794084137655,1.5052450918295257,6,rising,0.0,-0.2034328374553973,1.8071421600075843,0.21783386982289432,0.5268990314103958
2026-09-06 12:15:00,Berbaring,60,1.0,1.0,1,100.31666666666666,7.0,9.791053070297403,597.45,27.078307660611134,12.451260912256426,1.2703954940271769,0.9753327750083564,0.004149999999999996,2.846551348781174,1.5738117721120555,1.680217864908315,-1.2417094038624934,-0.9052909914458649,0.7651104065580722,1.6507401423755603,2.6152193426510064,0.979689532305347,-0.9012003230346857,0.8298054919274344,0.5606199845906492,1.6657807549320056,6,rising,0.0,0.45754750743980654,1.9428910220343916,0.13574886202680725,-0.08208500779608707
2026-09-06 12:16:00,Berbaring,60,1.0,1.0,1,97.15,-8.0,-5.699916643512051,622.6333333333333,22.568890142403703,15.104719208673869,1.249202188719934,0.9729713727516219,0.004066666666666665,2.5293403480372314,-1.7986420252709205,-1.063645825905053,-1.1431922356280153,-1.0605413455807557,0.6938449452983931,1.5098054739848428,2.4157214969788754,0.5992638314135766,-0.885299573665616,0.7421635844862641,0.5470684633985639,1.4117234731192108,6,rising,0.0,-0.14093466839071755,1.7300182555556363,-0.2128727664787553,-0.34862162850556255
2026-09-06 12:17:00,Berbaring,60,1.0,1.0,1,99.51666666666667,9.0,10.331203111975622,601.6666666666666,22.540860575413397,12.319200942610149,1.324286741922968,0.973331768647477,-0.0014333333333333346,2.766413832803757,2.0234722784297854,1.775892836477782,-1.2466125049454264,-1.0615063483075873,0.9463272853542617,1.7548815116005452,2.6529716481752637,0.983510609816609,-0.9059215990867469,0.842130067424855,0.5832732270769369,1.6844517717048064,6,rising,0.0,0.2450760376157024,1.95892260469868,0.2289043491430438,0.4417771156217991
2026-09-06 12:18:00,Berbaring,60,1.0,1.0,1,103.71666666666667,0.0,-0.48180050013887554,579.5833333333334,15.873751563526655,10.285747914930228,1.0793601641165533,0.9737872208453275,-0.009216666666666668,3.187135791685198,0.0,-0.13937835364441659,-1.3221102183616602,-1.2910417663459677,0.12272731880427676,1.5059375344964998,2.8141743184849473,0.9392939491673655,-0.933808617916456,0.7836469345330541,0.5614348721097111,1.6381646106119396,6,rising,0.0,-0.24894397710404537,1.9192663419810623,-0.039656262717617796,-0.2685606118606616
2026-09-06 12:19:00,Berbaring,60,1.0,1.0,1,100.08333333333333,-6.0,-5.806612948041038,603.2833333333333,31.437369357031063,18.125737857570268,1.3500181911635414,0.9715370805045692,0.011416666666666667,2.8231779066210936,-1.3489815189531904,-1.0825445857212364,-1.0310283463840593,-0.7552170918052636,1.0328528920222686,1.508981158174067,2.527621221655273,0.7555106709539757,-0.8669095706445349,0.8001041680198158,0.5462735433078816,1.5036322826413537,6,rising,0.0,0.0030436236775672754,1.8057990035995832,-0.11346733838147904,-0.07381107566386125
2026-09-06 12:20:00,Berbaring,60,1.0,1.0,1,109.58333333333333,20.0,14.202278410669694,544.6666666666666,41.62694151492523,18.008943164392104,1.5935076724389854,0.9750572865200426,-0.012016666666666669,3.7748109088529236,4.496605063177301,2.4615634660589913,-1.0353646807640882,-0.4044102127330109,1.8516204199474342,2.7444481840959676,4.361756152464022,0.9989882592282061,-0.8907438646660591,0.8874254701270893,0.7531062868705806,1.7737235463482766,6,rising,0.0,1.2354670259219005,2.036196262365273,0.23039725876568973,0.34386459714716877
2026-09-06 12:21:00,Berbaring,60,1.0,1.0,1,116.66666666666667,-4.0,-1.9872186718531917,516.0833333333334,18.72575645474062,8.410042423158282,1.4846330668281695,0.994130953044547,0.027450000000000006,4.48436183156964,-0.8993210126354603,-0.40602804292599004,-1.3917511069110389,-1.1928528611120566,1.4855142899296314,2.1075167017639918,3.970589381198012,0.9724599922289645,-0.9611316773461025,0.8765271221325136,0.6836032990033079,1.762119690578992,6,rising,0.0,-0.6369314823319758,2.0260961980928256,-0.010100064272447362,-0.2404973230381371
2026-09-06 12:22:00,Berbaring,60,1.0,1.0,1,110.85,-7.0,-9.504306751875454,543.7833333333333,24.946105750004254,12.268880296457928,1.2570774453584321,0.9836163123907509,0.039233333333333335,3.9016953091505004,-1.5738117721120555,-1.737504730601139,-1.248480801714718,-0.9786984992608425,0.720326600176885,1.989742778349959,3.4703539685101563,0.8881639643918213,-0.9368531117226856,0.8170321692665011,0.6387634796927608,1.6559255204248178,6,rising,0.0,-0.1177739234140327,1.9344480683632228,-0.09164812972960279,-0.08154806545715543
2026-09-06 12:23:00,Berbaring,60,1.0,1.0,1,105.51666666666667,0.0,-8.530702973048012,571.2833333333333,24.82214133722092,14.56545716319544,1.1673619549258587,0.9791068996716764,0.03873333333333333,3.367445202634386,0.0,-1.56505354727839,-1.1632138691801974,-0.9829663495778801,0.4186456818337399,1.647403682332075,3.4184716704255163,0.9242369198926307,-0.9152580194825917,0.7988591821257942,0.5646880042210517,1.6275624907504045,6,rising,0.0,-0.34233909601788404,1.910225028968488,-0.024223039394734913,0.06742509033486788
2026-09-06 12:24:00,Berbaring,60,1.0,1.0,1,107.15,1.0,2.785773826062864,560.6833333333333,26.75468700688084,16.332353250890222,1.308015842223507,0.9951882711585504,0.023566666666666666,3.531059297754947,0.22483025315886507,0.43939616572646245,-1.0976128384953407,-0.9164326124854189,0.8916141032723814,1.6099469858281628,3.0678710476368445,0.9689874342941567,-0.9119533702485187,0.8375294533903801,0.5836851666091969,1.6771224035065537,6,rising,0.0,-0.03745669650391226,1.9526237621066684,0.042398733138180544,0.06662177253291546
2026-09-06 12:25:00,Berbaring,60,1.0,1.0,1,115.13333333333334,4.0,4.2378438455127245,519.8333333333334,13.694198532456278,8.401977168439762,1.1388841236441525,0.9863608706427058,0.019733333333333332,4.330764925946257,0.8993210126354603,0.696596475099951,-1.3920505523769922,-1.3660794798784155,0.32288498039787034,1.9982401579464923,3.8608305477717204,0.9919597413015434,-0.9620918869284116,0.8141800661492543,0.6615370235561758,1.7349712795625365,6,rising,0.0,0.3882931721183296,2.002529735336498,0.04990597322982948,0.007507240091648937
2026-09-06 12:26:00,Berbaring,60,1.0,1.0,1,114.0,-4.0,-2.320644623506412,528.3833333333333,19.37505968643987,11.040756544944996,1.3963789059175113,0.9988610003952004,0.008433333333333336,4.217236778311581,-0.8993210126354603,-0.46508666735158666,-1.2940783806945397,-1.1704986310468153,1.1887472970418085,1.969263651433677,3.707147425871931,0.9625811734038284,-0.9515397577795409,0.8592616120986137,0.6582189292930385,1.7330819665937964,6,rising,0.0,-0.02897650651281536,2.0008930763368196,-0.0016366589996783532,-0.051542632229507834
2026-09-06 12:27:00,Berbaring,60,1.0,1.0,1,118.78333333333333,12.0,7.990552931369908,502.78333333333336,13.12533023528592,7.445849714176462,1.1126163579047958,1.0220631841509213,-0.0046500000000000005,4.696392342593222,2.697963037906381,1.3613012930100747,-1.4275494970532427,-1.3856644937377924,0.23455593428930072,2.422162495989933,4.547375409643646,0.9984977690932825,-0.9687056384605199,0.8106332170896424,0.7250813645258424,1.7658588864066194,6,rising,0.0,0.45289884455625584,2.029349059846833,0.02845598351001355,0.030092642509691903
2026-09-06 12:28:00,Berbaring,60,1.0,1.0,1,119.83333333333333,-9.0,-18.541817171436445,504.45,29.525872021738287,9.80660448501028,1.504624369871655,0.9947851503751645,-0.004616666666666661,4.801572832313582,-2.0234722784297854,-3.3382887456570165,-1.339899777729373,-0.8210261762455242,1.5527378500077818,2.6824778253899373,4.692087264654022,0.91095020036993,-0.9564523342718466,0.8710991637922038,0.7179026071792807,1.7374778392377743,6,rising,0.0,0.26031532940000446,2.004701783767941,-0.024647276078892055,-0.053103259588905605
2026-09-06 12:29:00,Berbaring,60,1.0,1.0,1,121.33333333333333,14.0,15.427618782995387,492.9,19.098052079213183,5.057298803357448,1.4066749227484632,0.9775784895987094,0.018349999999999998,4.951830674771239,3.147623544224111,2.678603910823078,-1.5162312269434317,-1.1800354568001108,1.2233690975565419,2.79258400889917,4.654496725961632,0.9994164110633187,-0.971554969034376,0.8689332255058997,0.7552243297053083,1.8078055645242912,6,rising,0.0,0.11010618350923274,2.065952796925668,0.06125101315772685,0.08589828923661891
2026-09-06 12:30:00,Berbaring,38,0.6333333333333333,1.0,1,128.10526315789474,-2.0,-4.674472042893106,468.39473684210526,6.487157682201127,4.152498433864032,0.9765153193089696,0.9841486581542774,0.02576315789473684,5.6301877179134125,-0.44966050631773014,-0.8820122510830276,-1.5498245079610193,-1.6142036865523444,-0.22310289489475263,2.5078722179639232,5.251824059329785,0.9930508778823728,-0.9830812376300819,0.7787758358403684,0.7431815226839962,1.7639187464254162,6,rising,0.0,-0.2847117909352468,2.0276610525408363,-0.03829174438483163,-0.09954275754255848
2026-09-06 12:31:00,Berbaring,52,0.8666666666666667,1.0,1,105.78846153846153,-12.0,-16.266541449671248,573.3076923076923,30.94558060977396,17.26949026803186,1.6445255130410599,0.9881997343731295,-0.06548076923076925,3.394671409985688,-2.697963037906381,-2.935276761586366,-1.062818967681109,-0.7721484087354311,2.023175063749837,2.3536384197148443,3.7837470704882015,0.5493073787312908,-0.8969749529870298,0.8336821467790742,0.6702912861983001,1.5002063167532202,6,rising,0.0,-0.1542337982490789,1.8029473072794622,-0.2247137452613741,-0.18642200087654248
2026-09-06 12:32:00,Berbaring,60,1.0,1.0,1,105.98333333333333,2.0,2.672409002500764,566.6333333333333,20.56570014852084,12.603470062927855,1.5305349720867294,0.9904962387314625,0.022350000000000005,3.4141920869545466,0.44966050631773014,0.4193162334217587,-1.2360582072622794,-1.129507227469956,1.6398658836770879,1.7091671883440442,3.242733140229726,0.9689972102511172,-0.9281748506152735,0.879014910094762,0.6060148765632114,1.7147551981475257,6,rising,0.0,-0.6444712313708001,1.9850403999853403,0.18209309270587815,0.40680683796725225
2026-09-06 12:33:00,Berbaring,60,1.0,1.0,1,108.96666666666667,-2.0,-0.8835787718809914,551.4,17.021621345228514,11.079068675293263,1.3263059209300665,0.9710264716792975,-0.033350000000000005,3.7130382402869984,-0.44966050631773014,-0.21054399607725793,-1.2926559341476929,-1.2515228729655221,0.9531170579367175,1.7406357703835653,3.227996460315608,0.954107294647564,-0.9432189375243459,0.8437796914568344,0.614117500797978,1.6997314982977738,6,rising,0.0,0.031468582039521076,1.9720768662264652,-0.012963533758875156,-0.1950566264647533
2026-09-06 12:34:00,Berbaring,60,1.0,1.0,1,106.41666666666667,-5.0,-4.139483189774865,565.1,16.98823122046554,12.408990726382934,1.3036956646971505,0.9640920316631818,-0.03363333333333333,3.457599908108981,-1.1241512657943253,-0.7872514635932405,-1.243278804451387,-1.2526724291272946,0.8770869004752658,1.7186569315966354,3.0613355392117514,0.8949681527737595,-0.9339547945284008,0.8278689576228861,0.6033659376429329,1.650047580648874,6,rising,0.0,-0.021978838786929966,1.9294188291828196,-0.04265803704364557,-0.029694503284770413
2026-09-06 12:35:00,Berbaring,60,1.0,1.0,1,104.61666666666666,-2.0,-1.0819672131146894,576.8333333333334,25.876608550126832,18.61018492790567,1.2464118648055464,1.0237048954029548,-0.05526666666666667,3.2772904971597914,-0.44966050631773014,-0.2456838776104936,-1.0130418743172587,-0.9466631224834082,0.6844620898192723,1.4941051614273755,2.841488228452116,0.9261696002899243,-0.8955537614512228,0.8140232081954423,0.5580281372650941,1.6229096874475124,6,rising,0.0,-0.22455177016925987,1.9062622730387817,-0.023156556144037888,0.01950148089960768
2026-09-06 12:36:00,Berbaring,60,1.0,1.0,1,103.13333333333334,7.0,4.437899416504672,580.75,17.14408036394556,10.449231583134049,1.1788294279357676,0.9837022120740854,0.020533333333333334,3.128702186284998,1.5738117721120555,0.7320316497553118,-1.316040423307496,-1.2473068503980684,0.45720666803605675,1.6481457213523554,2.880830190647385,0.9802038767448951,-0.9304040855367298,0.8151789749081555,0.5884242655747234,1.6844023509300334,6,rising,0.0,0.1540405599249799,1.9588801085872058,0.05261783554842414,0.07577439169246203
2026-09-06 12:37:00,Berbaring,60,1.0,1.0,1,104.01666666666667,-2.0,7.42706307307594,578.05,20.657353925090227,12.774444828561673,0.9437755088122133,0.9920532799748455,-0.011116666666666669,3.217187360176729,-0.44966050631773014,1.2614922177308119,-1.2297102839606247,-1.1263517686523272,-0.33319509914419754,1.583020654747156,3.7496724405127924,0.9492138361863299,-0.9218739262815402,0.7453718140397918,0.5595195125981586,1.6184868454542232,6,rising,0.0,-0.06512506660519946,1.9024982704087703,-0.05638183817843556,-0.1089996737268597
2026-09-06 12:38:00,Berbaring,60,1.0,1.0,1,106.46666666666667,-5.0,-7.278688524590076,566.4666666666667,21.501648865954497,12.735909462245266,1.4183827679961731,0.9794078308633163,-0.01910000000000001,3.4626085028575693,-1.1241512657943253,-1.343288412560258,-1.2311410187762033,-1.097284358496973,1.2627383691184368,1.7968512659708598,3.14217813462982,0.8777076021002213,-0.9280255617130945,0.8470737073279951,0.6082846718745745,1.6489833794375788,6,rising,0.0,0.21383061122370384,1.9285087984402294,0.02601052803145909,0.08239236620989465
2026-09-06 12:39:00,Berbaring,60,1.0,1.0,1,102.36666666666666,-1.0,-4.517921644901246,588.2166666666667,26.44667911398692,19.70717842198452,1.1829272314999533,0.947033818683121,0.014116666666666661,3.0519037334733055,-0.22483025315886507,-0.8542830023162883,-0.9723128782165068,-0.9270367169523592,0.4709861071994913,1.4213304688488597,2.740798967280943,0.9020202489899425,-0.880257906076629,0.7911319599240176,0.5298458778104531,1.579595183280905,6,rising,0.0,-0.37552079712200004,1.8695242558052667,-0.05898454263496267,-0.08499507066642176
2026-09-06 12:40:00,Berbaring,60,1.0,1.0,1,101.91666666666667,3.0,1.3753820505696668,587.6666666666666,18.227067473967526,13.007168818692486,1.1110492695963408,0.9930675383245909,0.02413333333333333,3.006826380736009,0.6744907594765952,0.18957818440617535,-1.2210697454909334,-1.2100217394772976,0.2292863800825515,1.4456612520437597,2.6788740721268325,0.9548940420681488,-0.917889767830165,0.7916693802163848,0.5464663183839864,1.6369820103363704,6,rising,0.0,0.024330783194900008,1.9182570479904157,0.04873279218514903,0.1077173348201117
2026-09-06 12:41:00,Berbaring,60,1.0,1.0,1,103.55,3.0,-0.7418727424283853,580.5333333333333,27.36908231319908,18.03668577921967,1.2651455279422326,0.974758644141436,-0.021716666666666672,3.1704404758565685,0.6744907594765952,-0.18544408069638155,-1.0343346574711192,-0.8952801934646495,0.7474566593385026,1.4703223211640668,2.849960832801309,0.9577747649894386,-0.8910073400628935,0.8230893493641767,0.5525812993838988,1.6413557658113214,6,rising,0.0,0.024661069120307078,1.9219908298329804,0.0037337818425646763,-0.044999010342584356
2026-09-06 12:42:00,Berbaring,60,1.0,1.0,1,105.16666666666667,0.0,-0.7466007462307821,571.75,20.805495525648904,13.560285982685002,1.4525997793182757,0.9870566775819343,-0.01965,3.332385039394267,0.0,-0.1862815362077599,-1.2005337013511028,-1.121251545429265,1.3777978683067933,1.6194805763798,3.04071784064246,0.9473079763431771,-0.9227278688774252,0.862769619261764,0.5877179157684747,1.6848153864690367,6,rising,0.0,0.14915825521573312,1.959235281042787,0.037244451209806684,0.03351066936724201
2026-09-06 12:43:00,Berkendara,60,1.0,1.0,1,106.0,-9.0,-2.1005834954153757,569.2833333333333,20.275301554042162,12.451260912256426,1.2969336188910745,0.9776828423643847,-0.032400000000000005,1.2751467316732104,-1.0423948101001925,-0.15792833048217741,-0.6741456795712525,-0.7198918923603712,0.02082399133465456,0.7864135741427092,2.542972676080194,0.34954296348362224,-0.6672570739459345,0.510499297154326,0.34902654524768395,0.9745980441876525,6,rising,0.0,-0.8330670022370907,1.3963671965977995,-0.5628680844449876,-0.6001125356547943
2026-09-06 12:44:00,Berkendara,60,1.0,1.0,1,99.73333333333333,0.0,-1.7038066129479865,601.2,33.359266748028226,47.81532269833345,0.4410364278110346,0.9815618911203143,0.021683333333333336,-0.22549543142264808,0.06131734177059957,-0.09873629480539052,8.289809348826097,0.7046582682957653,-3.970691118282604,3.7649308788182885,3.6026363319241628,-0.11985876164776631,0.9998592099532404,-0.8874905457212211,0.872803148109436,1.6010963014654511,6,peak,0.0,2.978517304675579,1.887725977616017,0.4913587810182174,1.054226865463205
2026-09-06 12:45:00,Berkendara,60,1.0,1.0,1,106.01666666666667,5.0,-4.632953598221666,567.0666666666667,25.687738067133306,13.449844054290956,1.4741484728053145,0.9752313740805837,-0.07638333333333332,1.279137801255912,0.6744907594765952,-0.5357127934780989,-0.4210284208281577,-0.13059902968835047,0.8472734462682613,0.7405305335556303,2.169949818097084,0.6780610125499108,-0.4777331597418628,0.6669013382142431,0.321257107415847,1.111737033940266,6,falling,1.0,-3.0244003452626584,1.111737033940266,-0.775988943675751,-1.2673477246939684
2026-09-06 12:46:00,Berkendara,60,1.0,1.0,1,101.08333333333333,-10.0,-9.207557654904036,597.3666666666667,30.953199591831396,15.807099885167457,0.9890957135302813,0.9522387137273234,-0.011200000000000003,0.09778120477619247,-1.1650294936413919,-1.218162145986866,0.17648029822751016,0.44269155536954174,-1.4147919487176914,0.9201024640396946,2.3881314582618813,-0.445004221557233,0.18599054398064468,-0.5580560101547613,0.34557967772618703,0.8145385588056353,6,tau_out,1.0,0.1795719304840644,0.8145385588056353,-0.2971984751346306,0.4787904685411204
2026-09-06 12:47:00,Berkendara,60,1.0,1.0,1,100.08333333333333,8.0,4.986385106974249,598.2,23.38100054404597,16.572388717279416,1.2887737643720052,0.981218272968229,0.017383333333333327,-0.14168297018591264,1.0423948101001925,0.8993210126354703,0.3704629554314163,-0.3817509748659495,-0.017229857824546606,0.6053528948873462,1.4716937968465282,0.35372136991162517,0.13580915187682363,0.11588280505047592,0.23173635209193466,0.45901361053121575,0,baseline,1.0,-0.3147495691523484,0.45901361053121575,-0.35552494827441955,-0.05832647313978895
2026-09-06 12:48:00,Berkendara,60,1.0,1.0,1,100.58333333333333,-3.0,-1.9388719088634725,599.95,23.727567461227853,14.508326072422305,1.466708614937389,0.9900268198463351,-0.03310000000000001,-0.02195088270486009,-0.3065867088529978,-0.13380384535339276,-0.1527282106800063,-0.34401761573285755,0.8125773339282306,0.3903709070047224,1.309768221761354,-0.12348609663201258,-0.16411699949687983,0.18278501871877162,0.19080169292048565,0.334662299452171,0,baseline,1.0,-0.21498198788262385,0.334662299452171,-0.12435131107904474,0.23117363719537481
2026-09-06 12:49:00,Berkendara,60,1.0,1.0,1,99.33333333333333,7.0,-0.853570436232197,603.5833333333334,27.24981210737068,16.88545658452257,1.3116208705212502,0.9763706201096022,-0.0028999999999999985,-0.3212811014074915,0.9197601265589935,0.028103781644860507,0.44981827099951516,0.03947577500462973,0.08931865098720006,0.4400459624144488,1.9006681463557995,0.10307165199562836,0.3108853754306176,-0.0961359973147145,0.2141121349639432,0.4029387278734282,0,baseline,1.0,0.04967505540972644,0.4029387278734282,0.0682764284212572,0.19262773950030193
2026-09-06 12:50:00,Berkendara,60,1.0,1.0,1,97.76666666666667,-3.0,-3.510975270908554,617.45,30.745221483472786,19.420415607624914,1.4585549826073123,0.9816719561165635,-0.003750000000000003,-0.6964416421814553,-0.3065867088529978,-0.36833363377023004,1.0923705552754617,0.4200474071100067,0.7745525022277128,0.6688722934581718,1.139369672072937,-0.48558665888972397,0.6885030163164845,-0.4548819405839539,0.30021236950272223,1.003432037280276,0,baseline,1.0,0.22882633104372296,1.003432037280276,0.6004933094068479,0.5322168809855907
2026-09-06 12:51:00,Berkendara,60,1.0,1.0,1,100.76666666666667,5.0,0.0500138927480489,594.6666666666666,20.695259972049985,17.5856258713796,1.1486003776239393,0.9775128369806165,0.0431,0.02195088270486009,0.6744907594765952,0.16290245112727464,0.6272946603808528,-0.6741678459438519,-0.6709347618739468,0.5446881622530858,1.5171419987570491,0.23441450708193912,0.1704012902040647,-0.09865771086017992,0.256291327093763,0.3992559944313065,0,baseline,1.0,-0.12418413120508598,0.3992559944313065,-0.6041760428489695,-1.2046693522558174
2026-09-06 12:52:00,Berkendara,60,1.0,1.0,1,98.83333333333333,-6.0,-8.252292303417523,611.4833333333333,34.82425205332408,18.43219364893567,1.383067065886236,0.9645665173411168,-0.00508333333333334,-0.44101318888854407,-0.6744907594765952,-1.0756535895045327,0.8418796119740135,0.8641622887571875,0.4225112017936192,0.7572444035245609,1.1853330864206815,-0.5414837738367836,0.6453432819119826,-0.5140748532928299,0.28673104989309117,1.027696588784011,0,baseline,1.0,0.2125562412714751,1.027696588784011,0.6284405943527045,1.232616637201674
2026-09-06 12:53:00,Berkendara,60,1.0,1.0,1,98.61666666666666,-5.0,-4.819672131147424,614.4666666666667,35.906406900401144,22.97640646918678,1.128304590782151,0.9904099738863407,0.0060999999999999995,-0.4928970934636673,-0.5518560759353961,-0.5635678690906937,1.9937303130220148,0.9819846643445992,-0.7655850781559096,1.032026838340376,1.17376977499114,-0.4786143923859312,0.8938239260078694,-0.7201507585461032,0.42364901634827534,1.3138068927321338,0,baseline,1.0,0.274782434815815,1.3138068927321338,0.28611030394812276,-0.34233029040458174
2026-09-06 12:54:00,Berkendara,60,1.0,1.0,1,103.23333333333333,13.0,11.236454570714178,579.05,28.427382955434275,13.692754486359886,1.501756429179535,0.970676743098276,-0.07214999999999999,0.6126291809447199,1.6555682278061883,1.8317199275609044,-0.35945635927691005,0.16768681163777752,0.976024394585195,1.1240825832011705,2.2765188617411867,0.8034870547138879,-0.27133571613381235,0.6563405619326812,0.3685163027154944,1.1339319717460359,0,baseline,1.0,0.0920557448607946,1.1339319717460359,-0.17987492098609792,-0.4659852249342207
2026-09-06 12:55:00,Berkendara,60,1.0,1.0,1,96.78333333333333,-9.0,-8.88413448180043,624.1666666666666,23.339184092943217,15.14058414116157,1.4030323444838408,0.9985622422376339,-0.025583333333333336,-0.9319147475608589,-1.0423948101001925,-1.1699131757293266,0.007534287694868248,-0.3863038478867275,0.5156201779891084,0.7893985550112392,1.7313033465488772,-0.7619125353368047,0.09367539104740401,-0.3517586505193626,0.2912504635095956,0.8932226884159398,0,baseline,1.0,-0.33468402818993126,0.8932226884159398,-0.2407092833300961,-0.060834362343998194
2026-09-06 12:56:00,Berkendara,60,1.0,1.0,1,102.4,2.0,5.114754098360701,585.7333333333333,24.539049935794424,14.392794807572342,0.9858235674898121,0.977382672020249,0.0013166666666666685,0.4130757018096334,0.3065867088529978,0.9184713771191282,-0.18201265964272867,-0.2556653866972138,-1.4300517491908367,0.736179101809581,1.730080833304655,0.42758560422094244,-0.24175616354468718,0.08194347045223013,0.29319407844542156,0.577886659764741,0,baseline,1.0,-0.05321945320165822,0.577886659764741,-0.3153360286511988,-0.0746267453211027
2026-09-06 12:57:00,Berkendara,60,1.0,1.0,1,100.53333333333333,-1.0,-3.1342039455403348,597.9333333333333,17.61342579856576,14.803801618938339,1.0830510713375106,0.9771716709626861,0.007766666666666669,-0.03392409145296466,-0.06131734177059957,-0.31212607048050417,-0.07783213321631312,-1.0097104205274694,-0.976626904801826,0.589025527138097,1.3183507662419238,-0.08367624645958685,-0.28070799360291115,-0.08673939831350763,0.27019859989538275,0.40783538161781896,0,baseline,1.0,-0.14715357467148404,0.40783538161781896,-0.170051278146922,0.1452847505042768
2026-09-06 12:58:00,Berkendara,60,1.0,1.0,1,100.41666666666667,4.0,4.846346207279897,600.6,37.5080556319324,16.455898947474477,1.4623980350009267,0.9847222370448356,0.018216666666666666,-0.06186157853187534,0.5518560759353961,0.8784297059260191,0.3409355480844767,1.1563682647279356,0.792474750198647,0.7258846984908035,1.588287819327581,0.2573771169102817,0.4534056491549057,0.050635913849829066,0.2922569561959163,0.5998314656725998,0,baseline,1.0,0.13685917135270653,0.5998314656725998,0.19199608405478086,0.36204736220170286
2026-09-06 12:59:00,Berkendara,60,1.0,1.0,1,99.81666666666666,-2.0,0.3417616004446531,603.35,18.213261140057597,11.67352502206073,1.517003601110165,0.9833601497656231,0.0036333333333333348,-0.20554008350914046,-0.1839520253117987,0.20642600677197007,-0.8712833722338512,-0.944401814197472,1.0471302677838736,0.6911594206979161,1.9617230465955775,-0.13641302979944242,-0.5877347310744649,0.42816940362302897,0.31321846093392824,0.8034148811659865,0,baseline,1.0,-0.034725277792887366,0.8034148811659865,0.20358341549338665,0.011587331438605797
2026-09-06 13:00:00,Berkendara,60,1.0,1.0,1,98.4,-4.0,-1.6037788274520053,612.45,20.689328289839324,11.794856678561068,1.309044985960604,0.9581792656286897,0.0040333333333333315,-0.5447809980387871,-0.429221392394197,-0.08381393287006597,-0.8405286608839749,-0.6748136730093384,0.07730589729247746,0.5253380244598164,1.0312655341503196,-0.4144465411725952,-0.47927140028512893,0.05107038204172392,0.24958470272318778,0.6829112082668621,0,baseline,1.0,-0.16582139623809977,0.6829112082668621,-0.12050367289912434,-0.324087088392511
2026-09-06 13:01:00,Berkendara,60,1.0,1.0,1,99.73333333333333,8.0,-1.230341761600383,601.55,31.54465492341433,18.979471514851273,1.6867873813034937,0.9946177892817772,-0.006033333333333329,-0.22549543142264808,1.0423948101001925,-0.028103781644860475,0.9806016345680405,0.5070877666965693,1.838924575642785,0.9779729133956001,2.9177473851434996,0.18241568334261787,0.6114299765751032,0.13106867861286794,0.4146942751948739,0.7721867896932132,0,baseline,1.0,0.45263488893578374,0.7721867896932132,0.08927558142635106,0.2097792543254754
2026-09-06 13:02:00,Berkendara,60,1.0,1.0,1,101.01666666666667,4.0,0.8752431230897758,593.5833333333334,12.884482411243757,9.604024580122294,1.0109421395619278,0.9954968476251521,0.006966666666666665,0.08181692644538636,0.5518560759353961,0.2860119370936845,-1.395852891566841,-1.524586221728757,-1.3129101567159949,1.0319515079166397,1.616595613450252,0.24816639778228397,-0.822736688373321,0.3152955253134925,0.4297003180852901,1.0112051478454036,0,baseline,1.0,0.05397859452103959,1.0112051478454036,0.2390183581521904,0.14974277672583935
2026-09-06 13:03:00,Berkendara,60,1.0,1.0,1,106.01666666666667,4.0,9.034176160044547,565.55,21.870516489681346,10.222109636651762,1.507770116567521,1.0084336267949727,0.015066666666666667,1.279137801255912,0.5518560759353961,1.5031792589515423,-1.239182917287023,-0.546208787953277,1.0040694966416366,1.0833866979915563,2.2564111653811887,0.7985362591433917,-0.7909374006053673,0.7913466784931877,0.38677297942061983,1.427958343935565,0,baseline,1.0,0.05143519007491659,1.427958343935565,0.41675319609016137,0.17773483793797096
2026-09-06 13:04:00,Berkendara,60,1.0,1.0,1,102.33333333333333,-6.0,-10.299527646568375,589.7166666666667,25.0694571863018,12.26197097547494,1.103958708580777,0.9529835952353473,-0.0038666666666666615,0.3971114234788239,-0.6744907594765952,-1.3810645971141404,-0.7221262110752851,-0.19791594127139098,-0.8791231966081042,0.80140182056449,1.8212317979438588,-0.18880300293416474,-0.48237177872753906,-0.014360825286277098,0.26797446793951607,0.5833915114227305,0,baseline,1.0,-0.28198487742706624,0.5833915114227305,-0.8445668325128345,-1.261320028602996
2026-09-06 13:05:00,Berkendara,60,1.0,1.0,1,97.53333333333333,-1.0,-3.91442067240895,616.6,24.614450764554512,12.448538134854038,1.1640782310905313,0.9859860115654461,-0.02041666666666666,-0.75231661633928,-0.06131734177059957,-0.4285204935760299,-0.6748358393819378,-0.2474559286979552,-0.5987530949398786,0.5209787322112768,1.1234205620837148,-0.4593186527160712,-0.2752731021410943,-0.2174477970316574,0.2356907083138291,0.6241654908072726,0,baseline,1.0,-0.2804230883532133,0.6241654908072726,0.04077397938454208,0.8853408118973766
2026-09-06 13:06:00,Berkendara,60,1.0,1.0,1,103.86666666666666,8.0,16.364545707140962,578.9833333333333,37.61828426090779,17.484133242864438,1.299647963464855,0.9683204346868043,0.039983333333333336,0.7642898250873846,1.0423948101001925,2.5967396827784652,0.6015686744003071,1.1683696885155788,0.03348245953838922,1.3001202848923121,2.9437953110488038,0.8084675043241931,0.43827786992289863,0.207254388212217,0.33783398803003273,1.0013957168441652,0,baseline,1.0,0.7791415526810354,1.0013957168441652,0.3772302260368926,0.3364562466523505
2026-09-06 13:07:00,Berkendara,60,1.0,1.0,1,102.68333333333334,-2.0,4.579605445957263,586.6333333333333,26.524671385153777,17.464734442657363,1.15483707209273,0.9797555392577845,-0.024633333333333333,0.4809238847155627,-0.1839520253117987,0.838636740765151,0.59665153638282,-0.03947577500462934,-0.6418496562494839,0.5382007195856691,1.7340155699469468,0.3231120390003788,0.21852310423534957,-0.0707277254919703,0.20343586498104793,0.4455808559010255,0,baseline,1.0,-0.7619195653066431,0.4455808559010255,-0.5558148609431397,-0.9330450869800323
2026-09-06 13:08:00,Berkendara,60,1.0,1.0,1,100.56666666666666,-2.0,-5.624895804389978,599.5,29.85132651851931,15.081136494512,1.437861337731299,1.001326302400429,-0.023049999999999998,-0.025941952287561614,-0.1839520253117987,-0.6836928826700421,-0.007534287694868248,0.3227223074896339,0.6780467570792436,0.42148569535763536,0.9582121983030205,-0.17033107758675708,0.0815436467204282,-0.002921738639198132,0.1588484290869514,0.24678614688105951,0,baseline,1.0,-0.1167150242280337,0.24678614688105951,-0.19879470901996596,0.3570201519231737
2026-09-06 13:09:00,Berkendara,60,1.0,1.0,1,97.6,-7.0,1.6637954987497219,621.5833333333334,41.58931237655658,24.636338050578313,1.3963965787051933,0.9641650144712351,0.009649999999999999,-0.7363523380084739,-0.7971254430177944,0.4036498903504871,2.414483792523861,1.6007255268449005,0.48467398533257017,1.2888961711666478,2.1917595431814756,-0.5252654271063047,0.9540827748149533,-0.6148652205788444,0.5034960279099292,1.348237812743107,0,baseline,1.0,0.8674104758090124,1.348237812743107,1.1014516658620475,1.3002463748820134
2026-09-06 13:10:00,Berkendara,60,1.0,1.0,1,94.18333333333334,10.0,14.712420116699128,637.4,44.520115430736496,20.195653165462637,1.1377260155168074,0.9632167753471059,0.001799999999999998,-1.5545216024623307,1.287664177182591,2.350272004813373,1.2888749796489614,1.9198242021916172,-0.721647839461331,1.605516231985621,3.537165772364646,-0.1156273535177766,0.9051015499067449,-0.6079925366429291,0.5059232377338204,1.2075561053705504,0,baseline,1.0,0.3166200608189733,1.2075561053705504,-0.14068170737255659,-1.242133373234604
2026-09-06 13:11:00,Berkendara,60,1.0,1.0,1,101.05,-3.0,2.312308974715305,594.3,16.011965864548223,10.730125498815891,1.0777212288387732,0.9599489092250674,0.00961666666666667,0.08979906561078942,-0.3065867088529978,0.500396536897837,-1.110412886013505,-1.1840734650988243,-1.0014828654093668,0.8155234162031325,1.783785233325929,0.03246154461239257,-0.728115756010983,0.21463097596549086,0.35107572071006,0.8369748643454323,0,baseline,1.0,-0.7899928157824886,0.8369748643454323,-0.370581241025118,-0.22989953365256144
2026-09-06 13:12:00,Berkendara,60,1.0,1.0,1,96.61666666666666,3.0,2.512364545707231,621.4,23.602786391096473,14.514166078323361,1.2168208690239721,0.9922808540016026,-0.0026833333333333344,-0.9718254433878776,0.429221392394197,0.5302412607684805,-0.15124790701524865,-0.3576034737557913,-0.352785426829242,0.5299442143483907,0.997725866946427,-0.31510343572372074,0.021774429128337266,-0.25040036268153293,0.23274985196575548,0.46544294622422017,0,baseline,1.0,-0.28557920185474184,0.46544294622422017,-0.37153191812121217,-0.0009506770960941435
2026-09-06 13:13:00,Berkendara,60,1.0,1.0,1,96.95,-7.0,-2.7691025284801025,623.3,35.6215036940291,15.654641375968007,1.499433143392752,0.9925338498749775,0.026983333333333328,-0.8920040517338402,-0.7971254430177944,-0.25765944941658436,0.13783566434955383,0.9509650993739364,0.9651896466522086,0.7474838835150159,1.7005686867096066,-0.6459915770608686,0.45576409894348974,-0.3909557204943042,0.333249685546849,0.9428296557828745,0,baseline,1.0,0.21753966916662526,0.9428296557828745,0.4773867095586543,0.8489186276798665
2026-09-06 13:14:00,Berkendara,60,1.0,1.0,1,99.03333333333333,0.0,-5.501528202278312,608.05,29.32253428592339,20.44131741417658,1.3534410109777562,0.9694846276306209,-0.018816666666666666,-0.3931203538961223,0.06131734177059957,-0.6652886362831484,1.3511450687263362,0.2651487012678379,0.28434876004483023,0.6554468509451225,1.3305309071582032,-0.28912784456933566,0.7104248122781376,-0.45650259198748766,0.2787217929909097,0.9350822310284262,0,baseline,1.0,-0.09203703256989348,0.9350822310284262,-0.007747424754448229,-0.48513413431310254
2026-09-06 13:15:00,Berkendara,60,1.0,1.0,1,95.93333333333334,1.0,7.615448735760026,627.15,28.625474609343502,15.891048540886581,1.173146120770092,0.9890452621287954,0.011800000000000003,-1.135459296278647,0.1839520253117987,1.291530425502211,0.19775930116310939,0.1892545468936567,-0.5564645829018436,0.7500817575282935,1.8099348945282852,-0.35886929280882357,0.3654599579710912,-0.4696911601444754,0.2533851604404974,0.739703978393152,0,baseline,1.0,0.09463490658317109,0.739703978393152,-0.1953782526352742,-0.18763082788082597
2026-09-06 13:16:00,Berkendara,60,1.0,1.0,1,101.48333333333333,9.0,5.533203667685508,588.4,16.727324646532946,9.570434699583036,1.3371542101965244,0.9842871403754151,-0.0434,0.19356687476103587,1.1650294936413919,0.9808965912152288,-1.4043671335219803,-1.1061869488406246,0.2083945308650624,0.9657678180868381,1.6133696316823807,0.5392554142758713,-0.7960232305372832,0.6504522146591651,0.38205558397489514,1.2220899877596023,0,baseline,1.0,0.21568606055854456,1.2220899877596023,0.48238600936645026,0.6777642620017245
2026-09-06 13:17:00,Berkendara,60,1.0,1.0,1,100.56666666666666,1.0,-0.07335370936363317,601.85,57.01407052025084,26.35513650769017,1.3820899903248038,0.9958764722814573,-0.007250000000000001,-0.025941952287561614,0.1839520253117987,0.14449820474037856,2.850158635691772,3.2801355043172937,0.417954565894659,1.7847861803832152,3.0207522884509896,0.06251065129251317,0.9834403480195009,-0.3993878731869868,0.6235739005053523,1.2326465763867658,0,baseline,1.0,0.8190183622963771,1.2326465763867658,0.010556588627163466,-0.4718294207392868
2026-09-06 13:18:00,Berkendara,60,1.0,1.0,1,100.83333333333333,-12.0,-6.391775493192464,600.35,26.35341614236912,14.197158942334141,1.2739585112282859,0.9795026097680185,0.014716666666666663,0.03791516103566619,-1.41029886072379,-0.7980976575075247,-0.2316017342389975,-0.058121627389976824,-0.08632145830209773,0.6698021085801574,2.0516229626638194,-0.4792043708093672,-0.14839059699978568,-0.1966177730957088,0.27423909927191803,0.6045843452714789,0,baseline,1.0,-1.114984071803058,0.6045843452714789,-0.6280622311152869,-0.6386188197424504
2026-09-06 13:19:00,Berkendara,60,1.0,1.0,1,97.03333333333333,11.0,12.650180605723897,616.1833333333333,30.986870738945072,13.583389657087482,1.0573190051472157,1.0147636933404374,-0.03843333333333333,-0.8720487038203326,1.41029886072379,2.0426226429134693,-0.38717776235601437,0.4463575875944143,-1.0966295547353138,1.1883782489679955,2.7368465797623225,0.24478354701374583,0.07292169888440155,-0.12415795488334909,0.3710747821300443,0.4672774879560256,0,baseline,1.0,0.5185761403878381,0.4672774879560256,-0.13730685731545328,0.49075537379983364
2026-09-06 13:20:00,Berkendara,60,1.0,1.0,1,98.46666666666667,-10.0,-10.399555432064387,613.9,30.72276249937854,16.244947063156154,1.1718839652308681,0.9761817273248129,0.01165,-0.528816719707981,-1.1650294936413919,-1.39598695904947,0.28746422412786016,0.4176021277986296,-0.56235070212037,0.8325649087212222,1.7022596289095195,-0.6909420230070566,0.3524768719072902,-0.5956324015582293,0.2828217924485241,1.0180407400769638,0,baseline,1.0,-0.35581334024677325,1.0180407400769638,0.5507632521209382,0.6880701094363915
2026-09-06 13:21:00,Berkendara,60,1.0,1.0,1,97.5,0.0,-3.2742428452347623,615.7333333333333,21.216292641418946,14.194174025676395,1.2961629318984949,0.9646627699568282,0.017183333333333335,-0.7602987555046831,0.06131734177059957,-0.33301737718996655,-0.23235834016411466,-0.6174390820063101,0.017229857824547643,0.43363442240508276,1.1337185582922997,-0.42167023154490496,-0.12936806611255375,-0.15603506722100494,0.20191189722024494,0.5095657338779543,0,baseline,1.0,-0.3989304863161395,0.5095657338779543,-0.5084750061990094,-1.0592382583199478
2026-09-06 13:22:00,Berkendara,60,1.0,1.0,1,101.05,7.0,10.301194776326842,593.7833333333333,25.396577686611444,13.095477288885991,1.2579124170198674,0.9767450815061394,-0.01951666666666667,0.08979906561078942,0.9197601265589935,1.6921958434656335,-0.5108520323766296,-0.16229986049152073,-0.161153141535481,0.819637187414896,1.5514760405732202,0.5220451027923569,-0.327033975310065,0.4092940050967515,0.21462102025806096,0.7701078335540662,0,baseline,1.0,0.38600276500981323,0.7701078335540662,0.26054209967611186,0.7690171058751213
2026-09-06 13:23:00,Berkendara,60,1.0,1.0,1,110.06666666666666,10.0,9.052514587385478,544.8666666666667,20.12289923063592,11.107334574772302,1.3390046972519742,0.9869053879436062,0.029816666666666665,2.248967709852437,1.287664177182591,1.505915025306352,-1.0147992878462317,-0.736485084949459,0.2170243606144261,1.3293508631827287,2.208633921727876,0.9516628914672539,-0.8312149379898585,0.7714857597223496,0.4756374404217667,1.5549925351327702,0,baseline,1.0,0.5097136757678327,1.5549925351327702,0.784884701578704,0.5243426019025922
2026-09-06 13:24:00,Berkendara,60,1.0,1.0,1,112.96666666666667,4.0,2.940816893581633,533.6833333333333,40.710841294058966,13.636317411323809,1.9037344119842141,0.9948323676581211,-0.015383333333333327,2.943413817242543,0.5518560759353961,0.5941587110581131,-0.3737618258157357,1.5050797418592488,2.8506668269007576,1.8189978418436903,3.5287856406344456,0.9539156142975805,-0.39522887337004636,0.8648216484076539,0.627458962601757,1.485860725253175,7,tau_in,0.0,0.48964697866096163,1.7910282227954677,0.23603568766269745,-0.5488490139160066
2026-09-06 13:25:00,Berkendara,60,1.0,1.0,1,119.98333333333333,-6.0,-11.748263406501692,510.93333333333334,52.310632378962936,24.865741186334315,1.4708606529281847,0.9918713858963657,0.005800000000000001,4.623654111559981,-0.6744907594765952,-1.5971901391440695,2.4726320732482128,2.768036651984087,0.8319405501517273,2.544673941913242,4.265773991685199,0.9705149847733314,0.8100677219924791,0.2492698198829567,0.7400435572926811,1.4859034153263635,7,rising,0.0,0.7256761000695517,1.7910636392039652,3.541640849746841e-05,-0.23600027125419998
2026-09-06 13:26:00,Berkendara,60,1.0,1.0,1,116.56666666666666,-1.0,-9.315921089191326,520.8666666666667,33.55817951601932,18.234350150847956,1.486899554281936,1.000806957346124,-0.01706666666666667,3.8054848471061202,-0.06131734177059957,-1.2343280380834643,0.7917309545531822,0.7263154044465492,0.9067386891833258,1.731357245301646,3.1416873341948546,0.9553270474201031,-0.14307759984333038,0.6558353102723177,0.5963669829038991,1.31106616904229,7,rising,0.0,-0.8133166966115961,1.648907062149722,-0.14215657705424323,-0.1421919934627407
2026-09-06 13:27:00,Berkendara,59,0.9833333333333333,1.0,1,119.2542372881356,9.0,3.949189774910138,511.1864406779661,55.6787195701811,57.79944517094403,0.3797454062959321,0.994070006011763,0.515322033898305,4.449061728628571,1.1650294936413919,0.7445899639978731,10.820548758339514,3.1347457557012905,-4.25652455833946,5.271539400417509,4.813289096455083,0.9940608508631306,0.9999832516868831,-0.6934453774773441,0.944007451406573,1.8330684762792777,7,rising,0.0,3.540182155115863,2.0880948347067076,0.4391877725569857,0.5813443496112289
2026-09-06 13:28:00,Berkendara,58,0.9666666666666667,1.0,1,115.32758620689656,-9.0,-4.436964120811463,628.8793103448276,258.1785100917585,287.29867092590155,0.34969236497764233,0.9870955614405204,-0.44463793103448274,3.5087694670956058,-1.0423948101001925,-0.5064746582646819,68.99318602958718,25.182428154989573,-4.396678270446558,30.075459965452072,7.40867076457505,0.9123106526235322,1.0,-0.7294565029654946,0.9999999298491945,1.8342348203835346,7,peak,0.0,24.803920565034563,2.089118803780057,0.0010239690733495621,-0.43816380348363615
2026-09-06 13:29:00,Berkendara,60,1.0,1.0,1,108.58333333333333,-3.0,2.1322589608225293,554.5,20.06303625398742,12.556988735429163,1.1595660513516568,0.9677980667075069,0.0017166666666666663,1.893762516991981,-0.3065867088529978,0.47353628541425136,-0.6473461717006976,-0.7430028195763572,-0.6197958484302827,0.9362892754608858,2.2540555145628267,0.7701204969982608,-0.7261544771293902,0.603727611808597,0.39454576214542436,1.2808353884238723,7,falling,1.0,-29.139170689991186,1.2808353884238723,-0.8082834153561849,-0.8093073844295344
2026-09-06 13:30:00,Berkendara,60,1.0,1.0,1,97.95,-11.0,-4.572936926924069,618.75,31.84795712257469,17.893754236547625,1.4559010706920938,0.9742130567788028,0.015966666666666667,-0.6525398767717351,-1.287664177182591,-0.526759376316903,0.7053979287510939,0.5401105690454968,0.7621758644497333,0.7886254368144873,2.1191187406000376,-0.6773548388035588,0.5740244314221747,-0.4898199505271403,0.34004142684485306,1.0695164241026127,7,tau_out,1.0,-0.14766383864639854,1.0695164241026127,-0.21131896432125963,0.5969644510349252
2026-09-06 13:31:00,Berkendara,60,1.0,1.0,1,95.38333333333334,3.0,2.565712697971745,628.6,24.804455586631054,15.48263105569527,1.3249518414513242,0.9729573683404047,0.02676666666666666,-1.2671645925078039,0.429221392394197,0.5381998538006523,0.09423510781076606,-0.2267686679324657,0.15148823449303328,0.6003955863033296,1.2525247868847882,-0.4521855175530259,0.24357402833667258,-0.33847579567592534,0.2636416591836507,0.669233022407301,0,baseline,1.0,-0.1882298505111577,0.669233022407301,-0.40028340169531174,-0.1889644373740521
2026-09-06 13:32:00,Berkendara,60,1.0,1.0,1,111.18333333333334,9.0,2.350989850419242,538.4166666666666,10.634596032213052,7.545343159183053,1.2730734116585867,0.9897181369938569,-0.014333333333333332,2.516369371893456,1.1650294936413919,0.5061670338089441,-1.9176800444184372,-1.7695483532528784,-0.09044916002000139,1.5685764661406494,2.5848243382376146,0.9477746159147022,-0.964054769641118,0.7752748948922089,0.5732926430387537,1.6605402550533173,0,baseline,1.0,0.9681808798373198,1.6605402550533173,0.9913072326460163,1.391590634341328
2026-09-06 13:33:00,Berkendara,60,1.0,1.0,1,111.8,6.0,10.236176715754477,536.0666666666667,19.197339740374044,10.419180487634252,1.2844513650270375,1.025187010054356,0.07788333333333333,2.6640389464534193,0.7971254430177944,1.6824963082076756,-1.1892301076719654,-0.8372577407155724,-0.0373875618981716,1.4537292796130534,2.6576216172645037,0.9608397921073749,-0.8845272354305331,0.7647153669603092,0.5042850414662408,1.595209870777878,0,baseline,1.0,-0.11484718652759596,1.595209870777878,-0.06533038427543936,-1.0566376169214555
2026-09-06 13:34:00,Berkendara,60,1.0,1.0,1,111.06666666666666,-5.0,-2.966540997258879,542.0,14.269797428277242,10.893941715545155,1.239716083231583,0.9728600462508843,0.01985,2.4884318848145424,-0.5518560759353961,-0.28711374830428243,-1.0688893413322929,-1.373756507585105,-0.24601256391999057,1.2694832430380547,2.6545549930583263,0.8210443302579806,-0.8914644913640538,0.7127136033256145,0.49960344564512527,1.4921082450270189,0,baseline,1.0,-0.18424603657499872,1.4921082450270189,-0.10310162575085902,-0.03777124147541966
2026-09-06 13:35:00,Berkendara,60,1.0,1.0,1,106.18333333333334,-6.0,-6.246735204223262,567.9,22.417986120410443,12.739236067881793,1.2657883603115314,0.996339373574807,-0.006383333333333341,1.3190484970829306,-0.6744907594765952,-0.7764602327012998,-0.6011507741801015,-0.48660163225953024,-0.12442332517576639,0.7540293739752869,1.4832759172879493,0.38563339875415314,-0.6144834035081074,0.48168772068056626,0.3125260375414105,0.9252019000290486,0,baseline,1.0,-0.5154538690627678,0.9252019000290486,-0.5669063449979703,-0.4638047192471113
2026-09-06 13:36:00,Berkendara,60,1.0,1.0,1,97.55,-11.0,-16.663284839912496,621.3166666666667,39.87076226529685,20.9090038184024,1.1569202777885335,0.9743992543363881,0.01396666666666666,-0.7483255467565785,-1.287664177182591,-2.330423694056473,1.4696925342361846,1.4136139898762798,-0.6321345326366258,1.4263496226301429,2.790641640821175,-0.8169048464311289,0.8646290976797808,-0.7822998400999286,0.4412559490040522,1.49050892551137,0,baseline,1.0,0.672320248654856,1.49050892551137,0.5653070254823214,1.1322133704802917
2026-09-06 13:37:00,Berkendara,60,1.0,1.0,1,104.33333333333333,7.0,13.600444567935625,575.3666666666667,30.384522524462152,14.451555543508755,1.1351885112587543,0.9813578698744495,-0.040383333333333334,0.8760397734030341,0.9197601265589935,2.1843850812990384,-0.1671181999068587,0.3807753857931601,-0.7334816048858397,1.087493770883739,2.517325475942183,0.7951958691359324,-0.17025485836330054,0.3664373027883007,0.28887320664676164,0.9375751775086123,0,baseline,1.0,-0.33885585174640376,0.9375751775086123,-0.5529337480027576,-1.118240773485079
2026-09-06 13:38:00,Berkendara,60,1.0,1.0,1,101.06666666666666,-13.0,-14.325212004754798,604.05,50.531555839823696,21.843433640807,1.4994540896539335,0.9817963660727115,-0.009916666666666667,0.09379013519349094,-1.5329335442649892,-1.981624918752432,1.706548440548561,2.574335145439628,0.9652873304848785,1.671167646217859,2.9129773282381812,-0.6078719766701121,0.9159739750064237,-0.5683335150273082,0.5510914246192938,1.3547034382115208,0,baseline,1.0,0.58367387533412,1.3547034382115208,0.41712826070290854,0.9700620087056662
2026-09-06 13:39:00,Makan,60,1.0,1.0,1,107.18333333333334,22.0,9.238855730413578,557.15,36.22005484370994,16.630072821064203,1.4714864964444485,0.969469699912356,-0.04374999999999999,-0.26278860758828326,4.946265569495031,1.5608119289242472,0.7731650895265902,1.4257103858366198,1.4044361696795684,2.2939634597631713,3.769524553149114,0.9175756002223071,0.6827387094282196,0.3885130314674854,0.7009098597323629,1.396529317474264,0,baseline,1.0,0.6227958135453122,1.396529317474264,0.04182587926274306,-0.3753023814401655
2026-09-06 13:40:00,Makan,60,1.0,1.0,1,112.63333333333334,-2.0,-0.2983993733465086,533.65,14.283835832915992,8.490273597635818,1.2978159599888142,0.9735652422395168,-0.004266666666666664,0.6920099999824798,-0.44966050631773014,-0.37511146513981686,-0.8221889170217314,-0.6744907594765952,0.1800284964333214,0.5751990498540097,1.330354098620233,0.18720649465783676,-0.6406223627802571,0.45525678962864896,0.2619020215992679,0.849290702149153,0,baseline,1.0,-1.7187644099091615,0.849290702149153,-0.5472386153251109,-0.5890644945878539
2026-09-06 13:41:00,Makan,60,1.0,1.0,1,110.5,4.0,3.5638400618119235,543.0833333333334,18.11852845697817,12.685237650012244,1.1961207664485418,0.9743824717020224,-0.03066666666666667,0.31826620252358684,0.8993210126354603,0.4088666915367473,0.0,-0.307352473839647,-0.5369404140345773,0.4932906821005972,0.9818373173615226,0.46695780852102475,-0.13957426769573184,0.2224237409667826,0.22450064485640586,0.5808643828193965,0,baseline,1.0,-0.08190836775341254,0.5808643828193965,-0.2684263193297566,0.2788122959953543
2026-09-06 13:42:00,Makan,60,1.0,1.0,1,114.0,2.0,2.7401781542272534,526.5,15.317542839635468,11.797011974454536,1.2935130982690142,0.9769582403825969,-0.005533333333333336,0.9314396202295812,0.44966050631773014,0.241675362549024,-0.17408714285501026,-0.575522353008631,0.1496925683354283,0.5020161841802537,2.3362137237663765,0.5937520134525315,-0.4019029796946075,0.5208815353606454,0.2363173103338504,0.9171864061407735,0,baseline,1.0,0.008725502079656555,0.9171864061407735,0.33632202332137706,0.6047483426511336
2026-09-06 13:43:00,Makan,60,1.0,1.0,1,118.3,4.0,1.5157250373348974,507.31666666666666,9.464459239732875,8.408026834771478,1.1913980832054363,0.9741768570625132,0.026016666666666664,1.6847669619826593,0.8993210126354603,-0.006870724153849004,-0.8383088112672297,-1.1359039244216758,-0.5702361573378582,0.9971186715153011,2.5680211577175216,0.832242289032923,-0.7939393033153123,0.652909068032933,0.4208201500575882,1.3879289228262688,0,baseline,1.0,0.49510248733504736,1.3879289228262688,0.47074251668549527,0.1344204933641182
2026-09-06 13:44:00,Makan,60,1.0,1.0,1,114.21666666666667,0.0,1.5495734061307629,525.4833333333333,16.227713966081968,10.427310945748287,1.2387393847811274,0.9755995383559279,-0.0011166666666666714,0.9693979746590001,0.0,0.0,-0.44254069606188035,-0.4883814267964445,-0.23647169680399793,0.48819565448922864,1.284613899728801,0.4877996754168469,-0.5075115823800047,0.46221691421565775,0.23462990087616376,0.8741923105123041,0,baseline,1.0,-0.5089230170260725,0.8741923105123041,-0.5137366123139647,-0.98447912899946
2026-09-06 13:45:00,Makan,60,1.0,1.0,1,121.93333333333334,7.0,17.655517072671792,492.71666666666664,25.473210698238184,7.607979753666764,1.5948252654553439,0.9736641394577672,0.018216666666666666,2.3212993670298356,1.5738117721120555,3.2692711674706056,-0.995113454874902,0.3967940365005592,2.2739960747027514,2.0360174628878314,2.7845862616902672,0.9775538698392932,-0.7222696365984314,0.8831053405053719,0.5692132840579751,1.6066000751795644,8,tau_in,0.0,1.5478218083986026,1.8923963119724636,1.0182040014601594,1.531940613774124
2026-09-06 13:46:00,Makan,60,1.0,1.0,1,111.13333333333334,-20.0,-18.5929509946484,545.6166666666667,28.308285704860733,12.363834630876498,1.3939398777147138,0.9744349495435659,0.028483333333333343,0.4292213923941965,-4.496605063177301,-4.088638059770572,-0.06299315010364269,0.6682276765926694,0.8577189374722288,2.526751122888439,3.800572515649322,-0.9386059165464596,0.04653277861021155,-0.3542387831388776,0.6461869722309961,1.1942315875164171,8,peak,0.0,0.4907336600006076,1.557622895511613,-0.3347734164608507,-1.3529774179210101
2026-09-06 13:47:00,Makan,60,1.0,1.0,1,108.68333333333334,1.0,-3.225965476724365,552.2833333333333,13.707713610568996,10.261000711101248,1.2248486317749703,0.9714042757583884,0.09024999999999998,0.0,0.22483025315886507,-0.9693645962072373,-0.4751365490910898,-0.7296494242682885,-0.3344039362904121,0.5568041813688867,1.4004368796054307,-0.0777980822979709,-0.4167376183465104,0.11896984936565144,0.19308459056353422,0.48078921402787006,8,falling,1.0,-1.9699469415195523,0.48078921402787006,-1.076833681483743,-0.7420602650228922
2026-09-06 13:48:00,Makan,60,1.0,1.0,1,108.06666666666666,3.0,4.726177936651512,554.5666666666667,11.335210878043581,8.451256049461483,1.0879720051398232,0.9801413554014569,0.060816666666666665,-0.10803531645296223,0.6744907594765952,0.6448042919498391,-0.8298361328924196,-0.9567958141569382,-1.2994081066031398,0.834159222819139,2.2420603811067075,0.23516366612657766,-0.5876060751431244,0.1902935552872894,0.3517903258516083,0.7486994857470232,8,tau_out,1.0,0.27735504145025236,0.7486994857470232,0.2679102717191531,1.344743953202896
2026-09-06 13:49:00,Makan,60,1.0,1.0,1,110.28333333333333,-3.0,-1.773280410286468,545.1,17.09762596266868,12.281997297960892,1.176610563429936,0.9780768622055593,0.045250000000000005,0.2803078480941678,-0.6744907594765952,-0.6744907594765953,-0.07903279842523254,-0.40509496021557523,-0.6744907594765952,0.5186093509859014,1.0113313921061682,-0.1482508723761488,-0.19814725039411066,-0.10704346447443462,0.21392800435041515,0.3441862117097028,0,baseline,1.0,-0.31554987183323757,0.3441862117097028,-0.40451327403732035,-0.6724235457564735
2026-09-06 13:50:00,Makan,60,1.0,1.0,1,111.93333333333334,-4.0,-5.443953751581152,538.9,29.819058858160506,12.121559445460411,1.6791100825177654,0.9770413741346461,-0.06861666666666667,0.5693753164412804,-0.8993210126354603,-1.41958379893803,-0.11047769820260635,0.8128709948102423,2.8682187842971807,1.4170290674239738,3.2151342660752547,-0.1679704464938471,0.02857217244656828,0.43459299773339116,0.5074989981252371,0.6895337168773356,0,baseline,1.0,0.8984197164380724,0.6895337168773356,0.34534750516763274,0.7498607792049531
2026-09-06 13:51:00,Makan,61,1.0,1.0,1,105.75409836065573,-1.0,-4.232187115989368,568.983606557377,21.32876914973349,16.39613775659784,1.2722806368803088,0.9714536688818664,0.0018196721311475417,-0.5131797198459006,-0.22483025315886507,-1.1736128825195766,0.7273151573446809,0.0,0.0,0.6083114065065447,2.1711275687957485,-0.4821178851514082,0.46420597052273055,-0.4780689426625786,0.18558986143272338,0.8431597410081615,0,baseline,1.0,-0.8087176609174291,0.8431597410081615,0.15362602413082593,-0.1917214810368068
2026-09-06 13:52:00,Makan,59,0.9833333333333333,1.0,1,104.32203389830508,1.0,-3.096960639347979,576.0847457627119,22.069082864240908,18.03779556834807,1.0401478465735823,0.969559599398337,0.01510169491525423,-0.7640665372044282,0.22483025315886507,-0.9431784996933762,1.0490706817093194,0.07087856436583272,-1.636576793417263,0.9405573405482732,2.4913392599224125,-0.4575943863335051,0.6336681797190624,-0.7294307560454839,0.37500780406887535,1.1329731088468311,0,baseline,1.0,0.33224593404172853,1.1329731088468311,0.2898133678386696,0.1361873437078437
2026-09-06 13:53:00,Makan,60,1.0,1.0,1,107.31666666666666,0.0,2.572785196306434,560.1333333333333,20.654105896781882,15.176922713476783,1.204874604516533,0.9693916699643851,0.04738333333333333,-0.23942962024710387,0.0,0.20769703862721398,0.4883559950242223,-0.06459310676340757,-0.4752243237895192,0.30794117624010586,1.1793474812532563,-0.10019441991397626,0.29161773030037985,-0.3009296829385629,0.14968321852145128,0.4561179259663972,0,baseline,1.0,-0.6326161643081674,0.4561179259663972,-0.6768551828804339,-0.9666685507191035
2026-09-06 13:54:00,Makan,60,1.0,1.0,1,104.83333333333333,0.0,3.508726491014545,574.1166666666667,19.341789013943025,13.576525103954438,1.2330095631011357,0.9701456176190782,0.05469999999999999,-0.6744907594765952,0.0,0.3976794421787023,0.17468723387430643,-0.19023597251870722,-0.2768679423301165,0.3550699310839546,1.610863637231881,-0.30163565720405455,0.1813876134202112,-0.3104437274485254,0.15882822406922248,0.4954666978438807,0,baseline,1.0,0.047128754843848764,0.4954666978438807,0.03934877187748348,0.7162039547579173
2026-09-06 13:55:00,Makan,60,1.0,1.0,1,102.55,-6.0,1.5509737031656161,588.25,34.40468287006625,23.109906893152328,1.2670660307203387,0.9733038657325405,-0.0041,-1.074513417694315,-1.3489815189531904,0.00028423983199758773,2.043175438052119,1.2519043941869228,-0.03676388595054249,1.2053707846017643,3.1830678031898976,-0.7597545267204387,0.9290803107588175,-0.7334769820617649,0.4832565551411885,1.4872600801518414,0,baseline,1.0,0.8503008535178096,1.4872600801518414,0.9917933823079608,0.9524446104304773
2026-09-06 13:56:00,Makan,60,1.0,1.0,1,100.86666666666666,5.0,-0.1666835118146317,595.9166666666666,35.5204842627446,16.1266176432062,1.4410473823104624,0.977147553599384,0.0202,-1.3694206328767224,1.1241512657943253,-0.34837507034543497,0.6744907594765952,1.3587326202222323,1.1898350883845161,1.0783624764119537,2.4857933913086825,-0.4367375130820891,0.7550233194552859,-0.3948234445018287,0.44316367196301076,1.0550258104569927,0,baseline,1.0,-0.12700830818981057,1.0550258104569927,-0.4322342696948487,-1.4240276520028095
2026-09-06 13:57:00,Makan,60,1.0,1.0,1,104.95,7.0,5.4677832257439904,571.7166666666667,30.730701077270673,17.15729819511021,1.4141468818635552,0.9781838944354958,0.018466666666666673,-0.6540516455530607,1.5738117721120555,0.7953393266842825,0.876498241825643,0.9001527652807567,1.000181852818152,1.009630262450282,1.8866646042818187,0.2276560752021345,0.6847071412052517,-0.0512966514815436,0.40762763712708217,0.8303269204337141,0,baseline,1.0,-0.06873221396167173,0.8303269204337141,-0.22469889002327859,0.2075353796715701
2026-09-06 13:58:00,Makan,61,1.0,1.0,1,116.08196721311475,-3.0,17.928018454118103,520.7049180327868,40.33499070794286,14.317821063276353,1.6529066691263712,0.9895504372112798,0.02929508196721311,1.2961844635488373,-0.6744907594765952,3.3245849651532016,0.3199769942578789,1.8196795110855937,2.683480134457963,1.9917572463629931,3.4862670062671035,0.7654483093134602,0.3554518701430579,0.6423674948063036,0.5499637260105668,1.1947188977036332,9,tau_in,0.0,0.9821269839127111,1.5579965483049647,0.7276696278712506,0.9523685178945291
2026-09-06 13:59:00,Makan,59,0.9833333333333333,1.0,1,97.62711864406779,-19.0,-17.54293873094527,623.3220338983051,34.355866174781866,19.47721923082238,1.4925669381077162,0.977743235000216,0.009033898305084742,-1.9369648422594776,-4.271774810018436,-3.8755009167203,1.3311894716223756,1.2472306224992755,1.5530569723481806,2.6695516408058335,3.2665758089141814,-0.9942931428267306,0.8919439107975683,-0.6211153795625329,0.6920135933095841,1.627528777605935,9,rising,0.0,0.6777943944428404,1.9101963045549715,0.35219975625000677,-0.3754698716212438
2026-09-06 14:00:00,Makan,23,0.38333333333333336,1.0,0,95.17391304347827,-1.0,-13.176944849472502,631.3478260869565,28.87371987819968,17.077364071669948,,0.9756593841836158,0.06017391304347826,-2.366747831530611,-0.22483025315886507,-2.9892679700780964,0.8608316116557846,0.7223630541552909,,1.780483439033321,3.0016923926507015,-0.9485936338251814,0.8101267547021713,-0.7475137228000872,0.4445630312741511,1.5207065119108425,9,rising,0.0,-0.8890682017725124,1.8200407400297505,-0.090155564525221,-0.44235532077522777
2026-09-06 14:09:00,Berbaring,33,0.55,1.0,0,90.84848484848484,0.0,0.1008791475914197,683.3939393939394,109.56332055994476,163.28732345163846,0.34744015941707235,0.9519797226182898,-0.09751515151515151,1.8981056341166278,0.0,-0.03617025509924715,4.358507403419405,1.9345053706645807,-2.338456341975103,2.3025851111209286,5.800734659599526,0.7773079273493557,0.986645754229936,-0.5247171682705887,0.7166725184775917,1.5383839129680958,9,rising,0.0,0.5221016720876075,1.8348365223308125,0.014795782301062044,0.10495134682628304
2026-09-06 14:10:00,Berbaring,59,0.9833333333333333,1.0,1,90.96610169491525,1.0,-7.098396384867596,662.6949152542373,38.700554320759714,34.92380869540296,1.2250364644979377,0.9796504446698878,-0.02986440677966101,1.9098875365041657,0.22483025315886507,-1.3113538684314572,-0.4073523033198821,-0.5051599540012814,0.6125843085837315,1.0176975669249007,2.5432730653505384,0.7264571184405242,-0.6244773200942217,0.6990963218208184,0.37752823830010085,1.2445782844571673,9,rising,0.0,-1.284887544196028,1.5965510033012869,-0.23828551902952566,-0.2530813013305877
2026-09-06 14:11:00,Berbaring,60,1.0,1.0,1,94.25,10.0,-2.8063497205799406,637.5333333333333,42.54308550509454,23.057040543922106,1.422835019175542,0.9828525390737167,-0.01193333333333334,2.2388418526190934,2.2483025315886507,-0.55111798785149,-0.8479397419683113,-0.3728691814716438,1.277709688095908,1.4641028783681305,3.5831430453014432,0.9491551350505817,-0.7646647776651004,0.8330872735218553,0.5472416576777153,1.5745207301894877,9,rising,0.0,0.4464053114432298,1.865238732655002,0.2686877293537151,0.5069732483832408
2026-09-06 14:12:00,Berbaring,61,1.0,1.0,1,91.60655737704919,-1.0,3.2696867091247848,655.639344262295,22.59132044752678,21.40288142595135,1.0919012750739892,0.98001562347464,-0.012065573770491804,1.9740431958289602,-0.22483025315886507,0.5251100373485055,-0.9093550927698465,-1.0597691144001984,0.16489856317289536,1.0165599285316602,1.9626566165037322,0.799433692213704,-0.8210060568274833,0.7278884144663144,0.41973550580277685,1.4209660841623368,9,rising,0.0,-0.44754294983647025,1.7375685921251125,-0.12767014052988945,-0.39635786988360455
2026-09-06 14:13:00,Berbaring,60,1.0,1.0,1,88.66666666666667,-7.0,-9.16662862764206,686.75,51.81800779848054,42.52596415272256,1.3149796580386748,0.9805835193770508,-0.01538333333333333,1.6795487723600362,-1.5738117721120555,-1.6776929330582127,-0.12510071144651708,-0.053551893860145854,0.9150309105613214,1.222580652488223,1.9840215572961746,0.19733145129831084,-0.3953312097659295,0.4691427880990916,0.4257483825583276,0.7723879258267262,9,rising,0.0,0.2060207239565628,1.263559697031728,-0.4740088950933845,-0.34633875456349505
2026-09-06 14:14:00,Berbaring,59,0.9833333333333333,1.0,1,88.88135593220339,6.0,4.0635054496620855,671.3389830508474,42.16822229311756,42.025238722167565,1.1139232629838827,0.9809763055757619,0.0666271186440678,1.7010546029189473,1.3489815189531904,0.6657164977243074,-0.14369156382504158,-0.38577498275896904,0.23895058589901966,0.9471961554389501,1.9352316035607855,0.8937242885887545,-0.4743628458172615,0.6641698273420921,0.3916385971769979,1.2721106728015914,9,rising,0.0,-0.2753844970492729,1.6181055478106852,0.3545458507789572,0.8285547458723417
2026-09-06 14:15:00,Berbaring,60,1.0,1.0,1,96.63333333333334,4.0,13.900870670667725,621.2833333333333,36.008516726410136,20.499689952182038,1.3768968821631764,0.9827624637626301,0.020366666666666658,2.477584868968483,0.8993210126354603,2.4081761204505194,-0.9428886389685613,-0.597841500604522,1.1232362599951136,1.5945025574833795,3.1454488473494533,0.9635793655662179,-0.82219865262272,0.8357246078103582,0.4972085204370472,1.5969182042342012,9,rising,0.0,0.6473064020444295,1.884183576781887,0.2660780289712019,-0.08846782180775525
2026-09-06 14:16:00,Berbaring,61,1.0,1.0,1,96.59016393442623,-2.0,-4.303618189252445,624.6229508196722,22.61648656358618,18.345299125389044,0.9875531186305296,0.9834691909160894,0.024901639344262292,2.4732605084751653,-0.44966050631773014,-0.8163241474715599,-1.0228765113283955,-1.0589026946431797,-0.18598674672724988,1.2374530005605628,2.3794167273092937,0.8015549168974268,-0.8672704898222618,0.7067481180822861,0.4793819590686076,1.4573772169250814,9,rising,0.0,-0.3570495569228167,1.7674694770808055,-0.1167140997010816,-0.3827921286722835
2026-09-06 14:17:00,Berbaring,59,0.9833333333333333,1.0,1,93.96610169491525,8.0,9.241465750671045,635.5593220338983,24.83759052284889,19.02267249798296,0.7754840826278563,0.9840483500604358,0.019983050847457627,2.2104032214194804,1.7986420252709205,1.5828712998375756,-0.9977271028769834,-0.982434464577178,-0.8990986209973314,1.494182734667207,2.8918205907012338,0.9635114126007654,-0.8444369666348238,0.6720936541784959,0.5218844291137197,1.5380186182779785,9,rising,0.0,0.2567297341066441,1.8345302587228431,0.06706078164203766,0.18377488134311926
2026-09-06 14:18:00,Berbaring,60,1.0,1.0,1,95.55,-4.0,1.6430952166471362,630.1666666666666,19.970458408347767,19.90145212315346,0.7470992243508805,0.9828974326991088,0.004166666666666661,2.3690653160823962,-0.8993210126354603,0.23699732275087332,-0.9650999158242067,-1.1500002269725775,-0.9945466876661951,1.2728221903924108,3.0839160636251863,0.7889857472710534,-0.859680256651492,0.6093312325377049,0.5009935842840441,1.408484212021182,9,rising,0.0,-0.22136054427479612,1.7273759797776886,-0.1071542789451545,-0.17421506058719216
2026-09-06 14:19:00,Berbaring,60,1.0,1.0,1,98.75,6.0,10.829332812177238,607.4166666666666,27.36092206957169,21.949865834885905,0.7831634639368369,0.9828389234463034,0.01608333333333333,2.6896153799920657,1.3489815189531904,1.8641248854037138,-0.8890467445627546,-0.8955611345635529,-0.8732756243840363,1.575001999736839,3.356026610291003,0.9739353195531577,-0.8485047586246299,0.6792320354473274,0.5301189267273626,1.5527049193372973,9,rising,0.0,0.3021798093444281,1.8468601913881417,0.11948421161045308,0.22663849055560759
2026-09-06 14:20:00,Berbaring,60,1.0,1.0,1,100.1,0.0,-6.177826503791393,599.4666666666667,21.990341999226338,20.628678408501013,1.0920566822470203,0.978600156011133,0.006533333333333343,2.8248474382039563,0.0,-1.148296402165182,-0.9380995765330826,-1.0804596174528343,0.16542114158662424,1.3767797954450725,2.867560986995816,0.881269208106074,-0.8742983388277564,0.7610250836078232,0.507880067669052,1.5421200807488036,9,rising,0.0,-0.1982222042917665,1.8379701693576793,-0.008890022030462408,-0.1283742336409155
2026-09-06 14:21:00,Berbaring,60,1.0,1.0,1,97.81666666666666,-5.0,-10.892707880571031,618.6,40.27035752157229,29.801035131606657,0.9741466788539405,0.9755977207012936,0.020550000000000002,2.596121611351745,-1.1241512657943253,-1.9834275821522611,-0.5975498073443661,-0.4511147249081196,-0.23106778060459518,1.4463466072301319,2.9003041802686016,0.6601657532001866,-0.7445690661320893,0.6208521853761138,0.4812907100556375,1.2677933978418319,9,rising,0.0,0.06956681178505941,1.6147136277406398,-0.22325654161703956,-0.21436651958657715
2026-09-06 14:22:00,Berbaring,60,1.0,1.0,1,101.7,1.0,-2.140462038387219,590.7,20.6515071063279,21.377161898798857,1.1361423831389734,0.9790874024028285,0.01651666666666667,2.985122470158792,0.22483025315886507,-0.433171528263508,-0.9103100031925255,-1.126553063094403,0.3136654934455847,1.3750948164362322,2.7771299386208805,0.9280700036685833,-0.8808018810107832,0.7847484221137574,0.5261745268984377,1.590539406638001,9,rising,0.0,-0.07125179079389965,1.8787803501389844,0.2640667223983446,0.48732326401538417
2026-09-06 14:23:00,Berbaring,60,1.0,1.0,1,99.33333333333333,-5.0,-4.203793058531038,606.6666666666666,20.246503499488558,16.907525152418405,1.0722226723509056,0.9820144347138176,0.032216666666666664,2.748048985392265,-1.1241512657943253,-0.7986424557067769,-1.0762579496459093,-1.1404965387503698,0.09872650177541005,1.4096175319207567,2.506334331674235,0.7835053922896391,-0.8909833466238336,0.735550175783767,0.5281727965082347,1.4925590734623564,9,rising,0.0,0.03452271548452446,1.7965891538620642,-0.08219119627692018,-0.3462579186752648
2026-09-06 14:24:00,Berbaring,61,1.0,1.0,1,100.57377049180327,6.0,5.077949839156652,595.7540983606557,14.810644525368593,13.597793938724031,0.9716716619635131,0.9829447969084579,-0.011508196721311474,2.872305926149599,1.3489815189531904,0.8454016419152564,-1.199141112057268,-1.3276424455891138,-0.2393903719967706,1.5298408429302326,2.8241253186544446,0.9711011528392094,-0.9163710476027388,0.7574610769491518,0.5579473767544645,1.6333480658605317,9,rising,0.0,0.12022331100947592,1.9151568876335798,0.11856773377151564,0.2007589300484358
2026-09-06 14:25:00,Berbaring,59,0.9833333333333333,1.0,1,110.96610169491525,15.0,18.595482594288303,541.1694915254237,42.93264674619476,31.183550040100442,1.2809282724054414,0.9838424802850483,0.04096610169491527,3.9133254359395964,3.372453797382976,3.239717039944983,-0.546220018588821,-0.3594573560210523,0.8005283509792507,2.5249336170214765,4.2130983769219315,0.9986498957529292,-0.8252157102524371,0.8220902980036379,0.6921210655898277,1.683195357122779,9,rising,0.0,0.9950927740912439,1.9578423353885468,0.042685447754966965,-0.07588228601654867
2026-09-06 14:26:00,Berbaring,26,0.43333333333333335,1.0,0,119.8076923076923,-5.0,-1.1419656786272656,503.0,21.32791597882925,16.522711641858304,1.4679275324587575,1.023922584990743,0.01984615384615384,4.799004322186101,-1.1241512657943253,-0.2563112052772515,-1.0905452431036335,-1.1032656392593259,1.4293395878165682,2.191245826846166,4.441669395020476,0.9786162268435138,-0.9503533205426502,0.8732961506632824,0.69845184413311,1.7638997416645101,9,rising,0.0,-0.33368779017531036,2.027644519792393,0.06980218440384633,0.02711673664887937
2026-09-06 15:00:00,Berbaring,41,0.6833333333333333,1.0,1,95.92682926829268,-3.0,-13.254955501618166,628.7073170731708,27.117562484890694,20.518893732362862,1.162601899659541,0.9772156612889789,-0.018829268292682926,2.4068130179681004,-0.6744907594765952,-2.4018446080614515,-0.9421756441401268,-0.9039395252429024,0.4026393284472411,1.5211543997829176,3.0868296629851035,0.6417380965187723,-0.8412819815725319,0.7144371130220296,0.47110727238699457,1.3608620825055378,9,rising,0.0,-0.6700914270632485,1.6887704425413508,-0.33887407725104235,-0.4086762616548887
2026-09-06 15:01:00,Berbaring,60,1.0,1.0,1,97.51666666666667,4.0,2.4050367957923786,646.6333333333333,174.87922870589395,237.31717316276567,0.5649618641238544,0.9801597923235988,0.0968,2.566070042860214,0.8993210126354603,0.3719574880705373,7.107075627842284,4.1832033076725414,-1.6070091045013537,3.608416972318715,8.53271530984118,0.9398693903374854,0.9997225717926451,-0.3402021066053616,0.8611915774965082,1.6553513518086447,9,peak,0.0,2.0872625725357974,1.9339565915331987,0.24518614899184787,0.5840602262428902
2026-09-06 15:02:00,Berbaring,60,1.0,1.0,1,94.35,-7.0,-10.423933339729711,641.2166666666667,39.61128569993986,40.52369049735505,1.1082041579444797,0.974803545424489,0.026450000000000005,2.24885904211627,-1.5738117721120555,-1.9003951144917266,-0.19944080219662685,-0.47380526826446795,0.2197192931527051,1.3819247875174043,2.405737757435688,0.44597902446868865,-0.5901626244162953,0.5468117419655096,0.4654715392860269,1.0309491008583453,9,falling,0.8535798564529743,-2.2264921848013106,1.0412948223231318,-0.8926617692100669,-1.1378479182019148
2026-09-06 15:03:00,Berbaring,59,0.9833333333333333,1.0,1,96.0,3.0,-1.3356262311749085,624.9322033898305,20.19462578456479,17.383603054959973,1.169243922229846,0.9769902995246749,-0.012677966101694915,2.414142668819694,0.6744907594765952,-0.29061365168928166,-1.0585822066803123,-1.1422825861902228,0.4249740608218187,1.222939604121175,2.3717041372720944,0.9026849176125644,-0.8741994048509111,0.7865353804453963,0.48658562391594784,1.5602782232733192,9,falling,0.914530687966274,-0.15898518339622925,1.5626173995321004,0.5213225772089687,1.4139843464190356
2026-09-06 15:04:00,Berbaring,61,1.0,1.0,1,94.95081967213115,-5.0,-7.143194322789112,635.9672131147541,24.790433109780306,22.57505998515471,0.9895097503826933,0.9747075557389973,0.01432786885245902,2.309044287209966,-1.1241512657943253,-1.319288777449876,-0.8658346377946166,-0.9840580013309654,-0.1794072980611835,1.2965435598528368,2.2937003663106426,0.6260148472805235,-0.8287188902240865,0.643557133781035,0.4758478280375935,1.3112080414329583,9,plateau_persistent,0.8863128238315254,0.07360395573166167,1.3161273881899185,-0.24649001134218196,-0.7678125885511506
2026-09-06 15:05:00,Berbaring,59,0.9833333333333333,1.0,1,91.10169491525424,1.0,-2.4879871863321226,662.3559322033898,38.999453007598404,34.08508623207921,1.3315440264809366,0.9738412212495913,0.0516949152542373,1.923470166330847,0.22483025315886507,-0.49472749620530254,-0.43849225458004026,-0.49486946153860817,0.970730922447133,0.9464434464604075,2.1332701559792437,0.7822524860077525,-0.6348995960821925,0.7502732023122163,0.397367202842674,1.3175078826988016,9,falling,1.0,-0.3501001133924293,1.3175078826988016,0.0013804945088831122,0.24787050585106507
2026-09-06 15:06:00,Berbaring,61,1.0,1.0,1,90.45901639344262,0.0,2.4906643508466804,664.7049180327868,27.46958576455973,32.32852197879348,0.9031449472195464,0.9732950265534818,-0.046606557377049176,1.8590918409433204,0.0,0.38712441070916165,-0.5037096865966904,-0.8918200577924658,-0.4698210605581373,0.9014697328275648,2.0100846697835966,0.7934100716086064,-0.7022944588146409,0.6222530048473298,0.3849846499620414,1.2876835913218938,9,tau_out,1.0,-0.04497371363284264,1.2876835913218938,-0.029824291376907786,-0.031204785885790898
2026-09-06 15:07:00,Berbaring,59,0.9833333333333333,1.0,1,92.77966101694915,1.0,-5.261059452811802,647.3220338983051,26.41801937155911,18.677849687946342,1.1964215266027824,0.9751601795295648,0.008728813559322028,2.0915552104360224,0.22483025315886507,-0.9859125184839355,-1.0105296281072946,-0.9280234153770154,0.5163625669322115,1.121472486245977,2.266006581884854,0.789430161057764,-0.8355082654190786,0.7603265620567704,0.43635546343010423,1.4456059671313113,0,baseline,1.0,0.22000275341841224,1.4456059671313113,0.15792237580941748,0.18774666718632527
2026-09-06 15:08:00,Berbaring,61,1.0,1.0,1,100.75409836065573,-2.0,2.904171794027433,601.4918032786885,44.523260943324026,23.01847084408519,1.1559178501073188,0.9833571069589414,0.007377049180327875,2.890369710488771,-0.44966050631773014,0.4603676020771811,-0.8493717515132577,-0.3046956453568184,0.38016327445207315,1.2732612907481182,2.9063045021187905,0.9093680375266487,-0.8080561357698555,0.7701172968824826,0.49830081803657744,1.5235777966496766,0,baseline,1.0,0.15178880450214116,1.5235777966496766,0.07797182951836534,-0.07995054629105214
2026-09-06 15:09:00,Berbaring,57,0.95,1.0,1,94.87719298245614,38.0,30.713561240661132,628.1754385964912,78.48979069348935,47.37615433949868,0.642473200826038,0.9533670529547964,-0.011982456140350877,2.301668962184722,8.543549620036872,5.386151809006737,0.0549763612721213,0.8647050036526575,-1.346366364595766,4.279096301840275,6.5171362575753955,0.999812317309636,-0.21071604391419116,0.37696511481301404,0.8660968765975144,1.3914928740187176,10,tau_in,0.0,3.0058350110921563,1.7135496545022764,0.18997185785259973,0.11200002833423439
2026-09-06 16:38:00,Lainnya,45,0.75,1.0,1,115.46666666666667,2.0,11.413445741714062,519.7777777777778,15.416769041429129,7.847987582234639,1.2544759059688857,0.9337737709443104,-0.023133333333333332,3.8254294951011705,0.3372453797382976,1.5053753524296603,-1.8383849144599251,-1.267341815428867,0.07217100623280683,1.915064108797952,4.225497983049736,0.984647713434712,-0.9700435453932711,0.7967008364464138,0.6297012715068305,1.7151593260286604,10,falling,0.7209401540648851,-2.3640321930423225,1.737712839129762,0.02416318462748568,-0.16580867322511406
2026-09-06 16:39:00,Lainnya,60,1.0,1.0,1,109.9,-6.0,-5.790657399496659,548.3333333333334,21.05977502951504,15.892115090002912,1.2372316379640056,0.9916883968860872,0.02223333333333333,3.221461898143576,-1.011736139214893,-0.749758668262072,-1.2142172360511236,-1.0014812081923083,0.010928235898076876,1.5513957355794268,3.1953215371027244,0.8754198797287204,-0.9158216673896422,0.7562380075573906,0.565270656914764,1.5800367501826698,10,falling,0.8318452144055739,-0.3636683732185253,1.5889594594721792,-0.14875337965758284,-0.17291656428506852
2026-09-06 16:40:00,Lainnya,60,1.0,1.0,1,113.86666666666666,2.0,-5.744489899499861,526.75,14.288344188919055,7.646867088630902,1.476329094780807,0.9730698046803821,-0.004733333333333332,3.651834018131322,0.3372453797382976,-0.7437069782065951,-1.8539904492369221,-1.3205056286770807,0.8600794223274129,1.822245799625186,3.7518088922871553,0.9638949606137671,-0.9692759631649936,0.844098264752166,0.6262370813472714,1.724315560005769,10,falling,0.7492462178790753,0.2708500640457592,1.7424527568132102,0.153493297341031,0.30224667699861385
2026-09-06 16:41:00,Lainnya,60,1.0,1.0,1,93.26666666666667,-18.0,-11.76711587900163,651.8166666666667,53.78314639511333,37.92834457281122,1.5980285295973835,0.9764656494640088,-0.007166666666666666,1.4167922521445357,-3.0352084176446783,-1.5331598563250937,0.4956390763811954,0.540224648660119,1.292293218484419,1.621619154678509,3.4003099443106093,-0.3463592685707377,0.12366298237917116,-5.359432551475033e-05,0.5592903694715616,0.6693750790041076,10,falling,0.8104297350676625,-0.20062664494667692,0.6957010002423971,-1.046751756570813,-1.200245053911844
2026-09-06 16:42:00,Lainnya,60,1.0,1.0,1,92.05,-4.0,-2.501388372974021,654.95,23.781081357004663,17.308761375066183,1.0186414035893925,0.9813022193415887,0.042466666666666666,1.284787358198714,-0.6744907594765952,-0.3185974258518059,-1.1042954549728785,-0.873271499708819,-0.7653918443413801,0.8920964913830498,2.040012161084489,0.4272242240206768,-0.7941752587857639,0.4766893587745601,0.3833169432161344,1.0896786237157114,10,falling,1.0,-0.7295226632954592,1.0896786237157114,0.39397762347331433,1.4407293800441274
2026-09-06 16:43:00,Lainnya,60,1.0,1.0,1,91.16666666666667,-1.0,-0.8935815504305876,662.15,18.302380136038806,24.087763262350677,0.9276794206415642,0.9812179538388611,-0.0149,1.1889481886216113,-0.1686226898691488,-0.10784422154598658,-0.5782926205039928,-1.131391167940417,-1.0884420213212873,0.8419061850435102,2.05984488658196,0.5278485794100699,-0.6851190180957066,0.4214416798194712,0.36903194380703863,1.0304415833906904,10,tau_out,1.0,-0.05019030633953958,1.0304415833906904,-0.059237040325021084,-0.4532146637983354
2026-09-06 16:44:00,Lainnya,60,1.0,1.0,1,86.33333333333333,-1.0,-12.908081593609507,700.4833333333333,68.26828721703819,36.62105534955614,1.388756325601914,0.9776411810072465,0.012566666666666667,0.664545185275196,-0.1686226898691488,-1.6827189805837504,0.39420263362217844,1.2226673649986606,0.549065989406892,0.9357155679780375,3.195726184392368,0.06242392434752834,0.3709888248566595,-0.05982596842629653,0.2938888770896305,0.4811229292754808,0,baseline,1.0,0.09380938293452723,0.4811229292754808,-0.5493186541152095,-0.49008161379018844
2026-09-06 16:45:00,Lainnya,60,1.0,1.0,1,89.35,1.0,1.5915231278266726,672.3166666666667,19.44526578841032,20.62744592584668,0.9050157386627575,0.9748122803338117,-0.007616666666666671,0.9918449908120959,0.1686226898691488,0.21790621478415367,-0.8467888914044323,-1.0775460587587227,-1.1689317626066011,0.8469781202174282,2.0526644060656967,0.5572167392239965,-0.73221662597325,0.4425536790011538,0.36956364123814756,1.0858465478812962,0,baseline,1.0,-0.08873744776060921,1.0858465478812962,0.6047236186058154,1.1540422727210249
2026-09-06 16:46:00,Lainnya,60,1.0,1.0,1,87.45,1.0,0.8852459016394213,688.2666666666667,28.535952147628638,20.97052006661749,1.4991430356204565,0.9733796804043425,0.02036666666666666,0.7857003619104029,0.1686226898691488,0.12532656749063184,-0.8201687527057084,-0.6492538682557192,0.9411028058005395,0.6634941946755989,1.4109337142230578,0.4633124961931017,-0.647247033003871,0.6634931870293683,0.30394640458553235,1.0799045406682284,0,baseline,1.0,-0.18348392554182935,1.0799045406682284,-0.0059420072130678125,-0.6106656258188832
2026-09-06 16:47:00,Lainnya,60,1.0,1.0,1,89.18333333333334,-2.0,-1.9216982683110173,673.6333333333333,27.82388113800663,20.533560788233196,1.47996465289476,0.9737301579099026,3.333333333332937e-05,0.9737621286277378,-0.3372453797382976,-0.24261096693826723,-0.8540737173006787,-0.6828018799738266,0.8729910547926694,0.7163077683755288,1.393671812585433,0.37823973773061587,-0.6832547910963591,0.6401454853384332,0.32197371526751606,1.0598847694334512,0,baseline,1.0,0.052813573699929894,1.0598847694334512,-0.02001977123477716,-0.01407776402170935
2026-09-06 16:48:00,Lainnya,60,1.0,1.0,1,86.81666666666666,0.0,1.2782397875631129,690.0,23.454969478137013,23.00589460205097,1.0349895420743125,0.9746238909082046,-0.029433333333333336,0.7169854856098375,0.0,0.17684066705141796,-0.6622380141331214,-0.8886357049437343,-0.7073316651358043,0.6156150712994258,1.3964707425951044,0.3976615219172022,-0.6229349789551663,0.3968139510636675,0.2845614645992275,0.8857873406822853,0,baseline,1.0,-0.10069269707610295,0.8857873406822853,-0.17409742875116596,-0.1540776575163888
2026-09-06 16:49:00,Lainnya,60,1.0,1.0,1,89.46666666666667,-1.0,-2.8841344818004195,669.5333333333333,22.9121140829783,19.482717243404235,1.1756545390256672,0.9744284321483057,-0.003316666666666663,1.004502994341148,-0.1686226898691488,-0.3687682347697213,-0.9356117803303059,-0.9142114114560522,-0.20776194724523608,0.698542151341714,1.2248810264291026,0.41907926212944274,-0.7370728851560785,0.5330035659121041,0.3117587853714405,1.0488995221233341,0,baseline,1.0,0.08292708004228821,1.0488995221233341,0.1631121814410489,0.33720961019221485
2026-09-06 16:50:00,Lainnya,60,1.0,1.0,1,88.36666666666666,0.0,-3.2909141428173743,678.5333333333333,19.735940429398553,19.507495300047005,0.9409030719910326,0.9730895468033984,0.006983333333333332,0.885156103924377,0.0,-0.42208938990087036,-0.9336891775277939,-1.063851418575005,-1.0414784133355584,0.8215730225064195,1.9682716231576523,0.3998937501480365,-0.7427219822426322,0.3970508698317931,0.3559538425576889,0.9979496408034088,0,baseline,1.0,0.12303087116470546,0.9979496408034088,-0.050949881319925394,-0.21406206276097428
2026-09-06 16:51:00,Lainnya,60,1.0,1.0,1,87.45,4.0,0.06027723073529148,684.25,32.13774643254738,18.62202086286419,1.4709383253420625,0.9729217668589344,-0.011166666666666665,0.7857003619104029,0.6744907594765952,0.017188706394908358,-1.0023957617052583,-0.4795614706663151,0.8409341820324302,0.7088141576717929,1.492852214826813,0.562894916955578,-0.6795880219093567,0.6918796370129991,0.3217331452405169,1.1665762795105576,0,baseline,1.0,-0.1127588648346266,1.1665762795105576,0.1686266387071489,0.21957652002707428
2026-09-06 16:52:00,Lainnya,60,1.0,1.0,1,92.23333333333333,13.0,8.420757073084197,648.1666666666666,34.66408617079783,37.67793941611016,0.8066984523303171,0.9861339917272328,0.030549999999999997,1.3046785066015094,2.1920949682989344,1.1130902112298553,0.4762093986232589,-0.3605372806663085,-1.5181041939958333,1.3170572652622397,3.1995368680881646,0.9124834841339831,-0.08891938248987416,0.2422384505695355,0.4919038259013039,1.0682610197280171,0,baseline,1.0,0.6082431075904468,1.0682610197280171,-0.09831525978254052,-0.2669418984896894
2026-09-06 16:53:00,Lainnya,60,1.0,1.0,1,100.05,-9.0,-16.847382569221875,605.7,38.475746267583396,14.460349059246607,1.471295958267259,0.9791813228406823,0.003566666666666667,2.1527647430479515,-1.5176042088223392,-2.1990871733881563,-1.3253122029793247,-0.18095741311871064,0.842204310233624,1.5422931568830942,2.9063233144512153,0.37898704500516,-0.8350868363321886,0.6837812306136861,0.4968555077687937,1.2471661362612438,0,baseline,1.0,0.22523589162085456,1.2471661362612438,0.17890511653322672,0.27722037631576724
2026-09-06 16:54:00,Lainnya,60,1.0,1.0,1,95.88333333333334,0.0,4.729194678235201,625.5,22.25773527700015,15.283756748227285,1.1038902855054702,0.9750367319478018,-0.00416666666666667,1.7006931884389747,0.0,0.6291958821968828,-1.2614215616240372,-0.9450413533500348,-0.46263166368300945,0.9988794014035628,2.260126314929424,0.7738123213253413,-0.8538466571984106,0.6655357740640974,0.4106348946969647,1.3926228871972837,0,baseline,1.0,-0.5434137554795314,1.3926228871972837,0.14545675093603982,-0.03344836559718689
2026-09-06 16:55:00,Lainnya,60,1.0,1.0,1,92.01666666666667,-9.0,-1.7165874761709345,658.7666666666667,40.498741000170234,26.517343221473446,1.4084413054024354,0.9750539495259606,0.008433333333333336,1.2811707857618422,-1.5176042088223392,-0.21572480370328098,-0.38977431555050374,-0.08564746498514016,0.6189769126554728,0.8692381943958608,2.285139709141969,0.21366062047503312,-0.4558197122791814,0.45580994293473065,0.3772757057516466,0.7768668695938946,0,baseline,1.0,-0.129641207007702,0.7768668695938946,-0.615756017603389,-0.7612127685394289
2026-09-06 16:56:00,Lainnya,60,1.0,1.0,1,93.26666666666667,4.0,1.8993860811156362,641.4833333333333,22.82541823306036,19.589862476914092,1.459541814796487,0.9750409346908866,0.0025000000000000014,1.4167922521445357,0.6744907594765952,0.2582612518339788,-0.9272980643197338,-0.918295938630529,0.8004596383891458,0.9011864132206948,1.8538568957803172,0.7699977185916718,-0.7710638894168923,0.7647990020792647,0.38750242977178084,1.3865466652296843,0,baseline,1.0,0.03194821882483401,1.3865466652296843,0.6096797956357897,1.2254358132391787
2026-09-06 16:57:00,Lainnya,60,1.0,1.0,1,91.58333333333333,-3.0,-9.658160202198427,660.5,40.642926292617254,31.17446804080414,1.094439669482637,0.9706445168978904,0.005333333333333332,1.2341553440825082,-0.5058680696074465,-1.2567154723398928,-0.028414207355487806,-0.07885442073080508,-0.4961953908556731,0.7758448028170221,2.1660274396053554,0.32615341486288074,-0.27491457326267504,0.22730739317201573,0.27295673189311564,0.555092876098536,0,baseline,1.0,-0.12534161040367275,0.555092876098536,-0.8314537891311483,-1.441133584766938
2026-09-06 16:58:00,Lainnya,40,0.6666666666666666,1.0,1,92.05,5.0,8.093808630394019,651.3,31.875720203025036,23.888093805095156,1.3557285883751913,0.9701448865994438,-0.010600000000000007,1.284787358198714,0.8431134493457441,1.0702334258414534,-0.5937855650730551,-0.49190638978208334,0.4317684546504405,0.8453693100328048,1.6104207265794042,0.8076044258439844,-0.6084875402149998,0.6989293402347407,0.3272555300804467,1.2720378924579634,0,baseline,1.0,0.06952450721578274,1.2720378924579634,0.7169450163594274,1.5483988054905757
2026-09-06 17:00:00,Berbaring,12,0.2,1.0,0,88.75,5.0,25.924198250729116,658.5833333333334,17.026494505667195,25.81578093830488,,0.9772661340828664,-0.030583333333333334,1.68789643027435,1.1241512657943253,4.537827949817669,-0.7455136771171678,-1.2513550996598108,,2.3163019301498533,4.856368028579362,0.960027623500961,-0.7858362508026482,0.7443772705976384,0.4278296326227199,1.5087502664433723,0,baseline,1.0,1.4709326201170485,1.5087502664433723,0.2367123739854089,-0.4802326423740185
2026-09-06 17:01:00,Berbaring,60,1.0,1.0,1,83.65,-3.0,-15.460360717883553,732.0666666666667,107.56611946378457,72.01741785551792,1.2198772462449003,0.9703295867883159,0.1616666666666667,1.1770197659183157,-0.6744907594765952,-2.7924806630171672,0.9698531869585746,1.8657456747159302,0.595235713675489,1.5499564106298922,3.408391875182199,0.026135590714616363,0.6436916345070512,-0.21709813129952923,0.4373866358780769,0.808369134303661,0,baseline,1.0,-0.7663455195199611,0.808369134303661,-0.7003811321397113,-0.9370935061251202
2026-09-06 17:02:00,Berbaring,59,0.9833333333333333,1.0,1,88.52542372881356,-7.0,-7.64359708408346,686.1016949152543,41.667689837427716,31.396244009929507,1.0806809491558445,0.9831892627587705,0.0048135593220338955,1.6654001996239103,-1.5738117721120555,-1.4079234460900396,-0.538323151456445,-0.40300732833089664,0.12716864372671804,1.1329216165167533,1.7213260530992371,0.22853014053750798,-0.6230100439281717,0.45721207136700454,0.4141751993603031,0.906063747171428,0,baseline,1.0,-0.41703479411313893,0.906063747171428,0.09769461286776704,0.7980757450074784
2026-09-06 17:03:00,Berbaring,61,1.0,1.0,1,85.75409836065573,19.0,11.374466574974399,690.7213114754098,51.38745993188772,36.559768416480246,0.9143266259792294,0.9894927295127854,0.016147540983606552,1.3877912859121977,4.271774810018436,1.9606826068381689,-0.3466126567673796,-0.06837480801494955,-0.4322210976021922,2.013700221438735,3.350978661940676,0.981573197362993,-0.45046931747565505,0.6051157056062897,0.6365336487767852,1.392030405905301,0,baseline,1.0,0.8807786049219817,1.392030405905301,0.485966658733873,0.388272045866106
2026-09-06 17:04:00,Berbaring,60,1.0,1.0,1,90.13333333333334,-14.0,5.429586338689788,675.5,78.69949281597388,60.55463984518165,0.9543527870114431,0.9746482400959952,0.02063333333333333,1.826467551651968,-3.147623544224111,0.9076858398227362,0.5442650285905051,0.8719246342694966,-0.2976275178343369,1.5922976274224532,5.347556649895382,0.19393522281044742,0.15087276888322265,-0.03582581474616593,0.5718113939138867,0.6233981249963757,0,baseline,1.0,-0.4214025940162818,0.6233981249963757,-0.7686322809089253,-1.2545989396427983
2026-09-06 17:05:00,Berbaring,60,1.0,1.0,1,86.73333333333333,-2.0,-3.181223380758313,695.2333333333333,28.98004378625242,23.611258446421886,1.1788845640683274,0.9766096833007875,0.03601666666666667,1.485883108747944,-0.44966050631773014,-0.6175181063598102,-0.8273628297881395,-0.8398179662081643,0.45739207101411916,0.8554143996327372,1.3932818087463483,0.5296868906928082,-0.7452479816364959,0.6599316807596515,0.3609167612761087,1.1839482624445123,0,baseline,1.0,-0.7368832277897159,1.1839482624445123,0.5605501374481366,1.329182418357062
2026-09-06 17:06:00,Berbaring,60,1.0,1.0,1,81.0,-13.0,-7.200726067660898,767.5833333333334,103.33166802011476,74.83926278523386,1.2192057569620092,0.9741510137924,-0.014766666666666668,0.9115642442431205,-2.9227932910652457,-1.329479183133912,1.0746221867381358,1.719961860389049,0.5929777367916371,1.6127558780866524,2.996209992153304,-0.5189484253803655,0.6851303984761893,-0.495744251256291,0.5647420840144803,1.1416685662798909,0,baseline,1.0,0.7573414784539152,1.1416685662798909,-0.04227969616462146,-0.6028298336127581
2026-09-06 17:07:00,Berbaring,60,1.0,1.0,1,81.5,13.0,14.453836799716132,728.6666666666666,60.052425307482245,26.855861336691348,1.7550776661650105,0.9723545983716048,-0.015216666666666665,0.9616501917290062,2.9227932910652457,2.5061211627413824,-0.7068977411804446,0.22994286554178334,2.394922182541001,1.9164361626995385,2.957403656946373,0.9448738143115172,-0.4805030081050756,0.8518730758805302,0.5883464391414028,1.4817249865039552,0,baseline,1.0,0.3036802846128861,1.4817249865039552,0.34005642022406435,0.3823361163886858
2026-09-06 17:08:00,Berbaring,60,1.0,1.0,1,84.51666666666667,-12.0,-15.22576315183716,730.05,80.51790515684979,44.32124638766302,1.1776636269898733,0.971367640924496,0.013849999999999998,1.2638354082271837,-2.697963037906381,-2.750927180225573,-0.05844576450169638,0.934528985883508,0.45328649886274053,1.7090988769327884,2.6225360925267047,-0.48302206568648326,-0.05123510357981947,-0.14577947336347322,0.506206806761716,0.716541930276866,0,baseline,1.0,-0.20733728576675015,0.716541930276866,-0.7651830562270893,-1.1052394764511537
2026-09-06 17:09:00,Berbaring,60,1.0,1.0,1,77.63333333333334,13.0,18.480002662121382,768.7333333333333,74.81046484093996,20.357399853948916,1.5245534272808805,0.9737734889429139,0.028966666666666665,0.5743188645048236,2.9227932910652457,3.219262465522316,-0.9481715626024693,0.738033068911733,1.619752100411361,1.9707668808556578,2.9208704771850593,0.9322885763477974,-0.42341840907863937,0.7893064248501406,0.5526255894346632,1.406003134115642,0,baseline,1.0,0.2616680039228694,1.406003134115642,0.6894612038387761,1.4546442600658653
2026-09-06 17:10:00,Berbaring,60,1.0,1.0,1,84.05,-1.0,-2.6412226112665316,716.2166666666667,22.41601399927782,25.82503055932036,0.6512638266777021,0.9840671133906305,0.018933333333333337,1.2170885239070235,-0.22483025315886507,-0.5218695748738229,-0.7451702586918932,-1.0658045697695206,-1.3168066523659796,0.9335772442632047,2.311286345217195,0.4805269244828554,-0.7257613730241101,0.38003215564075093,0.39216263050676203,1.0275464290306948,0,baseline,1.0,-1.0371896365924531,1.0275464290306948,-0.3784567050849472,-1.0679179089237234
2026-09-06 17:11:00,Berbaring,60,1.0,1.0,1,84.86666666666666,1.0,1.1954071549877123,706.8,19.403651587143443,23.59366476300688,0.804644401443615,0.9759887454115442,0.006566666666666668,1.2988955714673032,0.22483025315886507,0.1576998326716787,-0.8280160452056194,-1.169514268278964,-0.8010429595156773,0.8619349940060442,1.7772175581739451,0.6670984754565206,-0.7647536273396617,0.5561972058600403,0.37548657551189357,1.216640450865312,0,baseline,1.0,-0.07164225025716042,1.216640450865312,0.1890940218346171,0.5675507269195643
2026-09-06 17:12:00,Berbaring,60,1.0,1.0,1,87.45,1.0,1.8342192149953025,687.1166666666667,19.013012196081963,21.88490695759004,0.9076742663872143,0.9773651013461342,0.005683333333333333,1.5576729668110472,0.22483025315886507,0.27085047779533217,-0.8914585271980875,-1.1829632123069818,-0.45459058966194144,0.9083874510349275,1.7043529600501406,0.7464088523059129,-0.7996271987251066,0.6407244211169069,0.38972428879897725,1.3262513475344917,0,baseline,1.0,0.04645245702888323,1.3262513475344917,0.10961089666917978,-0.07948312516543732
2026-09-06 17:13:00,Berbaring,60,1.0,1.0,1,91.2,5.0,9.049292006160954,658.35,33.7974149046534,15.344628608038843,1.5470500000725849,0.9780079426714098,-0.0010333333333333282,1.9333175729551906,1.1241512657943253,1.5488322067639624,-1.1342849184524704,-0.6739653767969603,1.6953999813586926,1.4151281928465296,2.40570344108838,0.9264727371397888,-0.8271396785396419,0.8626385609733939,0.5001367457880367,1.592731563021104,0,baseline,1.0,0.5067407418116021,1.592731563021104,0.2664802154866124,0.1568693188174326
2026-09-06 17:14:00,Berbaring,60,1.0,1.0,1,85.26666666666667,-11.0,-4.176301270404049,709.5166666666667,31.085170951875824,28.10332026948936,0.7690657568718229,0.9861945733351816,-0.01846666666666667,1.3389643294560123,-2.4731327847475155,-0.7937729271600951,-0.6605822887333525,-0.7673425884809031,-0.9206811414625219,1.3173283619362837,2.781862271066022,-0.123934938997525,-0.6766716411582864,0.11929812344720675,0.5030960769653285,0.8605707896321474,0,baseline,1.0,-0.09779983091024591,0.8605707896321474,-0.7321607733889567,-0.9986409888755691
2026-09-06 17:15:00,Berbaring,60,1.0,1.0,1,82.28333333333333,-10.0,-13.91412092066049,749.4333333333333,99.66084294154454,48.105639403014706,1.6870966073372418,0.979787750933103,0.014716666666666663,1.0401181761235605,-2.2483025315886507,-2.518600375645044,0.08206056411185603,1.5935825905356318,2.1663263385210203,1.8128829324246871,3.0460382789390104,-0.44641643580336393,0.23124586935612676,0.06047710636321388,0.5585980931958876,0.7539572908101617,0,baseline,1.0,0.49555457048840346,0.7539572908101617,-0.10661349882198567,0.625547274566971
2026-09-06 17:16:00,Berbaring,60,1.0,1.0,1,80.9,15.0,7.0412878002547235,727.8333333333334,53.162101534345155,38.330189013759224,1.3013764951021731,0.9745455068066796,0.002250000000000002,0.9015470547459439,3.372453797382976,1.1931611330109093,-0.28088076866369,-0.007277396623877413,0.8692883674701757,1.5515838375273994,2.7359201688769694,0.933707802756046,-0.324450439197637,0.6992567743485436,0.5537481347841469,1.331418559909811,0,baseline,1.0,-0.26129909489728775,1.331418559909811,0.5774612690996492,0.6840747679216349
2026-09-06 17:17:00,Berbaring,60,1.0,1.0,1,83.53333333333333,-7.0,-4.738574934931143,727.7333333333333,27.95266378056622,25.68056707753411,0.8592403708555085,0.9729509144013299,0.017149999999999995,1.1653330448382748,-1.5738117721120555,-0.8933665821022474,-0.7505338753570165,-0.8751886341646974,-0.6174563557909515,1.0282263891594852,1.798631387541046,0.03477063300924505,-0.6986495088226499,0.2728030912212922,0.40936911273375776,0.855175262819447,0,baseline,1.0,-0.5233574483679142,0.855175262819447,-0.47624329709036395,-1.0537045661900133
2026-09-06 17:18:00,Berbaring,60,1.0,1.0,1,83.28333333333333,7.0,9.452891123858986,715.6333333333333,33.488660700007486,23.47736017268479,0.8645454659010142,0.9743769658615297,-0.000633333333333327,1.140290071095332,1.5738117721120555,1.6203203695552646,-0.8323341831264881,-0.6845951753060524,-0.59961722971017,1.1491717748659436,1.9301280238385994,0.872235802296436,-0.6947039073935183,0.6302877431227453,0.4023147491490783,1.342582813188512,0,baseline,1.0,0.12094538570645841,1.342582813188512,0.487407550369065,0.963650847459429
2026-09-06 17:19:00,Berbaring,60,1.0,1.0,1,89.9,1.0,5.5196149984624805,668.2,32.52315993570412,18.717344444414316,1.3723826711169358,0.9824830162233066,0.07068333333333335,1.8030941094918878,0.22483025315886507,0.9236323154305652,-1.0090632732101446,-0.7178354629863093,1.1080565922759904,1.0736293213112917,1.957177765312665,0.8329503928449533,-0.7987184376775713,0.8072309673809326,0.42339038230117454,1.4705912926950688,0,baseline,1.0,-0.07554245355465183,1.4705912926950688,0.1280084795065568,-0.3593990708625082
2026-09-06 17:20:00,Berbaring,60,1.0,1.0,1,86.0,3.0,1.2157897220430984,698.7666666666667,29.612392428014566,25.081561868486418,1.1254951670420665,0.9841788309384295,0.008016666666666668,1.4124237191019782,0.6744907594765952,0.16131012865069586,-0.7727736433732524,-0.8180474492458504,0.27786273614664486,0.7978604658455214,1.3869851784731355,0.7630086790543694,-0.7221013881925505,0.702582892198129,0.35306861349579866,1.3122091393475492,0,baseline,1.0,-0.27576885546577035,1.3122091393475492,-0.1583821533475196,-0.2863906328540764
2026-09-06 17:21:00,Berbaring,60,1.0,1.0,1,83.21666666666667,-1.0,-4.368488548715554,727.4166666666666,53.497122262748675,31.5696700615735,1.483424562956035,0.975080594769197,-0.018450000000000005,1.133611944763881,-0.22483025315886507,-0.8278144174307195,-0.5318842172063306,0.004256706509657962,1.481450526178144,0.8658825935935723,1.7903776283661545,0.4068790136342503,-0.4763053455855665,0.6538769144724667,0.3538015079979163,0.9721871426381854,0,baseline,1.0,0.06802212774805094,0.9721871426381854,-0.34002199670936384,-0.18163984336184424
2026-09-06 17:22:00,Berbaring,60,1.0,1.0,1,86.36666666666666,5.0,-0.602246792670194,692.9833333333333,26.477039408121314,19.75270846049786,1.1285021166149898,0.9741020071973875,-0.0005000000000000025,1.4491534139249604,1.1241512657943253,-0.16071260287964398,-0.9706224463487826,-0.9259914718853471,0.2879740257823269,0.9373799838812673,1.907553387355966,0.8041234885613977,-0.7838085804359156,0.7310399750753829,0.400803062059538,1.3985825021555345,0,baseline,1.0,0.07149739028769497,1.3985825021555345,0.4263953595173491,0.7664173562267129
2026-09-06 17:23:00,Berbaring,60,1.0,1.0,1,86.31666666666666,-8.0,-2.4801705978727933,703.0833333333334,25.156656070168953,20.013978166119255,0.96812328286302,0.9765390318351043,0.00028333333333333357,1.4441448191763722,-1.7986420252709205,-0.49334297001644395,-0.9609220671952727,-0.9714496668702285,-0.2513222943493649,1.117609297415054,2.105085908696152,0.17874464222301253,-0.7857398262408929,0.44640536975398015,0.4523493860066624,1.0262721095451701,0,baseline,1.0,0.18022931353378668,1.0262721095451701,-0.37231039261036436,-0.7987057521277134
2026-09-06 17:24:00,Berbaring,60,1.0,1.0,1,83.91666666666667,5.0,-1.2907399649277256,713.1,63.812144851183895,36.297032609721505,1.3757091638929733,0.9750324097108164,0.05383333333333334,1.2037322712441214,1.1241512657943253,-0.28266309736975226,-0.35636746908556055,0.35938259656043176,1.1192423907451081,0.8467037093743761,1.9360107789496204,0.7428903144806733,-0.33362603259261575,0.672849912907505,0.36835731747008293,1.1187521922240309,0,baseline,1.0,-0.2709055880406779,1.1187521922240309,0.09248008267886076,0.4647904752892251
2026-09-06 17:25:00,Berbaring,60,1.0,1.0,1,90.91666666666667,7.0,13.019354169829356,659.1833333333333,42.95937839506521,19.28642272934292,1.205130263985048,0.970296718230825,0.027883333333333336,1.904935536046522,1.5738117721120555,2.252036048899863,-0.9879346271671319,-0.35853703805604026,0.5456469176995488,1.4479654375527937,2.3465925766004565,0.9524624612709599,-0.7674053944317255,0.7837645389943895,0.45811268019589124,1.523236639486655,0,baseline,1.0,0.6012617281784176,1.523236639486655,0.4044844472626241,0.31200436458376335
2026-09-06 17:26:00,Berbaring,60,1.0,1.0,1,90.38333333333334,-8.0,-11.808645593002812,671.2333333333333,37.68844927878498,28.600995597226024,1.2924795248252354,0.9752265134919758,0.018566666666666665,1.851510525394911,-1.7986420252709205,-2.1456645678683857,-0.6421046800763861,-0.5400047350741921,0.8393710571965898,1.4534744639576869,2.1473663519157604,0.15561382679375263,-0.6954638202852318,0.5621472175722952,0.4702136671443542,1.0222504465192177,0,baseline,1.0,0.005509026404893147,1.0222504465192177,-0.5009861929674373,-0.9054706402300614
2026-09-06 17:27:00,Berbaring,60,1.0,1.0,1,88.18333333333334,-2.0,-0.16461654487300598,681.25,15.059908613853775,20.642641402393167,0.6559582015591988,0.982210050864354,-0.017316666666666664,1.6311323564570133,-0.44966050631773014,-0.08319661975420362,-0.9375811607659355,-1.3190607744854324,-1.3010211584845046,1.094025047503874,2.5274371308838957,0.634996888594908,-0.8248040145256003,0.49501867539512534,0.45060266154583206,1.2375818997080124,0,baseline,1.0,-0.3594494164538129,1.2375818997080124,0.21533145318879465,0.716317646156232
2026-09-06 17:28:00,Berbaring,60,1.0,1.0,1,87.76666666666667,0.0,0.6264026898272294,683.4,16.391605954350897,20.416842498954598,0.7483028222856137,0.9836242716610786,-0.009283333333333331,1.5893940668854412,0.0,0.05691397350930931,-0.9459645857427863,-1.2732130607002483,-0.9904994208172319,1.0021994394237563,2.1694590731292713,0.7077712786480453,-0.8198837127596779,0.5663347603454434,0.42234570578404973,1.2931590935756672,0,baseline,1.0,-0.09182560808011764,1.2931590935756672,0.055577193867654806,-0.15975425932113985
2026-09-06 17:29:00,Berbaring,60,1.0,1.0,1,88.01666666666667,1.0,3.240167714806971,681.4,24.483962236118174,23.45135607368826,1.1039938071594153,0.9838155367590353,-0.005416666666666666,1.6144370406283841,0.22483025315886507,0.5198814365446597,-0.8332996590863274,-0.9946091892562275,0.20556139817536426,0.8806364704536414,1.5385046726454237,0.7752570747159617,-0.7738499853943837,0.7129319129118878,0.37382564058500434,1.3593692852933785,0,baseline,1.0,-0.12156296897011498,1.3593692852933785,0.06621019171771136,0.010632997850056558
2026-09-06 17:30:00,Berbaring,60,1.0,1.0,1,86.98333333333333,-2.0,3.228680557619726,690.8166666666667,37.00182847825852,34.394274257424236,0.994663671077351,0.9835224390123368,0.01055,1.510926082490887,-0.44966050631773014,0.51784675478496,-0.42701277184231357,-0.5636437354567715,-0.16207651693592587,0.7393195547610756,1.8261466889273856,0.6491268298952596,-0.5901871334257446,0.5711361353187672,0.32161017426827576,1.0951329065510245,0,baseline,1.0,-0.14131691569256577,1.0951329065510245,-0.26423637874235406,-0.3304465704600654
2026-09-06 17:31:00,Berbaring,60,1.0,1.0,1,88.01666666666667,8.0,-1.2455984126574349,678.7166666666667,44.887464433590324,24.646655495597045,1.6091544878451178,0.9842135448338445,-0.019333333333333334,1.6144370406283841,1.7986420252709205,-0.2746673250901779,-0.7889207764795225,-0.29215683727069497,1.9042350310709764,1.3070848541301594,3.1385707804754883,0.8823614712767924,-0.6803863487741313,0.8455577557328117,0.5099660214714243,1.4887983781987546,0,baseline,1.0,0.5677652993690838,1.4887983781987546,0.39366547164773014,0.6579018503900842
2026-09-06 17:32:00,Berbaring,60,1.0,1.0,1,86.81666666666666,-10.0,-8.71263522129125,698.5,22.167696760399284,19.685665437795432,0.893506526260344,0.9729600677011085,-0.026533333333333332,1.494230766662258,-2.2483025315886507,-1.5972785983478306,-0.9731116087959334,-1.0743536427081062,-0.5022316027324047,1.4255003398739672,2.126050261696779,-0.09199478324175948,-0.8014474390326016,0.281907126780797,0.5005753329785977,0.9903677750169643,0,baseline,1.0,0.11841548574380778,0.9903677750169643,-0.49843060318179033,-0.8920960748295205
2026-09-06 17:33:00,Berbaring,60,1.0,1.0,1,85.88333333333334,-1.0,-1.1347229508560006,697.4666666666667,36.92615933099262,29.67136381274839,1.2361039346776646,0.975355781945637,-0.015700000000000002,1.4007369980219389,-0.22483025315886507,-0.2550283251140875,-0.6023642229891851,-0.5662488750036604,0.6498002291728824,0.728396985439819,1.3151306870826982,0.5814840806352312,-0.6369412086933287,0.664089292999701,0.32622756591934743,1.1363348332276115,0,baseline,1.0,-0.6971033544341482,1.1363348332276115,0.14596705821064726,0.6443976613924376
2026-09-06 17:34:00,Berbaring,60,1.0,1.0,1,86.13333333333334,1.0,-1.1343610193920084,695.9833333333333,19.211129954385658,18.380627237042773,1.042862855448603,0.9850635087896666,0.011000000000000003,1.4257799717648818,0.22483025315886507,-0.2549642174035337,-1.0215648549425025,-1.1761424085085155,0.0,0.8732420092890869,1.5169655528470392,0.6714524977680498,-0.814768119674335,0.6736639154960861,0.37804301742192603,1.3082183073400238,0,baseline,1.0,0.1448450238492679,1.3082183073400238,0.17188347411241223,0.025916415901764966
2026-09-06 17:35:00,Berbaring,60,1.0,1.0,1,86.5,1.0,-1.32036676854676,696.9666666666667,39.06446938538372,24.239622976315005,1.2709206369561583,0.9862142802654403,-0.013733333333333335,1.462509666587864,0.22483025315886507,-0.28791079407479836,-0.804033013680745,-0.4926310758413463,0.7668762733031868,0.7905303573626731,1.3684903696032404,0.679746566824483,-0.6951626761906412,0.7209283675180091,0.34830493429962284,1.2595080705687645,0,baseline,1.0,-0.08271165192641383,1.2595080705687645,-0.048710236771259297,-0.22059371088367152
2026-09-06 17:36:00,Berbaring,60,1.0,1.0,1,85.65,-2.0,-0.75429498980386,701.0,15.059205192072692,20.315311083189933,0.3673784440665711,0.9877028632385559,0.017750000000000002,1.3773635558618589,-0.44966050631773014,-0.18764439185582316,-0.9497342276404853,-1.3190849919104497,-2.2714110636820704,1.286845231111461,3.5737507034691784,0.5331280173453065,-0.8101955058907339,0.2771070111571778,0.5051913528315177,1.1281173871775414,0,baseline,1.0,0.496314873748788,1.1281173871775414,-0.13139068339122306,-0.08268044661996377
2026-09-06 17:37:00,Berbaring,55,0.9166666666666666,1.0,1,85.56363636363636,-1.0,-2.2061675580045295,707.2181818181818,31.79255148562836,28.744081516413466,1.1740672866520423,0.9862421368591816,3.532527805625498e-18,1.3687123467506597,-0.22483025315886507,-0.4448097273494727,-0.6367922093314694,-0.7429888714143883,0.44119330012347996,0.7386887180913462,1.3436102487522048,0.5501673375201684,-0.6694387502699344,0.640500542985127,0.32441782017089615,1.125308938578949,0,baseline,1.0,-0.5481565130201149,1.125308938578949,-0.002808448598592417,0.12858223479263065
2026-09-06 17:38:00,Berbaring,60,1.0,1.0,1,89.1,-8.0,-8.57701098098872,689.3333333333334,71.71569732588434,31.074268607507488,1.0442614345209023,0.9967635354115829,-0.021866666666666666,1.7229565935144695,-1.7986420252709205,-1.5732559299522864,-0.5502774018513357,0.6314863251831697,0.004702918268321102,1.2503618872588804,2.98592494413439,0.1703675045324636,-0.4537180997549281,0.33121082774324423,0.4443364688900546,0.7362205584238255,0,baseline,1.0,0.5116731691675342,0.7362205584238255,-0.3890883801551235,-0.38627993155653106
2026-09-06 17:39:00,Berbaring,60,1.0,1.0,1,80.28333333333333,3.0,-8.35586032496097,752.4166666666666,74.83864941544364,39.817166896465864,1.5020140736054564,1.0048446186201605,0.014633333333333332,0.8397743861800174,0.6744907594765952,-1.534084253389446,-0.22567249558498934,0.7390034082416289,1.5439603627429004,1.0403878295438904,2.876697534052163,0.4087507824976602,-0.10691372027349834,0.531624932921744,0.3655703855274067,0.771216261403943,0,baseline,1.0,-0.20997405771499,0.771216261403943,0.03499570298011745,0.42408408313524093
2026-09-06 17:40:00,Berbaring,60,1.0,1.0,1,82.7,1.0,-1.242787855415946,726.0833333333334,19.15794446589174,16.7256020134363,0.8891444957848168,1.0076467141640533,0.0077,1.0818564656951324,0.22483025315886507,-0.27416950047955974,-1.0830123623732704,-1.17797348001391,-0.5168995419405935,0.8290409522678259,1.60718478205391,0.5520635974911071,-0.8028293413624105,0.566131521686328,0.3623252424825645,1.1836780171204293,0,baseline,1.0,-0.2113468772760645,1.1836780171204293,0.41246175571648636,0.3774660527363689
2026-09-06 17:41:00,Berbaring,60,1.0,1.0,1,81.93333333333334,2.0,0.6819224725715343,731.0333333333333,18.75259680699315,17.95285728639769,1.0868174784854179,1.0062265233788015,0.0031500000000000026,1.005058012883441,0.44966050631773014,0.06674800706617194,-1.0374470281239143,-1.1919288007039248,0.1478035841886074,0.7890530166239436,1.2679995951428427,0.6029009199454675,-0.7893065779682717,0.6613868506605617,0.3507415012276255,1.2437630643354782,0,baseline,1.0,-0.039987935643882366,1.2437630643354782,0.060085047215048926,-0.35237670850143743
2026-09-06 17:42:00,Berbaring,60,1.0,1.0,1,82.71666666666667,4.0,2.3163545411218713,722.05,21.09255230435294,17.806397631474184,0.8218970739105511,1.0041005213744463,0.03155,1.0835259972779951,0.8993210126354603,0.3562494966984445,-1.0428847583807432,-1.111368746515507,-0.7430284288186569,0.9114604517357361,1.8243690968396467,0.7255059613032453,-0.7887571684833136,0.5942683035804469,0.3891054778899383,1.2857117329653251,0,baseline,1.0,0.12240743511179253,1.2857117329653251,0.04194866862984692,-0.018136378585202007
2026-09-06 17:43:00,Berbaring,60,1.0,1.0,1,80.2,-19.0,-16.64866721893296,781.9166666666666,106.48423001993231,56.39749964405953,1.352359329365457,0.977355014317697,-0.013133333333333334,0.8314267282657035,-4.271774810018436,-3.0029614219383034,0.38991940306429584,1.828498354277163,1.0407252975490817,2.32864983238039,3.636232106594234,-0.8550642287210601,0.4662711277947312,-0.4766105635174241,0.6618908580596874,1.2703545714062265,0,baseline,1.0,1.4171893806446538,1.2703545714062265,-0.015357161559098609,-0.05730583018894553
2026-09-06 17:44:00,Berbaring,59,0.9833333333333333,1.0,1,72.57627118644068,7.0,6.952144211166338,817.457627118644,25.642315534999824,11.84089931346957,1.4395859896084042,0.9794547050567756,0.00840677966101695,0.06774336626057038,1.5738117721120555,1.1773714270152698,-1.2643708100706617,-0.954729369049164,1.3340371753443085,1.1660097936657845,2.095586926553467,0.5954114095609038,-0.7387104737907348,0.7618353134626796,0.4411432377925081,1.2942983859266266,0,baseline,1.0,-1.1626400387146054,1.2942983859266266,0.023943814520400064,0.03930097607949867
2026-09-06 17:45:00,Berbaring,61,1.0,1.0,1,73.8688524590164,1.0,0.17921805209523045,811.3770491803278,22.241225936254974,12.465285128441039,1.1277519657576334,0.9785097909879721,0.04270491803278688,0.19722368173950391,0.22483025315886507,-0.0222943467721859,-1.2411887150440253,-1.0718221781575847,0.285451538322781,0.690504362760332,1.1520765303548908,0.17088481192158925,-0.7573853806196299,0.5136231754828917,0.3148873207811087,0.9827497264836316,0,baseline,1.0,-0.4755054309054525,0.9827497264836316,-0.31154865944299504,-0.3354924739633951
2026-09-06 17:46:00,Berbaring,60,1.0,1.0,1,77.56666666666666,0.0,-9.351419944379732,784.7,88.15419849255285,55.06606202045574,1.5367216965151718,0.9807811642790853,0.03896666666666668,0.5676407381733711,0.0,-1.7104244013743688,0.3404860034380849,1.1974315092934664,1.66066961219832,1.122153000509576,2.7066598933793107,0.055581403726989394,0.3566976793524509,0.16499771424166818,0.38191836006319546,0.5508252049008127,0,baseline,1.0,0.4316486377492439,0.5508252049008127,-0.4319245215828189,-0.12037586213982387
2026-09-06 17:47:00,Berbaring,60,1.0,1.0,1,81.43333333333334,4.0,3.574928683487451,738.9166666666666,64.14873914944297,31.952294949539585,1.281302547882983,0.9824266595710998,-0.008516666666666667,0.9549720653975552,0.8993210126354603,0.5791765280743427,-0.5176781825724541,0.37097087460155664,0.8017869047611409,0.7193362346972156,1.3359567597010573,0.7073735964202545,-0.36528802947042394,0.6353405814974781,0.3107171930102334,1.064901675234208,0,baseline,1.0,-0.40281676581236026,1.064901675234208,0.5140764703333953,0.9460009919162142
2026-09-06 17:48:00,Berbaring,60,1.0,1.0,1,81.23333333333333,0.0,-1.297950404741093,744.6,45.25453437342972,31.617416354742723,1.0763826231765163,0.9791761679495815,0.020216666666666674,0.9349376864032006,0.0,-0.2839402584748481,-0.5301115005960579,-0.27951934297742026,0.11271491982096213,0.4702099650072494,0.9133682202326552,0.43951109799795657,-0.4993416268396003,0.4921639362583281,0.220884450145712,0.8564621100945757,0,baseline,1.0,-0.24912626968996626,0.8564621100945757,-0.20843956513963224,-0.7225160354730276
2026-09-06 17:49:00,Berbaring,60,1.0,1.0,1,76.3,3.0,3.062981321859067,787.85,55.443000200083326,36.7707049940943,0.8570487605088012,0.9786500004451321,0.02205,0.44075633787579394,0.6744907594765952,0.4884970029618774,-0.33878103780744867,0.0712494472915238,-0.6248259529347348,0.4827162387085831,1.6378875979375802,0.4761841342427269,-0.2511768155819901,0.2683485147661521,0.21398223047558962,0.6384672604972885,0,baseline,1.0,0.012506273701333726,0.6384672604972885,-0.2179948495972872,-0.009555284457654967
2026-09-06 17:50:00,Berbaring,60,1.0,1.0,1,87.81666666666666,-1.0,0.773821644495978,699.0166666666667,116.89216987690439,156.75701806255566,0.5160156828762984,0.992575658813583,-0.05518333333333334,1.5944026616340294,-0.22483025315886507,0.08302580023973351,4.116051286619905,2.186823202682835,-1.77159750319322,2.1393999704303557,5.125661223086536,0.676116936963567,0.9863905078209246,-0.4815267275536195,0.690144911632917,1.4622818930594477,0,baseline,1.0,1.6566837317217726,1.4622818930594477,0.8238146325621591,1.0418094821594464
2026-09-06 17:51:00,Berbaring,60,1.0,1.0,1,82.43333333333334,-4.0,-3.484742359943202,732.5,32.519355383775235,24.026821171208237,0.792892807594654,1.005696089124687,0.016300000000000002,1.0551439603693267,-0.8993210126354603,-0.6712794087084772,-0.8119338845037798,-0.7179664462079559,-0.8405593418846138,0.8420189589455922,1.939599859175931,0.20681427019261334,-0.6842614871763614,0.31129596694908696,0.35343563942380307,0.8560419706076265,0,baseline,1.0,-1.2973810114847635,0.8560419706076265,-0.6062399224518211,-1.4300545550139803
2026-09-06 17:52:00,Berbaring,59,0.9833333333333333,1.0,1,82.40677966101696,7.0,9.189791159492833,722.9491525423729,28.640713563166752,17.081952565449768,1.2104275343001196,1.0062437351777513,0.027728813559322035,1.0524840286949353,1.5738117721120555,1.5737183522112481,-1.069781837013004,-0.8515004367467679,0.5634597320268998,1.1724737821504847,1.3880972464336714,0.8583565742314168,-0.7664856579469547,0.7642502744749825,0.41561511079005586,1.4425985840547557,0,baseline,1.0,0.3304548232048925,1.4425985840547557,0.5865566134471292,1.1927965358989503
2026-09-06 17:53:00,Berbaring,61,1.0,1.0,1,84.63934426229508,-2.0,2.3202666050426077,711.7377049180328,26.774304621747735,17.33589724627293,1.2284029980047115,1.0050703291107377,0.02724590163934426,1.276124255451863,-0.44966050631773014,0.35694242750565414,-1.0603534201893126,-0.9157572166847262,0.6239047496252905,0.8475762871339315,1.5106513599516807,0.5514841007461825,-0.7884639696587477,0.6971594463816544,0.36702479993932635,1.243603088720647,0,baseline,1.0,-0.3248974950165532,1.243603088720647,-0.19899549533410865,-0.7855521087812378
2026-09-06 17:54:00,Berbaring,60,1.0,1.0,1,81.28333333333333,-2.0,-3.6138522515075717,745.0833333333334,43.34539706044557,22.56365759507524,1.6601186224855182,1.0052779917278345,0.04928333333333333,0.9399462811517889,-0.44966050631773014,-0.694148212284571,-0.8662579838797051,-0.34524717650274545,2.075609081045488,1.0602898100557072,2.435546737430226,0.2710067650765489,-0.635591971603777,0.7229278078329164,0.42857266781328507,1.087989415398484,0,baseline,1.0,0.2127135229217757,1.087989415398484,-0.15561367332216314,0.043381822011945514
2026-09-06 17:55:00,Berbaring,60,1.0,1.0,1,81.1,-1.0,1.6842635980781486,741.9,21.041283069726024,17.972672287463052,0.9447098653193019,1.0082039196712214,0.021983333333333337,0.9215814337402971,-0.22483025315886507,0.24428934055899099,-1.03671133998585,-1.1131338451784532,-0.33005319435429686,0.7508118644176169,1.3113724184307347,0.44308596052831295,-0.7750252932469011,0.5398547248972949,0.3347501087507533,1.095668806205743,0,baseline,1.0,-0.3094779456380903,1.095668806205743,0.00767939080725899,0.16329306412942213
2026-09-06 17:56:00,Berbaring,60,1.0,1.0,1,84.71666666666667,-2.0,4.641740131277194,713.35,44.268757395661474,26.166999530071838,1.2649806265700752,1.0038251733557815,0.0038666666666666663,1.2838697872215383,-0.44966050631773014,0.7681372742776532,-0.7324736903425882,-0.3134577007095691,0.7469021553487386,0.7781588677191513,1.869740139227864,0.5956971067476541,-0.6279346291121126,0.6763620354348295,0.3229931372900813,1.144965986892068,0,baseline,1.0,0.02734700330153439,1.144965986892068,0.04929718068632516,0.04161778987906617
2026-09-06 17:57:00,Berbaring,60,1.0,1.0,1,71.48333333333333,-9.0,-6.557091040953055,853.85,17.70648162468828,22.861410013308678,0.6083889109111584,1.0000437924574335,0.023533333333333333,-0.041738289571571954,-2.0234722784297854,-1.215474262038172,-0.8552030805036351,-1.2279444838521283,-1.4609795694393917,1.287584372297761,2.357754505749221,-0.6708674829063389,-0.6463476835286565,-0.29650359301360085,0.4783526681874434,1.0883768480889184,0,baseline,1.0,0.5094255045786096,1.0883768480889184,-0.05658913880314964,-0.1058863194894748
2026-09-06 17:58:00,Berbaring,60,1.0,1.0,1,74.95,5.0,-3.502872610966928,814.4333333333333,90.79617080454639,64.37087982536455,1.0569830537493388,0.9840896424916186,-0.004683333333333337,0.30552427966390294,1.1241512657943253,-0.6744907594765952,0.6859537661366835,1.2883894069366684,0.04748114701278668,0.8108363204099636,2.331366898192069,0.38346023692386016,0.563718463799077,-0.08940642260527734,0.34145322612866835,0.7677265618476693,0,baseline,1.0,-0.47674805188779734,0.7677265618476693,-0.32065028624124914,-0.2640611474380995
2026-09-06 17:59:00,Berbaring,60,1.0,1.0,1,68.25,-5.0,-3.336389431390047,887.45,20.230389122995053,20.74257065284184,0.9483343177028049,0.9775376839918317,0.0029166666666666664,-0.36562741664696674,-1.1241512657943253,-0.6450021503054764,-0.933871003801611,-1.1410513249610452,-0.31786546491901113,0.8254876217338222,1.4277391480547994,-0.5615476537976919,-0.620468442618547,-0.031156571696393395,0.34852604415760047,0.9070600813547004,0,baseline,1.0,0.014651301323858612,0.9070600813547004,0.1393335195070311,0.45998380574828024
2026-09-06 18:00:00,Berbaring,60,1.0,1.0,1,69.91666666666667,2.0,1.260614962553353,854.3333333333334,20.503547991164567,15.199799285026257,1.313430095857064,0.9783360405716753,0.021883333333333328,-0.19867425836068034,0.44966050631773014,0.169249873685406,-1.139662118011167,-1.1316470037051014,0.9098202904139623,0.7828941176486329,1.903645434078013,0.05097058138923247,-0.7013695908390939,0.5340192854323754,0.3476248112556328,0.9489662321364094,0,baseline,1.0,-0.04259350408518925,0.9489662321364094,0.041906150781709006,-0.0974273687253221
2026-09-06 18:01:00,Berbaring,60,1.0,1.0,1,74.03333333333333,1.0,7.498749652681349,815.8333333333334,74.5356624157283,32.862579821772556,1.414144375335752,0.981225912557403,-0.033633333333333335,0.2137000426064452,0.22483025315886507,1.2741898219823091,-0.4838812738288137,0.7285721632273562,1.2484861794025968,0.8209194314649136,2.2667366903900734,0.3593267075559806,-0.12605752339377735,0.47511696854793267,0.2937901318010596,0.6760583978570603,0,baseline,1.0,0.038025313816280715,0.6760583978570603,-0.27290783427934906,-0.31481398506105807
2026-09-06 18:02:00,Berbaring,60,1.0,1.0,1,70.06666666666666,-1.0,-0.6080041260867871,857.5833333333334,26.682878193713755,16.109792789754113,1.3530529435544578,0.9829831305061661,0.01628333333333333,-0.18364847411491544,-0.22483025315886507,-0.1617323801053146,-1.1058760271128865,-0.9189048483405339,1.0430576725325398,0.7377612512900619,1.8038722487906724,-0.1903647371401575,-0.6647229157126273,0.437802132926981,0.3313315496447151,0.882919357135928,0,baseline,1.0,-0.08315818017485177,0.882919357135928,0.2068609592788676,0.47976879355821667
2026-09-06 18:03:00,Berbaring,60,1.0,1.0,1,69.75,2.0,2.513798405847645,859.4,24.99979660934213,18.347400868898784,1.172188405965771,0.9820579831455725,0.03056666666666667,-0.2153695741893094,0.44966050631773014,0.3912220685518362,-1.022798478137064,-0.9768500288337073,0.43487530032034094,0.6571532753590792,1.2923332423223606,0.07498716742835819,-0.6432381286714594,0.44784309206002826,0.29470930776462123,0.8407112326147894,0,baseline,1.0,-0.08060797593098268,0.8407112326147894,-0.042208124521138535,-0.24906908380000614
2026-09-06 18:04:00,Berbaring,60,1.0,1.0,1,77.35,9.0,4.276246042984064,768.4833333333333,44.03484431815666,33.43397237054813,1.0267231985687542,0.9794150087251839,0.021283333333333338,0.5459368275961538,2.0234722784297854,0.7033985279885524,-0.4626667041739398,-0.3215108667720988,-0.05427185969534916,0.9316322344711776,1.632524234400477,0.7669245262752196,-0.4169807868161706,0.5650993946970365,0.3845680201862851,1.1087272404037247,0,baseline,1.0,0.2744789591120984,1.1087272404037247,0.2680160077889353,0.31022413231007384
2026-09-06 18:05:00,Berbaring,60,1.0,1.0,1,76.13333333333334,-9.0,-13.601608394385407,808.3833333333333,61.80014032858476,34.08563492843541,1.3560469219869329,0.9799445803670754,-0.009133333333333335,0.42406102204716634,-2.0234722784297854,-2.463246076358916,-0.4384718826709335,0.29011324782674264,1.053125344889383,1.3980549181629136,1.9819061866581433,-0.6311318167572721,-0.24815279546070512,-1.33927352345173e-05,0.412551300435387,0.793792010345652,0,baseline,1.0,0.466422683691736,0.793792010345652,-0.31493523005807267,-0.582951237847008
2026-09-06 18:06:00,Berbaring,60,1.0,1.0,1,79.28333333333333,9.0,7.703699328938263,749.9,36.78370125430694,26.448542941508393,1.5098098482073419,0.9796528842710543,-0.02153333333333334,0.7396024912082458,2.0234722784297854,1.3104918731459616,-0.722020592335639,-0.571153425705725,1.5701747481266657,1.2696337770700923,2.3628220205343036,0.8367984870361738,-0.5965798207054049,0.801356952195916,0.4677551608760486,1.3845963475821494,0,baseline,1.0,-0.12842114109282132,1.3845963475821494,0.5908043372364974,0.9057395672945701
2026-09-06 18:07:00,Berbaring,60,1.0,1.0,1,78.3,1.0,6.471797721589382,773.45,75.14853652848392,41.36669420959945,1.5057641799601806,0.9807568936559846,0.033633333333333335,0.641100127819337,0.22483025315886507,1.0922892587514628,-0.168141897422581,0.7496722105530339,1.5565706212782193,0.8820285389732834,2.1419323059068396,0.5254924661361292,-0.03326773541601491,0.5501749936165753,0.3408593382124191,0.8343420678793249,0,baseline,1.0,-0.3876052380968089,0.8343420678793249,-0.5502542797028246,-1.141058616939322
2026-09-06 18:08:00,Berbaring,60,1.0,1.0,1,80.05,-8.0,-6.18993228359303,762.25,50.76820872306952,36.25287831939249,0.9226939298155807,0.9803405624661555,0.039,0.8164009440199372,-1.7986420252709205,-1.1504406584809814,-0.35800682239836407,-0.08969440618462654,-0.40408486501587293,0.9595689913248344,1.7461242883928902,-0.25722843491216585,-0.36496982571059483,-0.021555868448904055,0.36765413872687147,0.578795009130321,0,baseline,1.0,0.07754045235155105,0.578795009130321,-0.25554705874900385,0.29470722095382074
2026-09-06 18:09:00,Berbaring,60,1.0,1.0,1,78.88333333333334,8.0,12.57618757522176,756.7666666666667,51.92542457711948,25.76984178769268,1.0971589329073674,0.981767299143153,0.024666666666666663,0.699533733219538,1.7986420252709205,2.1735394311677148,-0.7472192984323855,-0.049853745960468966,0.1825781749752704,1.2276597726118987,1.8300392796700786,0.8483865413458603,-0.5104519586602566,0.6549262663938307,0.3716661377367366,1.2439393305099686,0,baseline,1.0,0.2680907812870643,1.2439393305099686,0.6651443213796476,0.9206913801286515
2026-09-06 18:10:00,Berbaring,60,1.0,1.0,1,71.03333333333333,-8.0,-5.7457576604438785,856.0833333333334,62.43105802122624,55.204243266041345,1.1589290510218953,0.9806972058647142,0.004766666666666666,-0.08681564230886943,-1.7986420252709205,-1.0717654920223443,0.34561637425890646,0.3118345000321705,0.3902888598202751,0.8907251903529761,1.2618136592449518,-0.6340176800292507,0.27790542933319723,-0.3998748392547651,0.3461981743835111,0.8711847733162249,0,baseline,1.0,-0.3369345822589226,0.8711847733162249,-0.37275455719374373,-1.0378988785733914
2026-09-06 18:11:00,Berbaring,60,1.0,1.0,1,79.71666666666667,-3.0,-9.300916921367014,767.7,78.97656807613728,44.28949448835353,1.0525896812909197,0.9826098376906134,-0.012516666666666676,0.7830103123626806,-0.6744907594765952,-1.7014789697015293,-0.05962464385708705,0.8814637891800148,0.03270781599170213,0.8892578299945613,2.3329471293057638,-0.02690690530892707,0.030960432650166958,-0.02528008525806831,0.2622195904070338,0.2666096889594916,0,baseline,1.0,-0.001467360358414882,0.2666096889594916,-0.6045750843567332,-0.2318205271629895
2026-09-06 18:12:00,Berbaring,60,1.0,1.0,1,70.73333333333333,-2.0,-1.733814948596798,853.0833333333334,37.84145859636709,28.19273857706229,1.1056120895220807,0.9818638461068425,-0.028733333333333336,-0.11686721080040062,-0.44966050631773014,-0.3611434883625462,-0.6572623803472668,-0.5347369259514734,0.2110030995688858,0.42987146522968833,0.7902430379012562,-0.24806196656233254,-0.4396566464679034,0.14651557224720288,0.19841859082668223,0.5618446904036262,0,baseline,1.0,-0.45938636476487293,0.5618446904036262,0.29523500144413456,0.8998100858008677
2026-09-06 18:13:00,Berbaring,60,1.0,1.0,1,73.78333333333333,11.0,9.166340103662197,801.0333333333333,38.93234752253991,23.430749027719962,1.086017868326664,0.982435008962822,0.0026833333333333297,0.1886570688635023,2.4731327847475155,1.569564545071108,-0.8340647541387785,-0.4971797710802864,0.1451147828919049,1.2635545207107366,1.5258892468429714,0.793619951284736,-0.5516583342845015,0.6463045124361815,0.44925590118957404,1.2464750027223828,0,baseline,1.0,0.8336830554810483,1.2464750027223828,0.6846303123187566,0.38939531087462204
2026-09-06 18:14:00,Berbaring,60,1.0,1.0,1,81.9,8.0,4.508757580501315,725.5333333333333,27.845497866126028,24.176960597412023,1.0295485737136423,0.9826703324198688,0.03161666666666666,1.0017189497177155,1.7986420252709205,0.7445825195187951,-0.8063595322971079,-0.878878145304629,-0.044771139538060986,1.0179721723622286,1.6521604624891935,0.8343321428098228,-0.6980878797895167,0.6825521674488706,0.4126461606911309,1.3489222096388418,0,baseline,1.0,-0.245582348348508,1.3489222096388418,0.10244720691645903,-0.5821831054022976
2026-09-06 18:15:00,Berbaring,60,1.0,1.0,1,79.96666666666667,-7.0,-5.258127257571527,762.1166666666667,45.01302699075077,33.06080684364104,1.1709825177163762,0.9828057054496824,0.032466666666666665,0.8080532861056234,-1.5738117721120555,-0.9853931485411362,-0.47652153318830553,-0.2878339659937434,0.4308203319671327,0.8752485919653998,1.2005123206277097,-0.17374260700350805,-0.4586939716857223,0.2382210803021345,0.3467241820918503,0.6461838706566237,0,baseline,1.0,-0.14272358039682875,0.6461838706566237,-0.702738338982218,-0.8051855458986771
2026-09-06 18:16:00,Berbaring,60,1.0,1.0,1,77.76666666666667,-3.0,-3.550986385106914,779.9166666666666,34.069366759780394,26.417123363070043,1.170270704919842,0.982338393901857,-0.011433333333333334,0.5876751171677257,-0.6744907594765952,-0.6830129914820593,-0.7231871333357544,-0.664602610620257,0.4284267616136581,0.6344357498889728,0.9157357290327067,0.01842005415447256,-0.5924538400100229,0.39833301366640994,0.26811613445517446,0.7628212780654621,0,baseline,1.0,-0.24081284207642706,0.7628212780654621,0.11663740740883832,0.8193757463910564
2026-09-06 18:17:00,Berbaring,60,1.0,1.0,1,76.98333333333333,-3.0,1.6722709080358718,788.4333333333333,54.79835660862149,38.58822161563846,1.1488983825702745,0.9876163344881035,-0.016500000000000004,0.5092071327731715,-0.6744907594765952,0.2421651154542935,-0.271300576171636,0.049055639452452414,0.35655933044368643,0.4033234116580598,1.2251890278988824,0.1135496338814077,-0.2343552067764527,0.2567813923673534,0.19278875126419337,0.4134248037768892,0,baseline,1.0,-0.23111233823091298,0.4134248037768892,-0.34939647428857284,-0.46603388169741117
2026-09-06 18:18:00,Berbaring,60,1.0,1.0,1,76.23333333333333,6.0,8.292303417616044,779.1833333333333,39.8673613018863,33.758614719751314,0.9040596517009393,0.996041112082726,-0.004933333333333336,0.4340782115443429,1.3489815189531904,1.4147493481152345,-0.45061343581254615,-0.4649890901822723,-0.4667452384606526,0.8800387482336871,1.247424023747982,0.6940095831951587,-0.42263877550558593,0.47832304064474473,0.30488786782072164,0.9909704230114433,0,baseline,1.0,0.4767153365756273,0.9909704230114433,0.577545619234554,0.926942093523127
2026-09-06 18:19:00,Berbaring,60,1.0,1.0,1,77.31666666666666,-4.0,-5.396217763127968,788.1,49.72592680493919,38.250733902342276,1.2209480994352364,0.9890039080512428,-0.006333333333333333,0.5425977644304283,-0.8993210126354603,-1.0098526582582463,-0.28383076512269645,-0.12557811760517618,0.5988366077052003,0.6554804928070046,0.9620860408481481,-0.12223118618091235,-0.28766707890652077,0.20769101973474835,0.24354858465617768,0.447374880752474,0,baseline,1.0,-0.2245582554266825,0.447374880752474,-0.5435955422589693,-1.1211411614935234
2026-09-06 18:20:00,Berbaring,60,1.0,1.0,1,75.41666666666667,3.0,4.583280890224816,791.1166666666667,31.521900735658384,22.59293424870045,1.159285164838389,0.9872534872659388,0.0033333333333333314,0.35227116398406316,0.6744907594765952,0.7577825842950672,-0.865171005043659,-0.7523068431058664,0.39148634246988817,0.6609356011427452,0.8808683587222483,0.46976110837853574,-0.6257346334526339,0.5920521750709901,0.2737817818273899,1.0186763826230603,0,baseline,1.0,0.005455108335740588,1.0186763826230603,0.5713015018705863,1.1148970441295556
2026-09-06 18:21:00,Berbaring,60,1.0,1.0,1,79.01666666666667,5.0,7.03654175778703,768.0666666666667,71.5027240601545,43.8529901576017,1.3867625430795543,0.983425200035967,0.007050000000000001,0.7128899858824402,1.1241512657943253,1.1923204823710367,-0.07583110568308105,0.6241540755539619,1.1564109283936752,0.9061053318983775,1.5333157816004586,0.7202589816856395,-0.028239076445857606,0.5669089779339436,0.34203321673014253,0.9787456036919024,0,baseline,1.0,0.2451697307556323,0.9787456036919024,-0.03993077893115782,-0.6112322808017441
2026-09-06 18:22:00,Berbaring,60,1.0,1.0,1,75.81666666666666,-14.0,-10.713802846680062,815.4333333333333,64.93369934582861,41.94447500030066,1.3682156913666164,0.9777903959479637,0.017633333333333334,0.39233992197277096,-3.147623544224111,-1.9517387314433505,-0.1466901461600821,0.3979955064921755,1.0940445384853639,1.5941351124618084,2.303534698702821,-0.7703796155734691,-0.059578046026653196,-0.17045180934219692,0.5305770779635093,0.9526805081598996,0,baseline,1.0,0.6880297805634309,0.9526805081598996,-0.02606509553200287,0.013865683399154949
2026-09-06 18:23:00,Berbaring,60,1.0,1.0,1,71.53333333333333,8.0,4.277854959711101,830.1,76.1077959881213,48.11479916101786,0.9241333665081672,0.9758508905812204,0.010683333333333335,-0.03672969482298366,1.7986420252709205,0.7036835100310209,0.08240064611781853,0.7826976224193425,-0.3992445572694344,0.8670288671638754,2.0478673335525106,0.5545608085191089,0.24335826299907493,0.09105954521486706,0.36113751969799146,0.7109663025936253,0,baseline,1.0,-0.727106245297933,0.7109663025936253,-0.24171420556627432,-0.21564911003427145
2026-09-06 18:24:00,Berbaring,60,1.0,1.0,1,72.51666666666667,-7.0,-4.9893978829028045,844.9,74.59329274159907,59.50715666972548,1.6616825133033215,0.9756141218975988,0.024166666666666666,0.06177266856592512,-1.5738117721120555,-0.9377940125650862,0.5053742435502696,0.730556261719949,2.080867883241502,1.1887867548970092,2.9850106243903074,-0.5218201077989588,0.4204515105583705,-0.10172275948006283,0.46013401542539123,0.8192353322348014,0,baseline,1.0,0.32175788773313385,0.8192353322348014,0.10826902964117613,0.34998323520745045
2026-09-06 18:25:00,Berbaring,60,1.0,1.0,1,78.18333333333334,14.0,12.033775436987272,752.85,75.79585092173022,55.84846325063589,1.4680248532443432,0.9808582478597194,0.011833333333333328,0.6294134067392977,3.147623544224111,2.077463781995714,0.3695348691107015,0.771957968831644,1.4296668426064356,1.7027415826748664,2.545703139787905,0.9219816516374266,0.2639514010693542,0.5702208255450587,0.5545660488171417,1.245959790871478,0,baseline,1.0,0.5139548277778572,1.245959790871478,0.4267244586366765,0.3184554289955004
2026-09-06 18:26:00,Berbaring,55,0.9166666666666666,1.0,1,87.18181818181819,-11.0,-0.018948345069018574,709.0545454545454,87.56445629782672,41.8456157268065,1.4436639562061957,0.9810155043433428,0.03254545454545455,1.5308086858867997,-2.4731327847475155,-0.057394898381525415,-0.15036057719399445,1.1771278482973753,1.3477499099262924,1.395691183145311,3.8124705551816773,0.09114207302908199,-0.09429709708292965,0.35533933280667085,0.5343606198285272,0.6549855979006896,0,baseline,1.0,-0.3070503995295555,0.6549855979006896,-0.5909741929707883,-1.0176986516074649
2026-09-06 18:27:00,Berbaring,60,1.0,1.0,1,77.48333333333333,9.0,4.4342475618153845,766.4333333333333,70.59033560074629,49.663955486612934,1.4612950885332772,0.9769561053369372,-0.007916666666666662,0.5592930802590573,2.0234722784297854,0.731384808939586,0.1399174703152116,0.5927423398120868,1.4070370649785293,1.102485542768082,2.1733858939691784,0.7716366782159143,0.11279948196435907,0.5674595917393708,0.44082250383534693,1.0604158403400978,0,baseline,1.0,-0.29320564037722896,1.0604158403400978,0.4054302424394083,0.9964044354101966
2026-09-06 18:28:00,Berbaring,60,1.0,1.0,1,80.9,1.0,-1.9532777682773856,739.5166666666667,36.89356733543753,21.140370248349203,1.4056911598405595,0.9797018074722462,-0.04699999999999999,0.9015470547459439,0.22483025315886507,-0.4000162041143738,-0.9191015650932212,-0.567370953150441,1.220061056815112,0.7830022526577955,1.598820914017004,0.4647065334789257,-0.6792164639807398,0.7029810773733741,0.34258293387531447,1.1352676463848284,0,baseline,1.0,-0.3194832901102864,1.1352676463848284,0.07485180604473052,-0.33057843639467777
2026-09-06 18:29:00,Berbaring,60,1.0,1.0,1,87.41666666666667,0.0,1.7390718116324122,687.7166666666667,22.78945018090657,17.01096356341792,1.1136591916807212,0.9780075052196116,0.019749999999999997,1.5543339036453216,0.0,0.25399733624345916,-1.0724175051391667,-1.0529478983234728,0.2380626091085937,0.8940470642541142,1.4112010713497625,0.7128640894393805,-0.8223176124057147,0.7123616743812983,0.38515491907017974,1.356534161934802,0,baseline,1.0,0.11104481159631863,1.356534161934802,0.22126651554997356,0.14641470950524305
2026-09-06 18:30:00,Berbaring,60,1.0,1.0,1,81.6,3.0,5.61489302584054,738.2666666666667,76.60417005657392,42.349834410257984,1.6264592281167467,0.9761262401180821,0.014116666666666666,0.9716673812261829,0.6744907594765952,0.9405085939776678,-0.13164002788985643,0.799786802917599,1.9624246470633018,1.063933755939848,2.2650901978584983,0.7053358592071534,-0.06668965853184672,0.6734878032362517,0.4192698718449763,1.0636349145188317,0,baseline,1.0,0.1698866916857339,1.0636349145188317,-0.2928992474159702,-0.5141657629659437
2026-09-06 18:31:00,Berbaring,60,1.0,1.0,1,85.11666666666666,-5.0,-3.3255767223889277,711.8666666666667,30.956758615119934,15.38709562797368,1.460949097362433,0.9786330784756676,0.02984999999999999,1.3239385452102461,-1.1241512657943253,-0.6430869312988151,-1.1327082098405483,-0.7717635720505428,1.4058736211445204,1.101908774165851,1.9075148875226464,0.28623257266987934,-0.7934652486641401,0.7039099054030402,0.44353967324545807,1.184792295367449,0,baseline,1.0,0.03797501822600302,1.184792295367449,0.12115738084861727,0.41405662826458745
2026-09-06 18:32:00,Berbaring,60,1.0,1.0,1,84.91666666666667,1.0,-0.7759439820709993,707.6666666666666,28.413810599220263,19.07212003716064,1.3204351422242078,0.9815288458335494,-0.001600000000000003,1.3039041662158928,0.22483025315886507,-0.19147900549989666,-0.9958912226814944,-0.859312258421012,0.9333757412161237,0.8552568898811711,1.5153876747582395,0.6386405376431379,-0.7712271176027734,0.745213162082208,0.3727955301588888,1.3026788428058578,0,baseline,1.0,-0.24665188428468,1.3026788428058578,0.11788654743840876,-0.003270833410208507
2026-09-06 18:33:00,Berbaring,60,1.0,1.0,1,83.31666666666666,-3.0,-4.089469297026898,725.2,26.0135557881994,18.35294277424131,0.9588217016442817,0.9788108196595204,0.02231666666666667,1.1436291342610576,-0.6744907594765952,-0.7783926699294039,-1.0225927191765005,-0.9419482990893188,-0.28260016565767887,0.8545511347143632,1.4423723671054376,0.30033692764654063,-0.7725568056854877,0.4881064430895235,0.35240587037082616,1.024443305105975,0,baseline,1.0,-0.0007057551668079309,1.024443305105975,-0.27823553769988285,-0.3961220851382916
2026-09-06 18:34:00,Berbaring,60,1.0,1.0,1,82.38333333333334,2.0,2.8924701305918905,727.9,26.92343192166775,19.77671974994328,1.188264754045656,0.9769914357547453,0.008999999999999992,1.0501353656207384,0.44966050631773014,0.45829492554265266,-0.9697309590979692,-0.9106230577761127,0.4889342752973405,0.7663422111775071,1.097678977232652,0.6534045868442226,-0.7491586977898492,0.7009657453111242,0.3343831232562201,1.2614837921279116,0,baseline,1.0,-0.08820892353685605,1.2614837921279116,0.2370404870219367,0.5152760247218195
2026-09-06 18:35:00,Berbaring,60,1.0,1.0,1,83.13333333333334,0.0,2.42067240900256,722.1666666666666,20.04754236314915,15.020889409221672,1.404062939161823,0.9764622531937613,-0.007233333333333342,1.1252642868495673,0.0,0.3747269719804292,-1.1463046547931648,-1.1473463783917548,1.2145859364400446,0.9584950955704623,1.9310396446776017,0.5883275270251528,-0.8152062476336578,0.7677650001892437,0.40444374774377045,1.3280543459667216,0,baseline,1.0,0.1921528843929552,1.3280543459667216,0.06657055383880994,-0.17046993318312675
2026-09-06 18:36:00,Berbaring,60,1.0,1.0,1,83.76666666666667,4.0,5.619855484572058,717.4166666666666,39.73355823126736,28.418781090047965,1.3261954889899765,0.9755207004085077,0.03621666666666667,1.188706486998355,0.8993210126354603,0.9413875777070361,-0.6488699106747566,-0.4695956660901478,0.9527457150511119,0.8810305155137677,1.4432329567386668,0.7874914021571325,-0.6119411243565193,0.7443825775596363,0.3522354115583263,1.2933637752311293,0,baseline,1.0,-0.07746458005669465,1.2933637752311293,-0.03469057073559223,-0.10126112457440217
2026-09-06 18:37:00,Berbaring,60,1.0,1.0,1,77.03333333333333,-12.0,-13.690469574881833,795.8833333333333,68.54000234099759,43.53860550696962,1.0808992372726158,0.9766743174361401,-0.01685,0.5142157275217598,-2.697963037906381,-2.47898576026454,-0.08750352787960695,0.5221534082293964,0.1279026681322412,1.5267314165435484,2.0222364163865563,-0.7155267548294625,-0.020428891140572024,-0.34232456171373943,0.4653282802137957,0.9198436771480508,0,baseline,1.0,0.6457009010297807,0.9198436771480508,-0.3735200980830785,-0.3388295273474863
2026-09-06 18:38:00,Berbaring,60,1.0,1.0,1,81.3,1.0,8.348985829397117,736.6833333333333,58.841208800528086,46.260866794842585,1.1315916189993516,0.9759098116148611,-0.037916666666666675,0.9416158127346517,0.22483025315886507,1.4247893142675905,0.013568146635754064,0.18824306930880813,0.2983629108237355,0.7178502102202649,1.9019817914700765,0.6635087865296723,-0.1330071437971183,0.46035081052204335,0.20579670778942383,0.8439253306948508,0,baseline,1.0,-0.8088812063232835,0.8439253306948508,-0.07591834645320006,0.29760175162987845
2026-09-06 18:39:00,Berbaring,60,1.0,1.0,1,81.68333333333334,9.0,5.832772954136717,729.1,41.81221133770794,35.17293836488983,0.8808824414646306,0.974585041781418,-0.041849999999999984,0.9800150391404981,2.0234722784297854,0.9791009374689834,-0.39810265745426765,-0.39803173802283176,-0.5446818582685413,1.0509599977592328,1.897958488329065,0.8598880969785379,-0.47341866802358673,0.5541719025428511,0.4127913095762499,1.2004315629756812,0,baseline,1.0,0.3331097875389679,1.2004315629756812,0.35650623228083045,0.4324245787340305
2026-09-06 18:40:00,Berbaring,60,1.0,1.0,1,73.5,-7.0,6.445123645457096,832.6166666666667,84.96800827004556,61.869326481884656,1.1618194615008992,0.9768123067628245,0.002733333333333335,0.16027503195483392,-1.5738117721120555,1.0875645687974103,0.5930765002984119,1.0877372620014087,0.4000082704091289,0.9469501019904502,3.3618494084670267,-0.21733528493631063,0.512468245251361,-0.31076348527475056,0.36752882511910157,0.7358734331003489,0,baseline,1.0,-0.10400989576878261,0.7358734331003489,-0.4645581298753323,-0.8210643621561627
2026-09-06 18:41:00,Berbaring,60,1.0,1.0,1,85.45,8.0,1.9866804030622423,710.7333333333333,76.33376014486059,94.11190598143057,0.7486388208820757,0.9803708567748172,-0.13206666666666675,1.3573291768675042,1.7986420252709205,0.29785541847520586,1.7901737500117267,0.7904771228124471,-0.9893695784159486,1.2893539583435691,3.395973498599389,0.8694452019419666,0.7214915599331893,-0.11597521047093276,0.5049322179262274,1.2429367740872463,0,baseline,1.0,0.342403856353119,1.2429367740872463,0.5070633409868974,0.9716214708622297
2026-09-06 18:42:00,Berbaring,60,1.0,1.0,1,78.33333333333333,-7.0,-1.2436787996665195,776.6,37.59697066772575,32.853810758509155,0.9380466344830577,0.9843815266794461,0.014899999999999998,0.6444391909850625,-1.5738117721120555,-0.2743273104569112,-0.4842068501839973,-0.5431541632886723,-0.3524592424973573,0.7768677573717883,1.6913671615226427,-0.15752829150275527,-0.48613760000319906,0.10979881498156292,0.3436514292041406,0.6255373796393396,0,baseline,1.0,-0.5124862009717809,0.6255373796393396,-0.6173993944479067,-1.124462735434804
2026-09-06 18:43:00,Berbaring,60,1.0,1.0,1,75.03333333333333,9.0,-0.9524932261145439,807.3166666666667,101.58681545085625,64.89757249122835,1.4257060192458553,0.9844287208921294,0.02116666666666667,0.31387193757821674,2.0234722784297854,-0.22275058302675652,0.7055087258060424,1.6598900266773104,1.2873638284634104,1.235101653488417,2.883604789094503,0.6329116169221605,0.629282844547364,0.25379842023729665,0.49066885955344586,1.0496397387328056,0,baseline,1.0,0.4582338961166287,1.0496397387328056,0.42410235909346594,1.0415017535413726
2026-09-06 18:44:00,Berbaring,60,1.0,1.0,1,72.58333333333333,-16.0,-13.925534870797389,859.0666666666667,64.75452125217875,50.94646575456786,1.2606382348255294,0.9865774060955627,-0.0065833333333333325,0.06845079489737618,-3.597284050541841,-2.5206220904845917,0.18753430303542093,0.39182675800525024,0.7323002541276243,1.8268203140950936,2.2660322964763453,-0.8895218354191143,0.1852466733754625,-0.4175018197699373,0.5625284408204809,1.147306167475446,0,baseline,1.0,0.5917186606066767,1.147306167475446,0.09766642874264031,-0.32643593035082563
2026-09-06 18:45:00,Berbaring,60,1.0,1.0,1,78.28333333333333,17.0,9.874409558210674,750.7833333333333,58.087336834846994,43.964161059061716,1.351899133273775,0.9862635122766481,0.011850000000000003,0.6394305962364742,3.822114303700706,1.694982521014708,-0.07170357052765694,0.1622887439060717,1.0391778236525768,1.7795956737462666,2.90164584115797,0.9416671587891471,-0.12607644653430877,0.6612854115774537,0.5926245395844585,1.3004362917096697,0,baseline,1.0,-0.04722464034882701,1.3004362917096697,0.15313012423422379,0.055463695491583476
2026-09-06 18:46:00,Berbaring,60,1.0,1.0,1,76.3,-7.0,-0.5201444845789995,804.55,94.96037086015569,73.52320053526745,1.4755898138259562,0.9880523365423424,0.013033333333333333,0.44075633787579394,-1.5738117721120555,-0.14617009545336082,1.0257596414846304,1.4317546044841485,1.4551050834775137,1.148328512356355,2.7549879699818005,-0.246471933182192,0.6825940413980041,-0.21648495874429424,0.4664036452477893,0.8894274207947332,0,baseline,1.0,-0.6312671613899117,0.8894274207947332,-0.41100887091493643,-0.5641389951491602
2026-09-06 18:47:00,Berbaring,60,1.0,1.0,1,81.53333333333333,7.0,4.644623506529669,730.6166666666667,39.26575756959394,28.159352843102997,0.830073408153655,0.9875937424215783,0.0027333333333333315,0.9649892548947319,1.5738117721120555,0.7686479968991817,-0.6585019204499094,-0.4857011205299055,-0.7155343582713424,0.9291956445249576,1.9561849568431136,0.8069366123655884,-0.5893040628676859,0.5544788833236672,0.38062297293418523,1.2044694493699424,0,baseline,1.0,-0.2191328678313973,1.2044694493699424,0.31504202857520913,0.7260508994901456
2026-09-06 18:48:00,Berbaring,60,1.0,1.0,1,83.15,-6.0,-0.6159680609153421,727.55,30.578282422860237,34.40905477991887,0.9080320284652765,0.9867810668062552,0.01455,1.12693381843243,-1.3489815189531904,-0.16314300526408668,-0.426464003006126,-0.7847937611254503,-0.4533875645016511,0.8286213134655993,1.8012391512960386,0.18837099314846598,-0.5757891356972615,0.31817080250325924,0.36389149245206587,0.7750267335333013,0,baseline,1.0,-0.10057433105935831,0.7750267335333013,-0.42944271583664106,-0.7444847444118502
2026-09-06 18:49:00,Berbaring,60,1.0,1.0,1,81.51666666666667,-2.0,5.776604612392378,748.6333333333333,87.43927028915878,58.83472974127453,1.51957230749818,0.9860969377857766,-0.005483333333333331,0.9633197233118691,-0.44966050631773014,0.969152026824087,0.4804084858728125,1.1728179408425967,1.603002386586281,1.0202406577553977,2.7952755402662306,0.4932154002786778,0.34940443410202915,0.3796892534006732,0.4025455279831053,0.8194825934023084,0,baseline,1.0,0.19161934428979843,0.8194825934023084,0.04445585986900713,0.4738985757056482
2026-09-06 18:50:00,Berbaring,60,1.0,1.0,1,78.81666666666666,3.0,5.169769380383451,766.3666666666667,61.378229085317514,57.12504867779701,1.202847568546579,0.9848891436474179,-0.008033333333333335,0.6928556068880856,0.6744907594765952,0.8616653303694892,0.4169317253051694,0.2755876755845941,0.537971034160879,0.6078167599795905,1.3837490944457815,0.6123468973390085,0.15829583561031824,0.34285325821600926,0.23776016416277534,0.7576968698525304,0,baseline,1.0,-0.41242389777580724,0.7576968698525304,-0.06178572354977807,-0.1062415834187852
2026-09-06 18:51:00,Berbaring,60,1.0,1.0,1,79.43333333333334,0.0,1.783828841344889,761.75,86.2526098843647,51.83382836248799,1.6468945034095033,0.9869238155076707,0.03359999999999999,0.7546282754540121,0.0,0.26192499932753605,0.22048015767631854,1.1319635627908238,2.0311411260926073,1.0077661617745823,2.3701558342072544,0.4254552809198702,0.2480457134369111,0.4651031385222801,0.42239222659108544,0.7982950548292793,0,baseline,1.0,0.39994940179499183,0.7982950548292793,0.04059818497674894,0.10238390852652701
2026-09-06 18:52:00,Berbaring,60,1.0,1.0,1,77.55,-12.0,-16.016115587663197,801.3833333333333,97.3475499446493,79.81143030155306,0.9608488007715105,0.9870106120851175,-0.0013999999999999991,0.5659712065905084,-2.697963037906381,-2.8909196656331035,1.259228013917175,1.5139404736689475,-0.27578376056056175,1.8216509044077955,2.494852938612799,-0.731405364467417,0.7433236071247081,-0.6994677626504127,0.532349811316002,1.3638677592332622,0,baseline,1.0,0.8138847426332132,1.3638677592332622,0.5655727044039829,0.5249745194272339
2026-09-06 18:53:00,Berbaring,60,1.0,1.0,1,76.81666666666666,11.0,12.608502361767211,777.2166666666667,60.304619849073276,52.91230352580371,0.9686349478129742,0.9868933226262944,0.025116666666666673,0.4925118169445425,2.4731327847475155,2.1792632413046236,0.26052160820317677,0.23862542636805564,-0.2496017491988905,1.3720578566140351,1.7070723979484435,0.8716027724854233,0.10406278386928179,0.35593779818691756,0.4356633870607528,1.042599999517696,0,baseline,1.0,-0.4495930477937604,1.042599999517696,-0.3212677597155662,-0.8868404641195491
2026-09-06 18:54:00,Berbaring,60,1.0,1.0,1,78.01666666666667,-1.0,2.9591553209225334,771.3333333333334,52.59846832424398,60.838073493830144,0.5952334737633226,0.9874167086912645,-0.008150000000000001,0.6127180909106686,-0.22483025315886507,0.4701066504277718,0.5547883070173476,-0.026682176757249678,-1.5052165717767683,0.7327063186743831,2.2155853693301157,0.3275326301052591,0.1741268302769177,-0.21334201262160093,0.32111808973640676,0.535004129620837,0,baseline,1.0,-0.639351537939652,0.535004129620837,-0.507595869896859,-0.1863281101812928
2026-09-06 18:55:00,Berbaring,60,1.0,1.0,1,75.31666666666666,0.0,1.615448735759996,811.2666666666667,77.04827161067332,59.015510744842125,1.0327968422547815,0.9872992407782903,0.012433333333333331,0.34225397448688516,0.0,0.23210039399260676,0.4871204935821904,0.8150763438100544,-0.03384838102901043,0.42304253339122627,1.1523738213130992,0.2194276664094934,0.38271317263985816,-0.09627756173016067,0.202140581167772,0.49472018024892755,0,baseline,1.0,-0.3096637852831568,0.49472018024892755,-0.04028394937190943,0.4673119205249496
2026-09-06 18:56:00,Berbaring,60,1.0,1.0,1,79.3,1.0,1.677132536815834,759.6333333333333,47.9476998499819,49.52588776914589,0.7849243944404596,0.9880727475365887,0.005699999999999996,0.7412720227911086,0.22483025315886507,0.24302623951134078,0.13479131454791876,-0.18679896561373902,-0.8673542486114699,0.49404125202517435,1.4437315606827308,0.47119294535861095,-0.12023446217261453,0.15065856158319454,0.23285909007381178,0.5598218249210919,0,baseline,1.0,0.07099871863394808,0.5598218249210919,0.06510164467216434,0.10538559404407377
2026-09-06 18:57:00,Berbaring,60,1.0,1.0,1,77.45,-3.0,0.920832565030781,782.05,48.714465536864644,45.930492806974385,1.2150677018005802,0.9882430527356293,0.003983333333333332,0.5559540170933318,-0.6744907594765952,0.10906535324776136,0.0013020749258460034,-0.16040073481200365,0.5790629459875596,0.4353086819648253,1.3477661530849394,0.11921761169109919,-0.14944708890233266,0.25763926335978193,0.2111490207468083,0.38406922592889237,0,baseline,1.0,-0.05873257006034904,0.38406922592889237,-0.17575259899219953,-0.24085424366436387
2026-09-06 18:58:00,Berbaring,60,1.0,1.0,1,77.6,2.0,0.8602389552654057,772.2833333333333,37.16891888491575,45.017134214445015,0.895929389807434,0.9883524932691546,0.010450000000000003,0.5709798013390966,0.44966050631773014,0.0983326096686222,-0.03260895440523875,-0.5578911422002504,-0.494084384271223,0.4270649942411127,1.1327263334736426,0.43308439337248605,-0.26511642234439897,0.27770500341935606,0.20774930973155437,0.6149216647651876,0,baseline,1.0,-0.00824368772371259,0.6149216647651876,0.23085243883629525,0.4066050378284948
2026-09-06 18:59:00,Berbaring,60,1.0,1.0,1,77.68333333333334,-3.0,-3.1058627396498397,781.7333333333333,55.85145755246199,56.57528357741043,1.0230809091297692,0.9873601655940785,-0.007449999999999998,0.5793274592534119,-0.6744907594765952,-0.6041697278738833,0.3965201360379271,0.08531182859681373,-0.06651956873117428,0.4698422304614213,0.9190928085279223,0.025651786929796944,0.12292372981576416,-0.06670428465526974,0.19670297262149927,0.2427133670690929,0,baseline,1.0,0.0427772362203086,0.2427133670690929,-0.3722082976960947,-0.6030607365323899
2026-09-06 19:00:00,Berbaring,60,1.0,1.0,1,78.4,2.0,0.4001111419839432,766.65,28.13335374995912,41.34784235962755,0.3642464926564225,0.9882408617626178,0.0031833333333333327,0.651117317316515,0.44966050631773014,0.01683170796129557,-0.16884182584343488,-0.8689678347768373,-2.2819426895257684,1.050183058372464,3.0159460131836555,0.45860035214354244,-0.4139166372520407,0.023491483574200545,0.437405769055046,0.7573090004637287,0,baseline,1.0,0.5803408279110427,0.7573090004637287,0.5145956333946358,0.8868039310907305
2026-09-06 19:01:00,Berbaring,60,1.0,1.0,1,77.46666666666667,2.0,-10.716310086134978,780.95,107.37316917008233,74.87639532103016,1.3345944779754753,0.9873006707051982,0.0085,0.5576235486761946,0.44966050631773014,-1.952182830388195,1.076000837490234,1.8591027765352333,0.980988493394987,1.2845580145466817,3.2120071378767943,0.14767589600290698,0.7375345231446826,-0.12752640122979136,0.4240839335523612,0.8728548039613352,0,baseline,1.0,0.23437495617421766,0.8728548039613352,0.11554580349760646,-0.3990498298970293
2026-09-06 19:02:00,Berbaring,60,1.0,1.0,1,76.31666666666666,-11.0,-15.055848846901869,813.4,107.72724503130068,64.57881795769848,1.5009923981907694,0.9884440233961544,0.03411666666666667,0.4424258694586567,-2.4731327847475155,-2.7208308272873754,0.693674059307736,1.8712929103214293,1.540524835880535,1.8289880826300746,2.7751489492423778,-0.7195591652145785,0.6415825253180062,-0.41407783120786296,0.5488126449602824,1.1840816266642429,0,baseline,1.0,0.5444300680833929,1.1840816266642429,0.3112268227029077,0.19568101920530123
2026-09-06 19:03:00,Berbaring,60,1.0,1.0,1,76.71666666666667,6.0,2.125590441789457,808.6833333333333,97.9445522259123,71.77200247299118,1.313790792520933,0.9849277231726604,0.0014833333333333345,0.48249462744736593,1.3489815189531904,0.3224600893637756,0.960741444535353,1.5344940851301152,0.911033183530576,1.0217803413051787,1.969982960810339,0.6159392891053315,0.6726309016662768,0.14988838113793915,0.42592075377750604,1.0176878465612729,0,baseline,1.0,-0.8072077413248959,1.0176878465612729,-0.16639378010297,-0.4776206028058777
2026-09-06 19:04:00,Berbaring,60,1.0,1.0,1,73.5,0.0,-7.795498749652677,822.0166666666667,77.2474543854977,78.1878442153948,0.8802197987481934,0.98381169541612,-0.015016666666666663,0.16027503195483392,0.0,-1.434829280419952,1.198947773670261,0.8219338140274823,-0.5469100873320427,0.8656967090225405,2.1190046586331683,-0.12639353917612928,0.6820032059043002,-0.503512292900805,0.29469929971776454,0.9063531353537526,0,baseline,1.0,-0.15608363228263822,0.9063531353537526,-0.11133471120752025,0.05505906889544976
2026-09-06 19:05:00,Berbaring,60,1.0,1.0,1,77.23333333333333,-4.0,-2.2539594331758157,789.75,96.5744860505724,68.17462622572235,1.686727027113616,0.9837262022455003,0.022800000000000004,0.5342501065161145,-0.8993210126354603,-0.4532749424664758,0.8271786440823009,1.487325408011411,2.165083573188888,1.2167996199719056,2.8484064024410327,-0.04392171047311252,0.6168656842838752,0.06947155928713424,0.48248488389639677,0.7874454583247038,0,baseline,1.0,0.3511029109493651,0.7874454583247038,-0.11890767702904881,-0.0075729658215285545
2026-09-06 19:06:00,Berbaring,60,1.0,1.0,1,76.43333333333334,2.0,0.10002778549602558,787.6166666666667,61.05737553600411,56.38983560289952,1.004820167101212,0.9860424757345719,0.011666666666666667,0.4541125905386975,0.44966050631773014,-0.03632105402174483,0.38963485379011414,0.26454132049433754,-0.1279238747015316,0.3286066498740095,0.896116437215414,0.3620228680155138,0.18737183733514842,0.07035685506169403,0.16456433980962082,0.4451968905817695,0,baseline,1.0,-0.8881929700978961,0.4451968905817695,-0.34224856774293433,-0.22334089071388552
2026-09-06 19:07:00,Berbaring,60,1.0,1.0,1,76.08333333333333,2.0,-2.4529753888503087,789.8833333333333,53.752443118828914,57.34049357469667,0.6904867736266205,0.9855622939843863,-0.001083333333333331,0.4190524272985766,0.44966050631773014,-0.4885259735353034,0.4249307284105812,0.013046900179779152,-1.184913992596514,0.6056972084559828,1.934935179216085,0.28406475015700694,0.1519765910239076,-0.16287079369074622,0.26893554769034445,0.4501587395019339,0,baseline,1.0,0.27709055858197335,0.4501587395019339,0.004961848920164436,0.34721041666309876
2026-09-06 19:08:00,Berbaring,60,1.0,1.0,1,77.56666666666666,-2.0,-3.6783504849666553,775.6666666666666,75.89816251693007,64.57750566016107,1.4063871774065195,0.9873396599649134,-0.014416666666666668,0.5676407381733711,-0.44966050631773014,-0.7055725688083733,0.6936253365381182,0.7754803553311751,1.2224015134906467,0.7744884954608409,1.8959888420643,0.07134693654670778,0.4315793190098978,0.046319323911473725,0.3254936366964548,0.5472135609148835,0,baseline,1.0,0.16879128700485801,0.5472135609148835,0.09705482141294958,0.09209297249278514
2026-09-06 19:09:00,Berbaring,60,1.0,1.0,1,78.05,1.0,-2.7441096133774425,773.3333333333334,59.21396613393444,50.48124337022009,1.3555076052826456,0.9859988318065092,0.019899999999999994,0.6160571540763942,0.22483025315886507,-0.5400936056843088,0.17026160198445112,0.2010763693490135,1.051311816837062,0.5622059851405888,1.7251232440382784,0.3142610987194505,0.02069858587822605,0.35549678695370457,0.24667794771670815,0.5351788906990346,0,baseline,1.0,-0.21228251032025203,0.5351788906990346,-0.01203467021584892,-0.1090894916287985
2026-09-06 19:10:00,Berbaring,60,1.0,1.0,1,77.13333333333334,-3.0,-4.7011063759732625,786.5,63.89092930500876,60.43780947022586,1.008446410308198,0.986210172689672,-0.006066666666666666,0.5242329170189378,-0.6744907594765952,-0.8867299014830877,0.5399273694232377,0.36209498996983525,-0.11573012337113772,0.5703910444538256,0.9973535816342787,-0.04699396844833598,0.2753441242626896,-0.19779043198804105,0.2144975830445428,0.40392213105309926,0,baseline,1.0,0.008185059313236764,0.40392213105309926,-0.1312567596459353,-0.11922208943008639
2026-09-06 19:11:00,Berbaring,60,1.0,1.0,1,76.26666666666667,4.0,3.1020122017376086,781.8,44.83030149578954,51.38093031466052,0.8800120040565359,0.9850283003719366,0.009049999999999999,0.4374172747100684,0.8993210126354603,0.49541041226405674,0.20366503258800372,-0.29412484451356613,-0.5476088261240153,0.5281110881670982,1.1664972703650163,0.5260639545240812,-0.04895972208173029,0.20384525124888647,0.23448432031600563,0.6129242380315985,0,baseline,1.0,-0.04227995628672743,0.6129242380315985,0.2090021069784992,0.3402588666244345
2026-09-06 19:12:00,Berbaring,60,1.0,1.0,1,75.33333333333333,-4.0,3.3909419283134494,815.5333333333333,80.57872593585932,72.13664058752832,0.8988965025997813,0.984491724076604,-0.0018499999999999994,0.3439235060697479,-0.8993210126354603,0.5465875690589187,0.9742796691696199,0.9366229253871944,-0.48410705139696575,0.7401196578679142,2.2120485672054255,0.0013497590868741859,0.6051446612624684,-0.40440881185260075,0.3205806864819225,0.7953114776949426,0,baseline,1.0,0.21200856970081605,0.7953114776949426,0.18238723966334414,-0.026614867315155055
2026-09-06 19:13:00,Berbaring,60,1.0,1.0,1,76.95,2.0,1.6524651383352196,775.5333333333333,36.44753213689586,37.81982262056298,0.9269582271864717,0.9842234613202923,-0.006566666666666665,0.505868069607446,0.44966050631773014,0.23865698566292318,-0.2998295691357469,-0.5827270656085635,-0.389745567078183,0.4274779608693262,0.8562234169398887,0.4210142441308775,-0.3899674476731593,0.3523206421813923,0.2038571702175369,0.703573155231226,0,baseline,1.0,-0.312641696998588,0.703573155231226,-0.0917383224637166,-0.27412556212706074
2026-09-06 19:14:00,Berbaring,60,1.0,1.0,1,76.85,12.0,9.058929087848538,780.4,109.79614392290371,53.19646987140839,1.2129862810526977,0.9851710782362203,0.02245,0.495850880110268,2.697963037906381,1.55053919083381,0.2710720900834878,1.9425210200038376,0.5720638768228917,1.5331432582481943,3.0822448101318365,0.8654567560921704,0.48961189184550413,0.3105260122506419,0.5345823785344369,1.17087143829967,0,baseline,1.0,1.105665297378868,1.17087143829967,0.4672982830684441,0.5590366055321607
2026-09-06 19:15:00,Berbaring,60,1.0,1.0,1,75.16666666666667,-18.0,-13.143651014170546,831.75,126.22681025486877,86.3798273688434,1.491855365225069,0.9843607990863451,0.0021833333333333336,0.3272281902411203,-4.046944556859571,-2.3821296162065604,1.5030983923522812,2.5081964662028877,1.509800281149424,2.3448251968364913,3.748912106493763,-0.8834845135338567,0.8827979871083196,-0.584647806528484,0.6892126718823076,1.5416563613394436,0,baseline,1.0,0.811681938588297,1.5416563613394436,0.3707849230397735,-0.09651336002867061
2026-09-06 19:16:00,Berbaring,60,1.0,1.0,1,66.13333333333334,-3.0,-0.9802722978604625,915.4166666666666,33.488319069853205,43.305771330256604,0.7035216748144943,0.988003590708818,0.038016666666666664,-0.5776579276705491,-0.6744907594765952,-0.22767099716068756,-0.09614815733880816,-0.6846069369586875,-1.1410823093285576,0.6608656585522618,1.361589344770698,-0.5036686707371183,-0.10807784846735169,-0.4184334094332681,0.3011877420851202,0.7288096633029157,0,baseline,1.0,-1.6839595382842294,0.7288096633029157,-0.8128466980365279,-1.1836316210763014
2026-09-06 19:17:00,Berbaring,60,1.0,1.0,1,78.0,13.0,14.071295079074575,760.15,79.3161075397314,62.7407903971652,1.3804993865171886,0.9871975422953931,0.017316666666666664,0.6110485593278059,2.9227932910652457,2.438362826311744,0.6254320708637702,0.8931534634567743,1.1353501861032296,1.6999815031604515,2.4037705106439713,0.9183937941183857,0.4178350657870677,0.4639847539094692,0.5298883450017304,1.2304864132957951,0,baseline,1.0,1.0391158446081898,1.2304864132957951,0.5016767499928794,1.3145234480294072
2026-09-06 19:18:00,Berbaring,60,1.0,1.0,1,70.18333333333334,-14.0,-14.28563489858287,887.5,75.15982969645421,76.97468216832893,0.9716207108800775,0.9881696711530894,0.0017833333333333303,-0.17196175303487468,-3.147623544224111,-2.5844054048642366,1.1539056904206997,0.7500610120600166,-0.23956170216023853,1.7591539534054401,1.8964043085759499,-0.8909526334234749,0.694478840753904,-0.7258499391028201,0.537446181086356,1.4463070168256071,0,baseline,1.0,0.05917245024498863,1.4463070168256071,0.21582060352981203,-0.28585614646306734
2026-09-06 19:19:00,Berbaring,60,1.0,1.0,1,66.46666666666667,-1.0,-0.5334815226451154,908.3666666666667,72.92670261846656,85.76821346325202,0.8272898472029059,0.9884110049284479,0.008849999999999998,-0.5442672960132925,-0.22483025315886507,-0.1485324404303824,1.480390490700673,0.6731788497217613,-0.7248944723367862,0.7680098939032216,1.3389979379906138,-0.3705633430787181,0.7973750577145622,-0.6569023632022641,0.3425214473267356,1.149767728960288,0,baseline,1.0,-0.9911440595022185,1.149767728960288,-0.29653928786531925,-0.5123598913951313
2026-09-06 19:20:00,Berbaring,60,1.0,1.0,1,71.61666666666666,6.0,0.3817727146429845,840.35,97.45243516015424,78.39178009485866,0.9666297547169317,0.9886644398443017,-0.007000000000000002,-0.02838203690866984,1.3489815189531904,0.013583483617882159,1.2065194718474332,1.5175514648412904,-0.2563444921940267,0.969974688036644,2.0594473483395657,0.372326968989349,0.7812809454076034,-0.2693785107304753,0.41214110498450773,0.9957170079671301,0,baseline,1.0,0.2019647941334224,0.9957170079671301,-0.15405072099315775,0.1424885668721615
2026-09-06 19:21:00,Berbaring,60,1.0,1.0,1,68.81666666666666,-3.0,5.731367714648152,887.3333333333334,86.14525900894091,81.15386098358088,0.962995656488106,0.9889706022433927,-0.0056333333333333365,-0.3088633428296299,-0.6744907594765952,0.9611393663193821,1.3090695620293198,1.128267683808906,-0.26856465713695016,0.8691855661359343,2.250872770487741,-0.22417826497624857,0.7871245004707081,-0.5440774366948845,0.3460998945754724,1.0419339076326541,0,baseline,1.0,-0.10078912190070966,1.0419339076326541,0.046216899665524,0.20026762065868176
2026-09-06 19:22:00,Berbaring,60,1.0,1.0,1,79.13333333333334,24.0,26.492976791269147,743.15,86.8752905128663,48.5841921700213,1.5791531862050154,0.9905273658245253,0.059533333333333334,0.724576706962481,5.395926075812762,4.638573791707112,0.09982819344295103,1.1534012291185667,1.8033514469024425,3.048217319068208,3.6638459868017574,0.9912386500178944,0.19577992164738267,0.663013907182527,0.7297230715604707,1.4117248461703298,11,tau_in,0.0,2.1790317529322736,1.7300193759882116,0.6880854683555575,0.6418685686900335
2026-09-06 19:23:00,Berbaring,60,1.0,1.0,1,71.96666666666667,-31.0,-27.857738260627926,901.2833333333333,152.11582247198245,101.55160665178727,1.4373650671280098,0.9802819457680514,0.0011833333333333316,0.006678126331451057,-6.969737847924817,-4.988386712108276,2.0663937469663667,3.3995041126297245,1.3265690120402482,3.8954607970623734,5.254165198500857,-0.993134895788026,0.9629564924059608,-0.669886091491379,0.8377864310025663,1.7504958174883762,11,peak,0.0,0.8472434779941653,2.0159949422169436,0.285975566228732,-0.4021099021268255
2026-09-06 19:24:00,Berbaring,60,1.0,1.0,1,65.83333333333333,16.0,11.522774471593236,900.0166666666667,101.32469902629053,57.92236183029832,1.2830549919837297,0.9817239267772996,0.0018333333333333318,-0.6077094961620818,3.597284050541841,1.9869518888851518,0.44653423840537015,1.650865874982753,0.8076797438138981,1.8634573026398484,2.7609552550651686,0.7790651704775413,0.6526218639111762,0.22705270521653986,0.6010349299879485,1.202353423548112,11,falling,0.7017893305563383,-2.0320034944225247,1.2387830150950174,-0.7772119271219262,-1.0631874933506582
2026-09-06 19:25:00,Berbaring,60,1.0,1.0,1,68.05,-16.0,-10.697971658794067,927.05,118.52732288880249,88.80286680362505,1.7239774749008852,0.9794175495316403,0.005583333333333333,-0.3856617956413213,-3.597284050541841,-1.94893460604479,1.5930606065530675,2.243118296924369,2.290343427902635,2.224957994638096,4.0775163859672094,-0.919168362716834,0.9076631101081165,-0.49803429195371846,0.6795646509578674,1.5422610256581128,11,falling,0.5769384977061707,0.36150069199824775,1.5992342248673663,0.3604512097723489,1.1376631368942751
2026-09-06 19:26:00,Berbaring,60,1.0,1.0,1,68.81666666666666,0.0,-7.883593714512952,888.05,131.4907259731619,89.44669845448058,1.5829570029396112,0.9780690135403552,-0.025533333333333328,-0.3088633428296299,0.0,-1.450433247110824,1.616964683412935,2.6894227057563467,1.8161423141224609,1.5992235278230553,3.209371897446294,-0.36915102753601065,0.9251244031360761,-0.3351538060408702,0.5567737682129908,1.189307674692528,11,falling,0.793047266110111,-0.6257344668150409,1.2071794312143689,-0.39205479365299745,-0.7525060034253463
2026-09-06 19:27:00,Berbaring,60,1.0,1.0,1,66.98333333333333,1.0,-1.5354265073630982,896.7,43.055069191105105,51.108558439489485,0.6673370738800355,0.9793353859385524,-0.00031666666666666524,-0.49251181694454393,0.22483025315886507,-0.3260036068293102,0.19355245388842748,-0.3552425926176527,-1.2627581045246163,0.5996683481711315,1.5311048735141644,-0.24711042725662902,0.11562610779384919,-0.4235881595536289,0.2740400240592257,0.5735484493597033,11,falling,1.0,-0.9995551796519239,0.5735484493597033,-0.6336309818546656,-0.24157618820166815
2026-09-06 19:28:00,Berbaring,60,1.0,1.0,1,67.41666666666667,-2.0,-0.5284801333703413,905.2,89.36191886017713,65.06255138880076,1.1757274422639519,0.9787916639156009,-0.04155,-0.4491039957901092,-0.44966050631773014,-0.14764656106400273,0.7116340354931115,1.2390109403424954,0.44677580618991913,0.6666918589483256,1.2937466876858132,-0.3834109468781873,0.6589594627985923,-0.44940030493161864,0.30487712730614647,0.9360246923158158,11,tau_out,1.0,0.06702351077719415,0.9360246923158158,0.36247624295611247,0.9961072248107781
2026-09-06 19:29:00,Berbaring,60,1.0,1.0,1,69.81666666666666,2.0,10.384551264240097,870.8333333333334,83.8661497473583,63.935878895730305,1.0385193485485045,0.9780230195191477,-0.001866666666666663,-0.20869144785785834,0.44966050631773014,1.78534221638587,0.6698031223429626,1.0498024455504928,-0.01460565108805069,0.9114208910074076,2.2189787698369177,0.2802185112065858,0.5866748472903308,-0.16981106776670113,0.2589767840167362,0.7201489872670007,0,baseline,1.0,0.24472903205908203,0.7201489872670007,-0.21587570504881504,-0.5783519480049275
2026-09-06 19:30:00,Berbaring,60,1.0,1.0,1,70.55,6.0,6.883578771881121,849.1,68.2807514380821,63.95589051997783,0.9154539380236463,0.9771256528226029,-0.02085,-0.13523205821189244,1.3489815189531904,1.1652266599170769,0.6705461106745675,0.5132279107954354,-0.4284303527578048,0.8258712126346136,1.121769813002042,0.4661192193943571,0.4808995207758064,-0.09354096986305105,0.30910815232554556,0.7435248742632877,0,baseline,1.0,-0.08554967837279404,0.7435248742632877,0.02337588699628701,0.23925159204510205
2026-09-06 19:31:00,Berbaring,60,1.0,1.0,1,67.41666666666667,-2.0,-2.1055848846901046,896.4166666666666,34.64409440057797,50.29573557419309,0.5398389363948919,0.9766774857837166,0.0301,-0.4491039957901092,-0.44966050631773014,-0.42699385459708034,0.1633740986931145,-0.6448158711124008,-1.6914884722470835,0.80517333303118,1.8199732743218235,-0.41856787242234195,0.01847048477488779,-0.5216972060680548,0.34984989971964564,0.7550517530507732,0,baseline,1.0,-0.02069787960343361,0.7550517530507732,0.011526878787485484,-0.011849008208801526
2026-09-06 19:32:00,Berbaring,60,1.0,1.0,1,68.11666666666666,3.0,7.186996387885596,888.75,71.28853403420331,61.12310445572185,1.0767907869182345,0.9764698698801814,0.0010833333333333328,-0.37898366930987026,0.6744907594765952,1.2189700081443777,0.5653708902305954,0.6167799352693639,0.11408742764366024,0.6828289146625914,1.1612444776983402,0.17493378199950685,0.49370349817688947,-0.1513344262900031,0.22592787597035524,0.5901614066657948,0,baseline,1.0,-0.12234441836858856,0.5901614066657948,-0.16489034638497846,-0.17641722517246394
2026-09-06 19:33:00,Berbaring,60,1.0,1.0,1,66.43333333333334,-5.0,-3.0475131981105377,911.8333333333334,36.868141897926584,53.63514532057616,0.6368450686118923,0.9772432817954502,0.010633333333333331,-0.547606359179018,-1.1241512657943253,-0.593834468599406,0.28735916084105184,-0.5682463008337441,-1.3652917484590599,0.8352373787570739,1.5291500505068656,-0.6215359766968485,0.12485236160543094,-0.593836622178519,0.35453454942464946,0.9382066739813201,0,baseline,1.0,0.1524084640944825,0.9382066739813201,0.3480452673155253,0.5129356137005038
2026-09-06 19:34:00,Berbaring,60,1.0,1.0,1,65.05,1.0,1.1686579605446425,927.4,52.977833548170196,59.19931859433771,1.2349419591535853,0.9753773115680834,0.005883333333333334,-0.686177480556636,0.22483025315886507,0.1529618372623005,0.4939448815350831,-0.013621380074927988,0.6458929235168993,0.44835444644021144,1.9038782980286357,-0.27937521211572647,0.3846449747960972,-0.23174481231822536,0.21586985893645572,0.5712335072579796,0,baseline,1.0,-0.3868829323168625,0.5712335072579796,-0.36697316672334046,-0.7150184340388658
2026-09-06 19:35:00,Berbaring,60,1.0,1.0,1,65.58333333333333,-2.0,-0.9485968324534186,922.3666666666667,66.95077034446665,83.39206969571863,0.7080328657222947,0.9771132487313031,-0.007766666666666662,-0.6327524699050247,-0.44966050631773014,-0.22206042784025803,1.3921694112092595,0.46743928400653956,-1.125912797248486,0.8242366037201351,1.4258699271302298,-0.47477816669939027,0.7653909599019019,-0.7198220475965406,0.36155132981301863,1.2083462969569723,0,baseline,1.0,0.37588215727992363,1.2083462969569723,0.6371127896989927,1.0040859564223332
2026-09-06 19:36:00,Berbaring,60,1.0,1.0,1,66.26666666666667,4.0,1.9872186718533225,901.1333333333333,36.27553065488892,51.67105867973624,0.5412230156906969,0.9758390636784035,0.019000000000000003,-0.564301675007647,0.8993210126354603,0.2979507602271445,0.21443687135794023,-0.5886487375064272,-1.6868343115106832,0.8615770252043102,1.996413361598235,0.004122973208251352,0.08344394632175536,-0.3635698659700473,0.37323180270815504,0.5276977516344761,0,baseline,1.0,0.03734042148417516,0.5276977516344761,-0.6806485453224962,-1.3177613350214887
2026-09-06 19:37:00,Berbaring,60,1.0,1.0,1,66.88333333333334,-3.0,-2.662406223951022,908.7833333333333,68.65366080001078,80.8326373084368,0.5985322761573917,0.9772081009045238,0.019433333333333337,-0.5025290064417205,-0.6744907594765952,-0.5256217573878337,1.29714322164259,0.5260664448779165,-1.4941238861003379,0.9287522137855603,1.686059632289267,-0.5061807605822153,0.7377167676882848,-0.7543480385455477,0.39038924548665854,1.233648944376478,0,baseline,1.0,0.06717518858125004,1.233648944376478,0.7059511927420019,1.386599738064498
2026-09-06 19:38:00,Berbaring,60,1.0,1.0,1,67.28333333333333,1.0,-3.7360377882744675,901.5833333333334,83.49470533638069,78.96212350964569,0.9371559985085895,0.9769544900122107,0.010249999999999999,-0.46246024845301276,0.22483025315886507,-0.7157905280382684,1.227695089426147,1.0370143468408783,-0.3554541308649233,0.7622068651256289,1.4587929831655497,-0.286062591532645,0.7726934552526795,-0.5739588354505619,0.31994219213105524,1.0538874385635726,0,baseline,1.0,-0.16654534865993142,1.0538874385635726,-0.1797615058129054,-0.8857126985549073
2026-09-06 19:39:00,Berbaring,60,1.0,1.0,1,65.76666666666667,1.0,3.4709641567102594,912.3666666666667,41.86174446577106,59.59666695264431,0.389621270457803,0.9771664207107572,0.03551666666666667,-0.6143876224935328,0.22483025315886507,0.5607616389210685,0.5086975667820446,-0.39632641008587355,-2.1966164405919013,0.9986195500084387,2.3643845255484113,-0.18422233929509127,0.2945849954647322,-0.6060581032516603,0.41280591172128456,0.811439052004125,0,baseline,1.0,0.23641268488280986,0.811439052004125,-0.24244838655944756,-0.06268688074654216
2026-09-06 19:40:00,Berbaring,60,1.0,1.0,1,66.91666666666667,1.0,3.082381229854641,902.2166666666667,55.74217028446774,71.38532346904132,0.7770788361411626,0.9757764291043239,0.05903333333333332,-0.499189943275995,0.22483025315886507,0.49193324382591597,0.9463848893423428,0.08154928343659396,-0.8937360386594821,0.6113913517254098,1.2535078711183532,-0.132531176259593,0.5654011578256539,-0.5099113709378617,0.271152563492995,0.8190093411261519,0,baseline,1.0,-0.3872281982830289,0.8190093411261519,0.007570289122026841,0.2500186756814744
2026-09-06 19:41:00,Berbaring,60,1.0,1.0,1,65.75,-1.0,-0.21377494387601692,919.25,51.3464883356864,63.34610338102354,0.6310141585929049,0.9756986777560184,0.008050000000000003,-0.6160571540763956,-0.22483025315886507,-0.09190388267026466,0.647906032917668,-0.0697853792902957,-1.3848990011288362,0.6808228909997452,1.403493232861146,-0.3969861104191332,0.4318051272358944,-0.6247845057509155,0.31087690627698206,0.9116215054811302,0,baseline,1.0,0.06943153927433543,0.9116215054811302,0.09261216435497832,0.08504187523295148
2026-09-06 19:42:00,Berbaring,60,1.0,1.0,1,66.1,0.0,-0.10336204501241864,913.6166666666667,40.87106293345861,58.97040337810376,0.5037302894886635,0.9772458637740827,0.00565,-0.5809969908362761,0.0,-0.07234681492135521,0.4854457546034103,-0.4304336219608883,-1.8129088613713709,0.8216204302277458,1.88935974382878,-0.318880478762235,0.2688150687079602,-0.5952863170341556,0.36219914323586977,0.8120962501507963,0,baseline,1.0,0.14079753922800053,0.8120962501507963,-0.09952525533033385,-0.19213741968531217
2026-09-06 19:43:00,Berbaring,60,1.0,1.0,1,68.75,3.0,-2.8424562378437774,875.5833333333334,76.68829527879964,71.28196577022688,1.095856897002628,0.9760975967763339,0.037099999999999994,-0.31554146916108095,0.6744907594765952,-0.5575134145776588,0.9425474415044854,0.8026830684528895,0.17819989664715064,0.6363668231775261,1.642700813360807,-0.054772719927960976,0.6539562773266437,-0.34006052710288914,0.27783105719999623,0.7896139068820859,0,baseline,1.0,-0.18525360705021965,0.7896139068820859,-0.02248234326871046,0.07704291206162339
2026-09-06 19:44:00,Berbaring,60,1.0,1.0,1,79.1,-1.0,3.1575437621562443,784.3,141.92672972407098,113.59465552001936,0.9580548138349326,0.9830484123801655,0.025533333333333335,0.721237643796754,-0.22483025315886507,0.5052465319610098,2.5135261074069053,3.048713738697945,-0.2851789334655021,1.6593072056764049,3.6695334952025207,0.38423486944254237,0.9640537302673069,-0.3591730629107466,0.5941577221326083,1.2486251309453666,0,baseline,1.0,1.0229403824988788,1.2486251309453666,0.45901122406328076,0.4814935673319912
2026-09-06 19:45:00,Berbaring,60,1.0,1.0,1,62.56666666666667,-3.0,-1.1336482356209627,968.5166666666667,54.885239801084936,76.61614645950999,0.6202692884696046,0.9797693469772649,0.017366666666666676,-0.9349376864032013,-0.6744907594765952,-0.25483796439646533,1.1405940349138193,0.05204685646526117,-1.4210301337865934,0.8866584196720916,1.582553063235028,-0.6379971085777987,0.6790375656184591,-0.7651720230792389,0.38263083761173045,1.264921700687163,0,baseline,1.0,-0.7726487860043133,1.264921700687163,0.016296569741796274,-0.4427146543214845
2026-09-06 19:46:00,Berbaring,60,1.0,1.0,1,64.21666666666667,2.0,1.9722145040289627,936.2333333333333,53.045029373570316,57.62650049518914,0.7567114857061621,0.9805736266538084,-0.0012166666666666673,-0.7696540596997784,0.44966050631773014,0.2952931221279989,0.4355495468560884,-0.011307960293407773,-0.9622241108287528,0.5769844723102887,1.088681181166622,-0.23938121695668718,0.3719256847252473,-0.4843588908830326,0.2658577440336043,0.707754164403211,0,baseline,1.0,-0.30967394736180287,0.707754164403211,-0.5571675362839519,-0.5734641060257482
2026-09-06 19:47:00,Berbaring,60,1.0,1.0,1,66.86666666666666,0.0,3.9677688246735645,903.0333333333333,71.91095403855009,77.06380803252962,0.7016802734951951,0.9798251584109153,-0.0033666666666666675,-0.5041985380245847,0.0,0.6487589893152086,1.157214741016806,0.6382086288213175,-1.1472742795041202,0.7892822557133471,1.6006468618854428,-0.17807636317310455,0.714765494655963,-0.6172299857127226,0.33451645603510516,1.017582929344315,0,baseline,1.0,0.21229778340305838,1.017582929344315,0.309828764941104,0.8669963012250559
2026-09-06 19:48:00,Berbaring,60,1.0,1.0,1,68.45,6.0,3.439288691303184,872.7166666666667,74.58361061085346,79.3774505827502,0.8641286587131333,0.9802543447110497,0.029566666666666668,-0.3455930376526121,1.3489815189531904,0.5551510696006333,1.243115285473175,0.730222925048202,-0.6010188023327535,0.8838517155260874,1.554875195172361,0.2893813549583621,0.7330959656172953,-0.3489492297025829,0.373695968901921,0.9394602202783594,0,baseline,1.0,0.09456945981274034,0.9394602202783594,-0.07812270906595564,-0.38795147400705965
2026-09-06 19:49:00,Berbaring,60,1.0,1.0,1,71.31666666666666,2.0,-0.7285357043622651,842.75,70.74581499271213,77.5491096453058,0.6096439060455366,0.9803602355706749,0.012233333333333329,-0.05843360540020102,0.44966050631773014,-0.18308173571935926,1.175232940396418,0.5980951887257021,-1.4567594722986426,0.826656564948776,2.0000835121201446,0.07515542599219169,0.6682578843660366,-0.5494256508905422,0.36296069031472666,0.9411832694240149,0,baseline,1.0,-0.05719515057731139,0.9411832694240149,0.0017230491456554642,0.0798457582116111
2026-09-06 19:50:00,Berbaring,60,1.0,1.0,1,71.56666666666666,-2.0,-1.4937482634064414,845.8833333333333,62.68000293842991,76.46966829725055,0.757299592148975,0.9808309734485415,0.023916666666666673,-0.033390631657258134,-0.44966050631773014,-0.31862127877610985,1.1351556175196307,0.320405182697925,-0.9602465204383323,0.660573003991396,1.3638680785031947,-0.1983901533569249,0.6113755513553596,-0.5631406020365934,0.29863490031918016,0.9052341460057932,0,baseline,1.0,-0.16608356095738008,0.9052341460057932,-0.03594912341822165,-0.037672172563877115
2026-09-06 19:51:00,Berbaring,60,1.0,1.0,1,71.63333333333334,1.0,0.8935815504307282,839.4333333333333,62.19280209773766,76.71552115732955,0.7977001237933822,0.9800571013543433,0.017550000000000007,-0.02671250532580565,0.22483025315886507,0.10423847211118194,1.144283602538288,0.3036318183450152,-0.8243940669849779,0.5976803328388107,1.3996491781658877,0.0682865297068433,0.6110569727777037,-0.4328533262687717,0.27857882579972004,0.8018864248542591,0,baseline,1.0,-0.06289267115258523,0.8018864248542591,-0.10334772115153412,-0.06739859773331247
2026-09-06 19:52:00,Berbaring,60,1.0,1.0,1,70.6,0.0,-4.594609613781553,859.6,81.90262924940872,59.79300452252344,1.2416277428506184,0.9806686643715978,0.005716666666666664,-0.13022346346330416,0.0,-0.8678664859341874,0.5159871561562759,0.982202306191703,0.6683748088171915,0.6387278226433243,1.3998005796163602,-0.19910734507238315,0.5045476599475032,-0.2480513148648985,0.25255027226606397,0.6477060836893092,0,baseline,1.0,0.04104748980451356,0.6477060836893092,-0.15418034116494994,-0.05083262001341582
2026-09-06 19:53:00,Berbaring,60,1.0,1.0,1,70.1,-6.0,0.5334815226452568,882.6166666666667,86.85797713561142,91.89096338891204,0.7798893449911877,0.9804134766654188,-0.014283333333333334,-0.18030941094918992,-1.3489815189531904,0.04045515773153874,1.707714954513912,1.1528051636756933,-0.8842853085035306,1.070911594549566,2.2286673337460314,-0.4603823442200968,0.8520279080536062,-0.7156558487523981,0.44372509783526337,1.2833388933848398,0,baseline,1.0,0.4321837719062417,1.2833388933848398,0.6356328096955306,0.7898131508604805
2026-09-06 19:54:00,Berbaring,60,1.0,1.0,1,70.1,3.0,2.3639899972215135,857.0166666666667,64.90292403291703,71.81473339227396,1.0104664803155199,0.9791709491320529,-0.021850000000000005,-0.18030941094918992,0.6744907594765952,0.36468700582807795,0.9623279511593614,0.3969359731469387,-0.10893735467547627,0.5347813385114173,1.2444423445240025,0.15658127127335075,0.5814008266737446,-0.25002382596328526,0.24522202292123396,0.6965560780334873,0,baseline,1.0,-0.5361302560381487,0.6965560780334873,-0.5867828153513525,-1.222415625046883
2026-09-06 19:55:00,Berbaring,60,1.0,1.0,1,70.55,-4.0,-4.279522089469264,864.25,69.32131645644245,73.80884610066644,0.9012560074803637,0.9794483945727663,-0.002749999999999995,-0.13523205821189244,-0.8993210126354603,-0.8120560858519993,1.0363650435969756,0.5490525127420389,-0.4761728853373796,0.717490169732171,1.019321605826518,-0.4349474198888648,0.6256952753685993,-0.5906007194433207,0.2942678943619964,1.0080062693980523,0,baseline,1.0,0.18270883122075365,1.0080062693980523,0.311450191364565,0.8982330067159174
2026-09-06 19:56:00,Berbaring,60,1.0,1.0,1,69.75,5.0,1.6654626285080139,859.7,75.62200827532432,93.44390141611386,0.7187913679352874,0.9803115609759192,0.0027666666666666625,-0.2153695741893094,1.1241512657943253,0.24095918765645247,1.7653721851137374,0.7659729092736656,-1.0897358247773643,1.0213503373399961,2.1746839255996955,0.24955292817787922,0.835331145172986,-0.49308272069559683,0.4269692200674413,1.088801207930877,0,baseline,1.0,0.3038601676078252,1.088801207930877,0.08079493853282482,-0.23065525283174015
2026-09-06 19:57:00,Berbaring,60,1.0,1.0,1,71.61666666666666,2.0,3.2425673798277974,846.0333333333333,70.37044031449922,79.78148122066118,0.9036973073455237,0.9807610147436966,0.01911666666666667,-0.02838203690866984,0.44966050631773014,0.5203064811895337,1.2581160693108937,0.5851717786643089,-0.46796367217116536,0.6605541862966534,1.3824325606426455,0.19481184042477676,0.6878867240233768,-0.3494208621265402,0.2900663218408851,0.8469788711726265,0,baseline,1.0,-0.3607961510433427,0.8469788711726265,-0.2418223367582506,-0.3226172752910754
2026-09-06 19:58:00,Berbaring,60,1.0,1.0,1,68.43333333333334,-7.0,-8.632397888302267,893.3166666666667,66.4436786261758,76.65783540391392,0.8455549060699385,0.9834640992177763,0.018,-0.3472625692354749,-1.5738117721120555,-1.583066427728201,1.142141855263928,0.44998111595586415,-0.6634756503916587,1.0840314464654524,1.3650493828837251,-0.7165888777417239,0.6696596585006367,-0.7139191954813968,0.379164345731713,1.2709798962522165,0,baseline,1.0,0.42347726016879894,1.2709798962522165,0.42400102507959003,0.6658233618378406
2026-09-06 19:59:00,Berbaring,60,1.0,1.0,1,69.13333333333334,8.0,12.4167824395666,867.15,91.44634900182025,51.920571671658855,1.3211217187567432,0.9829506334401938,0.015383333333333334,-0.2771422427552345,1.7986420252709205,2.145304532259904,0.22370074915662905,1.3107737603415128,0.935684451092751,1.3265197424033295,2.197641464755882,0.6100242956889276,0.4669457521379068,0.25974047780161486,0.42055935620718954,0.913511502211343,0,baseline,1.0,0.24248829593787713,0.913511502211343,-0.3574683940408735,-0.7814694191204635
2026-09-06 20:00:00,Berbaring,60,1.0,1.0,1,69.05,-6.0,-8.991313185174777,880.85,66.40829665340604,73.53829856566036,0.5210046353361064,0.9833428131640356,-0.020650000000000005,-0.28548990066954977,-1.3489815189531904,-1.6466398946808907,1.0263201987024453,0.4487629843944559,-1.754821450892906,1.2211195857052244,2.2669757256483747,-0.6688779543314104,0.6253632355796461,-0.7867319901209155,0.4278548582257309,1.2808137640547876,0,baseline,1.0,-0.1054001566981051,1.2808137640547876,0.3673022618434446,0.7247706558843181
2026-09-06 20:01:00,Berbaring,60,1.0,1.0,1,70.23333333333333,4.0,10.622950819672175,854.1833333333333,71.43338526958837,62.3362940775439,0.959739850961897,0.9840339254295996,0.005800000000000001,-0.16695315828628637,0.8993210126354603,1.8275691328501764,0.6104139972712204,0.6217668777069644,-0.27951275981529017,0.9141468934981436,1.721183083137742,0.42362977933838086,0.48121179655468854,-0.08734948196193454,0.25121819243835597,0.6940947307800928,0,baseline,1.0,-0.3069726922070808,0.6940947307800928,-0.5867190332746949,-0.9540212951181395
2026-09-06 20:02:00,Berbaring,60,1.0,1.0,1,68.05,-3.0,1.9522089469297357,899.5833333333334,68.57095586835993,77.29055898668722,0.9217946627419172,0.9831103673149397,-0.012966666666666666,-0.3856617956413213,-0.6744907594765952,0.29174960466245714,1.16563351357797,0.5232190771467953,-0.40710877666491474,0.643815175828355,1.4724873403853893,-0.35460277241579946,0.6905652887901973,-0.5758718748851954,0.2928730690436463,1.0099636603074857,0,baseline,1.0,-0.2703317176697886,1.0099636603074857,0.315868929527393,0.9025879628020879
2026-09-06 20:03:00,Berbaring,60,1.0,1.0,1,69.38333333333334,0.0,-4.362878577382578,878.0666666666667,73.23143408300228,76.77680617283904,0.8973856618885085,0.9830556886895673,-0.0003499999999999989,-0.2520992690122916,0.0,-0.8268207419583999,1.1465589826305072,0.6836701532203162,-0.48918746516998657,0.6792757584250549,1.4178830033072265,-0.25679837430637925,0.6920841300696075,-0.5509350454241708,0.27592978358364706,0.9615573398844481,0,baseline,1.0,0.03546058259669993,0.9615573398844481,-0.04840632042303761,-0.3642752499504306
2026-09-06 20:04:00,Berbaring,60,1.0,1.0,1,68.01666666666667,7.0,4.899694359544361,875.5,81.69050730073138,84.84652145721608,0.8610521266108218,0.9830208348885332,0.008333333333333335,-0.3890008588070468,1.5738117721120555,0.8138278445847593,1.4461700597477491,0.9748993657301086,-0.6113640729818065,1.0572072934195753,1.704424603524988,0.3629395243718726,0.806494416440827,-0.35068799123366085,0.4228877349694887,1.041140934592736,0,baseline,1.0,0.37793153499452037,1.041140934592736,0.07958359470828791,0.12798991513132552
2026-09-06 20:05:00,Berbaring,60,1.0,1.0,1,72.71666666666667,-4.0,-1.6587941094747827,833.7333333333333,58.23763902211401,70.9756463364819,0.7518774003146401,0.9840208297736833,-0.025950000000000008,0.08180704756027972,-0.8993210126354603,-0.3478552978667797,0.9311744633693145,0.16746335186956957,-0.9784794008932882,0.6817900188077455,1.4007883415553586,-0.2701083742512765,0.49120733480607454,-0.5472306291613741,0.3059707590284475,0.8410247597310987,0,baseline,1.0,-0.37541727461182983,0.8410247597310987,-0.20011617486163735,-0.27969976956992526
2026-09-06 20:06:00,Berbaring,60,1.0,1.0,1,71.11666666666666,3.0,4.856348985829447,852.15,82.33104425098486,62.82380526897886,1.2100833763489094,0.982709662846414,0.020700000000000007,-0.07846798439455561,0.6744907594765952,0.8061502234094327,0.6285142335280457,0.9969517900092572,0.5623024526510018,0.6850912656360315,1.1819372242078703,0.2730090783144636,0.544559427091904,-0.03687547321787764,0.28043363776761754,0.6716261997520625,0,baseline,1.0,0.0033012468282860308,0.6716261997520625,-0.1693985599790362,0.030717614882601163
2026-09-06 20:07:00,Berbaring,60,1.0,1.0,1,72.5,-2.0,-0.8702417338148907,835.5166666666667,64.64623199177555,72.72422952030523,0.8887713026952592,0.9819328698167448,0.005750000000000003,0.06010313698306236,-0.44966050631773014,-0.208181651100239,0.9960955755365137,0.3880985722786634,-0.518154456041093,0.5260636044553516,1.1014994400697853,-0.13228877000572964,0.5600160584968412,-0.44975933629189935,0.24749806404204222,0.7711401018817884,0,baseline,1.0,-0.1590276611806799,0.7711401018817884,0.09951390212972588,0.2689124621087621
2026-09-06 20:08:00,Berbaring,60,1.0,1.0,1,71.75,1.0,1.7954987496526966,838.25,59.78198385149442,69.21876398878842,0.8078032212446281,0.9827916483321331,0.012849999999999999,-0.015025784245766302,0.22483025315886507,0.2639920511824222,0.8659452211952089,0.22063209942945491,-0.7904209849396554,0.5072427431479636,1.1399159762650437,0.09846363385662246,0.48876244176290123,-0.3563934908499829,0.23775309306552217,0.6573634194665414,0,baseline,1.0,-0.018820861307388026,0.6573634194665414,-0.11377668241524697,-0.21329058454497285
2026-09-06 20:09:00,Berbaring,60,1.0,1.0,1,72.85,-1.0,-2.032231175326425,835.8166666666667,67.48948233605515,72.75696716594528,0.9246239296887064,0.9823133378331864,0.04088333333333332,0.09516330022318183,-0.22483025315886507,-0.41400095722345415,0.9973110535214047,0.48598607572257324,-0.3975949697779452,0.5195984110015011,1.0830454848126505,-0.077056346761677,0.5723326467694957,-0.41089116958195615,0.23594749713581376,0.7469973987769402,0,baseline,1.0,0.012355667853537478,0.7469973987769402,0.08963397931039874,0.2034106617256457
2026-09-06 20:10:00,Berbaring,60,1.0,1.0,1,71.3,1.0,1.9772158933037522,844.4833333333333,58.28494926423513,74.00675644831355,0.6158896430018554,0.9822665951401851,0.02381666666666667,-0.060103136983063785,0.22483025315886507,0.29617900149438126,1.0437130268084769,0.1690921502263097,-1.4357573058764674,0.743999452252533,1.723312336078865,0.07865638486851659,0.556905240829815,-0.5006613488265249,0.331077868901115,0.8225597945615853,0,baseline,1.0,0.22440104125103189,0.8225597945615853,0.07556239578464519,-0.01407158352575355
2026-09-06 20:11:00,Berbaring,60,1.0,1.0,1,72.65,-1.0,-1.9988885801611198,830.95,54.12522360700669,67.84253952713979,0.8792290560512024,0.9826967160098441,-0.006016666666666667,0.07512892122882867,-0.22483025315886507,-0.40809509478089756,0.8148489831274399,0.025880997393111248,-0.5502415985931294,0.44537420821838575,1.219811248584605,-0.08712100605171534,0.4133222853764302,-0.36729453471015205,0.20246599116040087,0.5952504801247697,0,baseline,1.0,-0.2986252440341472,0.5952504801247697,-0.22730931443681568,-0.30287171022146087
2026-09-06 20:12:00,Berbaring,60,1.0,1.0,1,75.28333333333333,-2.0,0.1150319533204554,807.7333333333333,90.83209816192277,65.15431486680457,1.2902051803016774,0.984415881843313,0.021366666666666662,0.33891491132115964,-0.44966050631773014,-0.0336634159225868,0.7150410149856811,1.2896263150147722,0.8317232547804468,0.728511538648295,1.5729572234136058,0.04642214693979241,0.5702519678892274,-0.12116355435775064,0.32897655125011604,0.6710055892353356,0,baseline,1.0,0.28313733042990924,0.6710055892353356,0.07575510911056593,0.3030644235473816
2026-09-06 20:13:00,Berbaring,60,1.0,1.0,1,69.28333333333333,-5.0,-8.24395665462619,883.3333333333334,70.34025456613999,70.30273519765207,0.609820158543452,0.9829468952604298,-0.01845,-0.26211645850946963,-1.1241512657943253,-1.5142631302723677,0.9061907280076326,0.5841325428641917,-1.4561667985566278,1.0730197374923918,2.067040139982935,-0.6097660805063206,0.6023717579068862,-0.7433427967500705,0.3814496547372225,1.196966482504517,0,baseline,1.0,0.3445081988440968,1.196966482504517,0.5259608932691814,0.45020578415861545
2026-09-06 20:14:00,Berbaring,60,1.0,1.0,1,65.46666666666667,1.0,2.3006390664074052,916.2333333333333,62.20043235630067,65.20541206611507,1.1796755238352525,0.9827383647316689,0.01903333333333334,-0.644439190985064,0.22483025315886507,0.35346586718721523,0.7169381434943823,0.3038945131030996,0.4600517841551601,0.48455967188005866,1.5218215463035343,-0.2297945943179692,0.5364639968873378,-0.3180101929675479,0.2238134759836402,0.7013003139862652,0,baseline,1.0,-0.5884600656123331,0.7013003139862652,-0.49566616851825174,-1.021627061787433
2026-09-06 20:15:00,Berbaring,60,1.0,1.0,1,67.2,10.0,4.22784106696309,881.1166666666667,68.4776572907003,50.779683645986225,1.0191454305530503,0.9845110261452831,-0.023733333333333335,-0.47080790636732656,2.2483025315886507,0.6948247163671765,0.18134204402316434,0.5200069910706099,-0.07975316735968135,1.0057301261701503,1.8747910766036817,0.47752256946954624,0.3130303640402919,0.07438244255392708,0.41050956789431803,0.707153919777769,0,baseline,1.0,0.5211704542900917,0.707153919777769,0.005853605791503735,0.5015197743097555
2026-09-06 20:16:00,Berbaring,60,1.0,1.0,1,71.38333333333334,-9.0,-10.998055015281977,865.3,82.94255721045843,79.50695524420105,1.0760727056117942,0.9894017575725997,0.010083333333333333,-0.051755479068748535,-2.0234722784297854,-2.002087368027829,1.2479235134888662,1.018004975511159,0.11167277854652635,1.336138126315055,1.6135852519125815,-0.7332959899303733,0.7403304765205994,-0.6573654178177911,0.4395031371507848,1.308091939972617,0,baseline,1.0,0.33040800014490457,1.308091939972617,0.600938020194848,0.5950844144033443
2026-09-06 20:17:00,Berbaring,60,1.0,1.0,1,67.21666666666667,7.0,4.006112809113661,884.8333333333334,59.326778664163676,42.16673924202682,0.942739087896453,0.9891071683971432,0.010366666666666666,-0.4691383747844638,1.5738117721120555,0.6555507311241481,-0.1384379555286301,0.20496028233738187,-0.33668020982184127,0.7417601160262604,1.4489283488426297,0.30266434225265854,0.06881792184016519,0.061202899218952035,0.31539484851245336,0.44672286238632575,0,baseline,1.0,-0.5943780102887946,0.44672286238632575,-0.8613690775862912,-1.4623070977811392
2026-09-06 20:18:00,Berbaring,60,1.0,1.0,1,68.51666666666667,-8.0,-8.770769658238356,898.2166666666667,52.93523118458039,53.030691465302766,1.20882327561584,0.9902700267856761,0.0067,-0.3389149113211611,-1.7986420252709205,-1.6075757568648241,0.2649170963735803,-0.015088095456148708,0.5580651872186405,1.0260053393303972,1.6390906396685645,-0.7474413350682688,0.20669403762331784,-0.3911537034354942,0.35076589784536305,0.936711753614863,0,baseline,1.0,0.2842452233041368,0.936711753614863,0.4899888912285373,1.3513579688148285
2026-09-06 20:19:00,Berbaring,60,1.0,1.0,1,70.05,0.0,5.543206446235105,865.7833333333333,80.57969876530531,57.18791504433995,1.118800686408653,0.9899365112935873,-0.002500000000000008,-0.1853180056977782,0.0,0.927810989726166,0.41926581754146475,0.9366564179869352,0.25535160617810915,0.5792940401593735,1.6296970357775777,0.03722953049270512,0.4635503538654757,-0.18137696972805945,0.21342590505114278,0.5428749309041152,0,baseline,1.0,-0.4467112991710237,0.5428749309041152,-0.3938368227107478,-0.8838257139392851
2026-09-06 20:20:00,Berbaring,60,1.0,1.0,1,71.51666666666667,1.0,5.8199499861073125,844.7,66.57258050110624,63.17623990184595,0.764388099385973,0.9890917852810929,-0.010983333333333338,-0.03839922640584643,0.22483025315886507,0.9768296479994173,0.6415993692788892,0.45441895335965343,-0.9364104207566752,0.6456560121906966,1.6792700553371696,0.190498074718955,0.4415577926387815,-0.3143498313124116,0.24279536006640912,0.6237212550711901,0,baseline,1.0,0.0663619720313231,0.6237212550711901,0.08084632416707493,0.47468314687782276
2026-09-06 20:21:00,Berbaring,60,1.0,1.0,1,69.75,8.0,9.504306751875548,850.6333333333333,58.47264076056532,41.67123138837787,1.0866096426286105,0.9891462002728836,0.029566666666666668,-0.2153695741893094,1.7986420252709205,1.6294274479022868,-0.15683509056005224,0.17555399838202285,0.14710470697304548,1.0011316299840431,1.1233546684826572,0.5820473460901865,0.0007031145094725773,0.33563061719503495,0.3362102291020056,0.751308749324927,0,baseline,1.0,0.3554756177933466,0.751308749324927,0.12758749425373683,0.0467411700866619
2026-09-06 20:22:00,Berbaring,60,1.0,1.0,1,69.96666666666667,-7.0,1.3737149208113646,876.6666666666666,97.97780216719563,82.86184131289089,1.3900649641232172,0.9889991796259958,0.004833333333333333,-0.19366566361209203,-1.5738117721120555,0.18928289128404097,1.3724831780152942,1.5356388150510771,1.1675157822868467,1.1658478776087493,2.912091300268561,-0.5007204550200415,0.8266643870396861,-0.459406302068053,0.4712063252280171,1.1692666651324293,0,baseline,1.0,0.16471624762470616,1.1692666651324293,0.4179579158075023,0.29037042155376547
2026-09-06 20:23:00,Berbaring,60,1.0,1.0,1,72.45,3.0,0.30508474576277245,831.3833333333333,56.36927028770518,69.03118921723544,0.845410641787051,0.9893981089400301,0.015983333333333332,0.05509454223447407,0.6744907594765952,0.0,0.858980975572589,0.10313910012300816,-0.6639607592745926,0.5239756790522588,1.4702744321390322,0.22854072224194077,0.4519955830250556,-0.2502620254982381,0.2494832419677443,0.6175790137514751,0,baseline,1.0,-0.6418721985564905,0.6175790137514751,-0.5516876513809542,-0.9696455671884565
2026-09-06 20:24:00,Berbaring,60,1.0,1.0,1,72.33333333333333,3.0,-2.4940261183661954,832.8666666666667,64.23987532616252,64.50029562407617,0.939104160884073,0.987750937941516,-0.016783333333333334,0.04340782115443329,0.6744907594765952,-0.4957971520529162,0.6907586948710397,0.3741085134768839,-0.3489031616656954,0.49014878866126227,1.5112065628832165,0.15069543717695533,0.43395809780920486,-0.2218253348496328,0.21690843103285062,0.554332474309797,0,baseline,1.0,-0.03382689039099657,0.554332474309797,-0.06324653944167802,0.4884411119392762
2026-09-06 20:25:00,Berbaring,60,1.0,1.0,1,72.01666666666667,-2.0,-5.476521255904383,839.7,62.12297809007276,75.46005790471573,0.8225690841459145,0.9899790684708892,0.007166666666666666,0.011686721080039349,-0.44966050631773014,-1.0240765475399014,1.0976709670064038,0.3012279154299881,-0.7407687001590586,0.7182643433526841,1.544990708751442,-0.2748308642028711,0.5893624646742767,-0.5535325353825716,0.27377658651167647,0.8967898336480394,0,baseline,1.0,0.2281155546914218,0.8967898336480394,0.3424573593382424,0.4057038987799204
2026-09-06 20:26:00,Berbaring,60,1.0,1.0,1,73.4,8.0,12.940261183662184,810.6333333333333,73.97089823241795,52.02623197541143,1.04001993351803,0.9894487026120686,0.012583333333333335,0.15025784245765733,1.7986420252709205,2.2380265726080957,0.22762368773627523,0.7091284459162815,-0.009559723684927196,1.2125194553995056,1.8491636911307257,0.7433558778586459,0.2658785289020885,0.254950708012598,0.353772586781654,0.9019003603239355,0,baseline,1.0,0.4942551120468215,0.9019003603239355,0.0051105266758960655,-0.33734683266234633
2026-09-06 20:27:00,Berbaring,60,1.0,1.0,1,73.06666666666666,-11.0,-18.408446790775173,837.2,81.17710289175331,38.9312736472442,1.4928561890141305,0.9898821996916742,-0.01955,0.11686721080039919,-2.4731327847475155,-3.3146652958867806,-0.2585637961150163,0.9572238641855222,1.513165691496377,1.8434502485131354,2.8860411903542507,-0.8258247853386989,0.07358916532562071,-0.18971791378143804,0.49624702877740035,0.9847110955569703,12,tau_in,0.0,0.6309307931136299,1.4034443137200026,0.501543953396067,0.496433426720171
2026-09-06 20:28:00,Berbaring,60,1.0,1.0,1,74.65,-10.0,-23.578216171158633,852.4833333333333,174.17685262026228,101.88536263195056,1.4031174269750564,0.9794688406811054,0.002516666666666671,0.27547271117237176,-2.2483025315886507,-4.230369267605706,2.078785384736368,4.159021883887781,1.2114065191127468,2.7722761733952868,5.088391735405612,-0.8202353054030443,0.9720382597594945,-0.6312365709854981,0.6951067240276058,1.5809102760763536,12,rising,0.0,0.9288259248821513,1.8706355339840555,0.4671912202640529,-0.034352733132014146
2026-09-06 20:29:00,Berbaring,60,1.0,1.0,1,64.26666666666667,8.0,4.1611558766324475,921.2166666666667,40.01529015673488,47.68167753845659,0.8872557392540942,0.9787449808900511,0.01696666666666667,-0.7646454649511901,1.7986420252709205,0.6830129914820574,0.06631977693156862,-0.45989619137454774,-0.5232507506556955,0.8921880160957466,1.7837338036820347,0.21793732305431288,0.07429377819447247,-0.025640579199183864,0.37135735063350284,0.43769848460977495,12,rising,0.0,-1.8800881572995403,1.0915951463018208,-0.7790403876822347,-1.2462316079462876
2026-09-06 20:30:00,Berbaring,60,1.0,1.0,1,75.01666666666667,0.0,-3.6060016671297266,813.05,127.13964363270352,84.12208642044497,1.1038700848970064,0.984707684904464,0.013133333333333334,0.312202405995354,0.0,-0.6927576645122884,1.4192733534799744,2.5396235196089627,0.20514536471711717,1.2304127097552835,2.807280765797045,0.06769398636646007,0.8747749617648666,-0.38239809084524284,0.4810150025908736,1.0711757288701471,12,rising,0.0,0.3382246936595369,1.4654069203195716,0.3738117740177509,1.1528521616999856
2026-09-06 20:31:00,Berbaring,60,1.0,1.0,1,66.63333333333334,-6.0,-10.26618505140314,935.9166666666666,102.95618480062556,81.20250893677559,1.273328505681295,0.9822512374001262,0.0011833333333333346,-0.5275719801846633,-1.3489815189531904,-1.872453687413641,1.310875755326428,1.7070347134655193,0.7749730695726664,1.3439439572705396,2.0075279594636357,-0.751210241013056,0.8491938012752035,-0.6201369653929558,0.45416303175004424,1.3697740155158074,12,rising,0.0,0.11353124751525612,1.695960156838096,0.23055323651852433,-0.14325853749922657
2026-09-06 20:32:00,Berbaring,60,1.0,1.0,1,64.31666666666666,9.0,-0.5751597666018018,923.4166666666666,88.39343707263636,63.30515281461183,1.5175193035188168,0.9836339121248667,0.03666666666666666,-0.7596368702026018,2.0234722784297854,-0.15591476848358798,0.6463856269456102,1.205668021909725,1.5960988727909473,1.2325298522874564,3.1985277567681782,0.16434998737333692,0.6689589518500981,0.041660716639505116,0.490427716895957,0.8466238588775395,12,rising,0.0,-0.11141410498308324,1.3102564475783722,-0.38570370925972375,-0.6162569457782481
2026-09-06 20:33:00,Berbaring,60,1.0,1.0,1,71.63333333333334,-3.0,-12.54681856071126,857.4833333333333,88.16192568928459,68.52823245982488,1.2635505928282806,0.9829327061625893,0.008533333333333334,-0.02671250532580565,-0.6744907594765952,-2.2764146784847386,0.8403072788533366,1.1976975414415716,0.7420934663430147,1.178205808806972,2.404984047727901,-0.5068646182962298,0.6451441913685657,-0.4503873993460929,0.32744440667010766,0.9915600929275336,12,rising,0.0,-0.05432404348048436,1.4082582923194378,0.09800184474106555,0.4837055540007893
2026-09-06 20:34:00,Berbaring,60,1.0,1.0,1,63.8,4.0,1.1103084190053107,958.55,198.63930559890096,198.3566382357883,0.8500835512940284,0.9833721701242845,-0.018416666666666668,-0.8113923492713504,0.8993210126354603,0.14262657798781786,5.660555221213497,5.00121590841702,-0.6482474457252584,3.1347979439104856,5.116749045812682,-0.15384423775477368,0.9997656619044454,-0.6435060684010293,0.8203425562061673,1.4526738786821356,12,peak,0.0,1.9565921351035136,1.7635933198459899,0.3553350275265521,0.25733318278548656
2026-09-06 20:35:00,Berbaring,60,1.0,1.0,1,73.96666666666667,-3.0,9.979438732981432,836.1,124.90792541111422,80.93165143125297,1.4779786278873432,0.9839835737458921,0.02635,0.20702191627499414,-0.6744907594765952,1.7135859877087698,1.3008194018969548,2.4627898614187234,1.4631378057678954,1.4906603711238755,4.106832039544501,0.16697446175890032,0.8590594119784754,-0.08779255792209667,0.513720985050178,1.01856778267129,12,falling,0.7701607440069516,-1.64413757278661,1.0441773850698675,-0.7194159347761224,-1.0747509623026745
2026-09-06 20:36:00,Berbaring,60,1.0,1.0,1,65.93333333333334,7.0,3.0141706029453346,917.0166666666667,125.29835467242106,88.62996776734536,1.3357396916123805,0.9820019493717627,0.017033333333333338,-0.5976923066649038,1.5738117721120555,0.47985132345799875,1.5866412392437177,2.4762315710935914,0.9848394348546485,1.4539279445868696,2.5142967808769705,0.21212026040200987,0.9233443932676503,-0.1918001331843109,0.5457408803580036,1.1100361584359628,12,plateau_persistent,0.7873672560526397,-0.036732426537005924,1.1302181014449617,0.08604071637509425,0.8054566511512167
2026-09-06 20:37:00,Berbaring,60,1.0,1.0,1,69.18333333333334,-4.0,-4.969713809391447,894.65,119.25188055938217,99.65253192289731,1.354509490132098,0.9824865534863623,0.01416666666666667,-0.27213364800664624,-0.8993210126354603,-0.9343074384129872,1.995885209180603,2.2680633889444497,1.0479555146669735,1.413131596893693,2.411615209690869,-0.5076924101380492,0.9377641497964432,-0.5265864088306766,0.5253965295080674,1.3001876568940105,12,plateau_persistent,0.8064774242114334,-0.04079634769317653,1.314510909227983,0.18429280778302126,0.09825209140792701
2026-09-06 20:38:00,Berbaring,60,1.0,1.0,1,67.56666666666666,2.0,12.97026951931095,913.3,151.16096482933543,104.67342271908764,1.3827810516063046,0.9837055332628377,0.005283333333333334,-0.43407821154434434,0.44966050631773014,2.243341848806395,2.1823000263733463,3.366630246643528,1.1430226049477024,1.9504843164981336,4.208106951029976,0.2285475336532094,0.9720793285998596,-0.17840809678762282,0.6106328385375597,1.1840076472430143,12,falling,0.5547661458034511,0.5373527196044405,1.264953474896469,-0.04955743433151394,-0.2338502421145352
2026-09-06 20:39:00,Berbaring,60,1.0,1.0,1,65.2,8.0,4.704640177827223,922.1166666666667,118.51726494648567,72.40142334025565,1.147915773949574,0.9840958847053511,0.02563333333333333,-0.6711516963108697,1.7986420252709205,0.7792785492957846,0.9841104801649334,2.2427720218011964,0.3532551711548553,1.3175812300586067,2.612313020910258,0.2796948157207475,0.8443637679862389,-0.2354172466791469,0.5035715344649245,1.04889700780693,12,falling,0.8512359303303118,-0.6329030864395269,1.059394016129513,-0.20555945876695603,-0.1560020244354421
2026-09-06 20:40:00,Berbaring,60,1.0,1.0,1,70.31666666666666,-16.0,-25.892192275632055,902.5166666666667,126.48112228228096,70.46528175068478,0.9692231921829779,0.9810697370342399,-0.012883333333333333,-0.15860550037197257,-3.597284050541841,-4.64023612111936,0.9122257300020784,2.516951927891031,-0.24762369500894793,2.6371044660414285,4.58554545957711,-0.9529050399510123,0.8219124054398097,-0.7721676463864495,0.6338973400339218,1.6067472511904184,12,falling,0.23313376298151708,1.3195232359828217,1.7803709036846376,0.7209768875551246,0.9265363463220806
2026-09-06 20:41:00,Berbaring,60,1.0,1.0,1,62.86666666666667,6.0,2.142628569308435,951.95,129.71434391365187,133.49309637453547,1.2553987425228865,0.9789402492904493,0.02195,-0.9048861179116702,1.3489815189531904,0.3254779959456403,3.2523121843974194,2.6282653738605357,0.714681726469894,1.8592377175012462,3.5866789595119357,-0.044142504755679116,0.9895973868174773,-0.4016548911964494,0.6378665263715436,1.2447698204123587,12,falling,0.5975086448100518,-0.7778667485401822,1.3082244443565703,-0.4721464593280673,-1.1931233468831919
2026-09-06 20:42:00,Berbaring,60,1.0,1.0,1,65.3,1.0,-4.961378160600103,932.6333333333333,114.15436570293555,92.01446091212594,1.3465454017141711,0.97860274606772,-0.020333333333333335,-0.661134506813693,0.22483025315886507,-0.932830972802345,1.7123001504777724,2.092566002979223,1.021175150472321,1.2722305918312296,2.444635433541956,-0.410406156619837,0.9212359244528466,-0.4839795431698799,0.48566363719105976,1.2195139230818697,12,falling,0.8724794575487729,-0.5870071256700167,1.2261629978667548,-0.0820614464898155,0.3900850128382518
2026-09-06 20:43:00,Berbaring,60,1.0,1.0,1,66.25,-9.0,-7.70047235343146,933.7333333333333,70.3251206815179,54.11334620302219,0.9833663233560188,0.9783093132679241,0.0021333333333333304,-0.5659712065905098,-2.0234722784297854,-1.4179975724586484,0.305113725459391,0.5836115130554571,-0.200065432996913,1.0723186361709218,1.5059853239758363,-0.8113699395868165,0.4027354427284359,-0.6092772118920825,0.39005889868216703,1.1592591086840416,12,falling,0.9661238964665434,-0.19991195566030773,1.159753970227103,-0.06640902763965184,0.015652418850163663
2026-09-06 20:44:00,Berbaring,60,1.0,1.0,1,64.41666666666667,7.0,19.046957488191225,926.2666666666667,130.8172313672739,118.70701719866182,0.6472669486608553,0.9784558578739511,0.0028500000000000044,-0.7496196807054238,1.5738117721120555,3.319685278962953,2.7033370406521446,2.666235614374839,-1.3302467152226174,2.245199447012298,4.321264878628148,0.5063473888697885,0.9802267461043352,-0.482841471049684,0.6248536297695089,1.3567645694058712,12,falling,0.41671320671624634,1.172880810841376,1.4768322789045287,0.3170783086774258,0.38348733631707765
2026-09-06 20:45:00,Berbaring,60,1.0,1.0,1,64.06666666666666,-8.0,-2.1939427618782696,957.3666666666667,72.9648084821454,68.62079538537887,1.372297643803337,0.9763837093059861,0.022949999999999995,-0.7846798439455447,-1.7986420252709205,-0.4426443900698744,0.8437439401045762,0.6744907594765952,1.107770676009724,1.036079721863056,2.604659267046948,-0.7769239648340045,0.6581924806822507,-0.513712246340119,0.42809699582504834,1.218193539070983,12,falling,0.9830992333649311,-1.2091197251492418,1.2183107709230596,-0.2585215079814691,-0.5755998166588949
2026-09-06 20:46:00,Berbaring,60,1.0,1.0,1,64.11666666666666,4.0,1.6821339260906412,927.3333333333334,58.659796721540296,73.1508772842652,0.8696260146410083,0.9761835426588543,0.014999999999999998,-0.7796712491969564,0.8993210126354603,0.2439121188777263,1.0119360843531242,0.1819974091113472,-0.5825331720722033,0.6919346374033598,1.55008157186278,-0.12182791549555895,0.6398964935284139,-0.4895399134317108,0.31274041584285384,0.872791760942002,12,falling,1.0,-0.34414508445969616,0.872791760942002,-0.34551900998105767,-0.08699750199958856
2026-09-06 20:47:00,Berbaring,59,0.9833333333333333,1.0,1,70.2542372881356,12.0,17.547632963179467,844.0338983050848,97.55864126906106,88.16070748824323,0.9249368278967113,0.9769914944899482,0.029288135593220334,-0.16485916952133928,2.697963037906381,3.054114936955352,1.5692186198927822,1.5212079317691138,-0.39654280567246364,1.8959416303095125,2.675569741905504,0.8264505529024975,0.8555077943994532,-0.09500267036228788,0.5426483407975475,1.3108801744695653,12,falling,0.5803154894048932,1.2040069929061525,1.3764235976801662,0.5036318367381643,0.8491508467192219
2026-09-06 20:48:00,Berbaring,61,1.0,1.0,1,65.8360655737705,-11.0,-4.94752584580341,933.7540983606557,49.37396606097351,53.43157618237865,0.5496958804279081,0.9842329750739596,-0.015475409836065577,-0.6074358024599721,-2.4731327847475155,-0.9303773585802166,0.2798010789739922,-0.1376954320746452,-1.6583431155912876,1.3037328854293826,2.5940596999991863,-0.8383473337977603,0.23639654142589672,-0.7272088476416227,0.4949548294125774,1.237950955462707,12,falling,0.8577228883437044,-0.5922087448801299,1.2461000540214608,-0.13032354365870535,-0.6339553803968696
2026-09-06 20:49:00,Berbaring,60,1.0,1.0,1,65.78333333333333,-1.0,-7.42389401536955,926.6,89.59914497170728,78.98358550775609,0.8048801593784471,0.9826795328460475,-0.00416666666666667,-0.6127180909106701,-0.22483025315886507,-1.3690081758299102,1.2284919270027332,1.2471781676343563,-0.8002501903969453,1.0004333770020921,2.025723618280558,-0.5439829556448603,0.8040654737404673,-0.7170161282725144,0.3652212252265389,1.2609272039465567,12,falling,0.9997969939013066,-0.3032995084272905,1.2609272202882913,0.01482716626683045,0.1451507099255358
2026-09-06 20:50:00,Berbaring,60,1.0,1.0,1,68.33333333333333,-4.0,-0.44750471702914585,898.3,104.31411169302591,79.45268285941842,1.0989562913137316,0.9840149254724062,-0.015366666666666667,-0.3572797587326529,-0.8993210126354603,-0.13330365620705023,1.2459084972101722,1.753785459007096,0.18862204467947982,0.9676282576408332,1.906070770011003,-0.45127145022767895,0.8321698780111704,-0.583773716454259,0.4108962389042491,1.185655978278773,12,falling,1.0,-0.03280511936125896,1.185655978278773,-0.07527124200951829,-0.09009840827634874
2026-09-06 20:51:00,Berbaring,60,1.0,1.0,1,62.56666666666667,6.0,8.584840084520197,951.9166666666666,89.19361755433725,79.06348018083371,1.0211981932035292,0.9827932399734974,-0.027866666666666665,-0.9349376864032013,1.3489815189531904,1.4665653901951772,1.2314582434356138,1.2332166582145918,-0.07285046506656488,1.1465378014800667,1.546289920683847,0.11001641976042326,0.8251018824417924,-0.3866601571431637,0.4146582995375514,1.0071466186823252,12,falling,0.9313575310965303,0.17890954383923352,1.0094830855741985,-0.17617289270457448,-0.10090165069505619
2026-09-06 20:52:00,Berbaring,60,1.0,1.0,1,65.58333333333333,11.0,4.506251736593548,908.65,108.11494589289553,60.89933344101003,1.3378062554933041,0.9828766749605735,0.01445,-0.6327524699050247,2.4731327847475155,0.7441386677625529,0.5570627563767003,1.884640686573678,0.9917885457206296,1.4092750954229916,2.71869420054159,0.4664682100617913,0.7182860420748046,0.059786514190570024,0.5293986039437217,1.008645001164612,12,falling,0.8082839190517073,0.2627372939429249,1.0267033622563688,0.0172202766821703,0.19339316938674478
2026-09-06 20:53:00,Berbaring,60,1.0,1.0,1,72.03333333333333,-17.0,-25.953876076687948,884.6,119.25633977391384,50.66540289830386,1.191823490099728,0.9863465124229939,0.05154999999999999,0.013356252662902114,-3.822114303700706,-4.651161966638103,0.17709904700279047,2.2682169109087407,0.5009010243588107,2.6353088890275256,4.643239489067569,-0.950502748451323,0.5795517257321248,-0.6299599596308365,0.6324496083938491,1.4269469981426155,12,falling,0.23397486226167366,1.226033793604534,1.6195592755917405,0.5928559133353717,0.5756356366532014
2026-09-06 20:54:00,Berbaring,60,1.0,1.0,1,60.88333333333333,1.0,0.5918310641845657,987.8166666666667,53.44107848889744,53.18276769463034,0.9386128800332975,0.9868215868473338,0.011766666666666667,-1.1035603762723505,0.22483025315886507,0.05079041700601731,0.27056335789175,0.002327229874964158,-0.350555162424001,0.49448166157572926,1.0242000585808249,-0.48682492430587315,0.3540824403435525,-0.487373722686403,0.23707880586892338,0.8100076464098979,12,falling,1.0,-2.1408272274517963,0.8100076464098979,-0.8095516291818426,-1.4024075425172144
2026-09-06 20:55:00,Berbaring,60,1.0,1.0,1,63.96666666666667,2.0,2.5073631564323957,943.2166666666667,74.54019315429916,69.44281881336444,0.8762817923658415,0.9860069754217343,-0.030050000000000004,-0.7946970334427214,0.44966050631773014,0.3900822143310841,0.8742638922956003,0.7287281476232963,-0.5601521860614922,0.6576542427321801,0.9704053489781008,-0.23896192850259768,0.6761388281772884,-0.5478722340824125,0.29495370276217225,0.9494357218338727,12,tau_out,1.0,0.16317258115645084,0.9494357218338727,0.13942807542397484,0.9489797046058175
2026-09-06 20:56:00,Berbaring,60,1.0,1.0,1,65.75,1.0,-2.275632120033275,921.3333333333334,78.14060917512664,70.66320213232075,1.3903182777483207,0.9854970538228567,0.02253333333333333,-0.6160571540763956,0.22483025315886507,-0.45711375305413965,0.9195740857538868,0.8526833724410238,1.1683675848761386,0.772096311918859,2.2309974808886386,-0.3274322398976163,0.6869451205064022,-0.31333032213929535,0.3365860631451423,0.8891408994008688,0,baseline,1.0,0.11444206918667887,0.8891408994008688,-0.06029482243300388,-0.19972289785697872
2026-09-06 20:57:00,Berbaring,60,1.0,1.0,1,67.98333333333333,6.0,15.239233120311239,896.1833333333333,109.36604555758589,69.59422341116675,1.3060483010751482,0.9893476716055953,0.0008333333333333373,-0.39233992197277234,1.3489815189531904,2.6452357880226023,0.8798852175876928,1.9277135812916708,0.8849979702316673,1.5408035339840425,3.080344479846013,0.5267908044945978,0.7795934649027614,0.03793991104817091,0.4522644365640347,1.044632509378339,0,baseline,1.0,0.7687072220651835,1.044632509378339,0.15549160997747025,0.21578643241047413
2026-09-06 20:58:00,Berbaring,60,1.0,1.0,1,66.5,-5.0,2.87413170325096,934.0333333333333,108.82593264392091,70.33069585651074,1.46490901529919,0.9810285085588093,-0.002316666666666668,-0.540928232847567,-1.1241512657943253,0.45504670119924423,0.9072288468039392,1.9091185585906791,1.4191894005485481,1.1722686927214252,2.991483654304561,-0.5127834180799422,0.7948402404500723,-0.4097869354020676,0.4695153973126034,1.1327346919893944,0,baseline,1.0,-0.36853484126261726,1.1327346919893944,0.08810218261105529,-0.06738942736641496
2026-09-06 20:59:00,Berbaring,60,1.0,1.0,1,61.483333333333334,-1.0,0.6018338427341391,981.7833333333333,63.433427445741295,62.02090954137147,0.9701401384589587,0.9863469843230221,-0.006500000000000003,-1.0434572392892874,-0.22483025315886507,0.05256217573878111,0.5987044514869125,0.34634410299122614,-0.24454033456277033,0.5291999729803168,0.9217618642474552,-0.5604343677220809,0.5542983932683876,-0.5797002251947015,0.2514493242734397,1.0102536825334127,0,baseline,1.0,-0.6430687197411084,1.0102536825334127,-0.12248100945598162,-0.2105831920670369
2026-09-06 21:00:00,Berbaring,60,1.0,1.0,1,62.5,0.0,-1.2103362045012085,964.0166666666667,56.58277023092498,53.674789714049716,0.8342380596795617,0.985095932650275,-0.03518333333333334,-0.9416158127346531,0.0,-0.26842144801435347,0.2888310714366175,0.11048948221976937,-0.7015301334618158,0.5076853116858634,1.058329557187298,-0.5066049422317919,0.3581853558135099,-0.5482953806888008,0.23777673080149964,0.8614585972687566,0,baseline,1.0,-0.021514661294453452,0.8614585972687566,-0.14879508526465612,-0.02631407580867451
2026-09-06 21:01:00,Berbaring,60,1.0,1.0,1,63.266666666666666,-1.0,0.36343428730206223,952.85,39.32775144727073,48.362333010694265,0.654146864012927,0.985530554032377,0.01453333333333333,-0.8648173599229617,-0.22483025315886507,0.0103352592744752,0.09159104264495589,-0.4835667935520516,-1.307112035007098,0.6769209901363762,1.468865428017884,-0.4941591039058941,0.10208993993040413,-0.529434711210032,0.3097888359547689,0.7942832064977394,0,baseline,1.0,0.1692356784505128,0.7942832064977394,-0.0671753907710172,0.08161969449363893
2026-09-06 21:02:00,Berbaring,60,1.0,1.0,1,63.333333333333336,3.0,3.4876354542929264,942.2166666666667,44.84402031700648,46.7494221844107,0.8422791738189537,0.9854056887116551,0.010549999999999995,-0.8581392335915099,0.6744907594765952,0.5637145701423494,0.031707151711103,-0.2936525325478535,-0.6744907594765952,0.5847064481999814,1.0491608640720227,-0.18298770648479368,0.11514073902018432,-0.2902770658987389,0.25502715607249293,0.44276575728920553,0,baseline,1.0,-0.09221454193639478,0.44276575728920553,-0.3515174492085339,-0.2843420584375167
2026-09-06 21:03:00,Berbaring,60,1.0,1.0,1,64.73333333333333,-1.0,-1.8738538482911358,928.5333333333333,34.75749726057975,42.46035039813265,0.5112108024803056,0.9853787660191683,0.015383333333333332,-0.7178985806310298,-0.22483025315886507,-0.38594811062129414,-0.12753680825955444,-0.6409116342338906,-1.7877545873645595,0.8502923795083753,2.131347442215287,-0.4778431780553106,-0.08657615045437264,-0.5173744041352704,0.3672364991561663,0.7989796324114279,0,baseline,1.0,0.2655859313083939,0.7989796324114279,0.35621387512222236,0.7077313243307563
2026-09-06 21:04:00,Berbaring,60,1.0,1.0,1,66.71666666666667,7.0,7.016949152542418,890.6333333333333,49.51766220306142,41.25057780797167,0.9487621925705222,0.9855772052242194,0.024566666666666667,-0.5192243222703495,1.5738117721120555,1.1888501096873172,-0.17245304830420255,-0.13274825722181988,-0.31642667567083854,0.8472829091592409,1.0863703914652116,0.3495207202304959,-0.02418665840897597,0.14130187252849427,0.31640678769356456,0.4927770315203991,0,baseline,1.0,-0.0030094703491344577,0.4927770315203991,-0.3062026008910288,-0.6624164760132512
2026-09-06 21:05:00,Berbaring,60,1.0,1.0,1,66.83333333333333,-6.0,-7.168657960544569,912.05,53.93323713441101,48.8246603431823,1.051403145540061,0.9859067786581508,0.020633333333333333,-0.5075376011903102,-1.3489815189531904,-1.323799066499821,0.1087562566811504,0.01927128167278997,0.028717923128829696,0.8002930242874076,1.010304467560567,-0.7076246061600814,0.16462931174846704,-0.44142240406112054,0.2762383677863536,0.8938661914259607,0,baseline,1.0,-0.04698988487183331,0.8938661914259607,0.4010891599055616,0.7072917607965904
2026-09-06 21:06:00,Berbaring,60,1.0,1.0,1,65.55,1.0,-0.09169213670461514,913.9666666666667,38.09398131502375,44.42552327934999,0.5755260461039694,0.9856747285461952,0.0036666666666666636,-0.6360915330707502,0.22483025315886507,-0.07027976306646981,-0.054574189020308944,-0.5260430666358836,-1.5714855610648897,0.731364802381456,1.8654535239591925,-0.28484150754989696,-0.03429480941348769,-0.4236218689337147,0.3298653585093546,0.6087507379538886,0,baseline,1.0,-0.0689282219059516,0.6087507379538886,-0.2851154534720721,-0.6862046133776337
2026-09-06 21:07:00,Berbaring,60,1.0,1.0,1,64.9,-1.0,-1.5604334537370887,928.3833333333333,36.828549936095506,41.33923322208372,1.0082863591572748,0.9850269490493297,0.0012499999999999987,-0.7012032648024008,-0.22483025315886507,-0.33043300366122974,-0.16916146450250266,-0.5696093740178864,-0.11626831781180325,0.4119080384790748,1.140596598253597,-0.4642189475433673,-0.09491392988570327,-0.22258234408330335,0.19198071125132765,0.5575906910403037,0,baseline,1.0,-0.31945676390238115,0.5575906910403037,-0.05116004691358489,0.23395540655848723
2026-09-06 21:08:00,Berbaring,60,1.0,1.0,1,66.35,3.0,3.0491803278689127,897.0666666666667,25.6104233723446,32.82310058789982,0.44794955467008646,0.9849159896289359,-0.009250000000000001,-0.5559540170933333,0.6744907594765952,0.4860524790226846,-0.48534705240557124,-0.9558273533290316,-2.000479404928406,1.0125343785356207,2.5302926341862486,-0.030510137438774683,-0.3754109082382997,-0.20734977135846983,0.41948172156169594,0.6006854925146868,0,baseline,1.0,0.6006263400565459,0.6006854925146868,0.04309480147438316,0.09425484838796805
2026-09-06 21:09:00,Berbaring,60,1.0,1.0,1,65.8,-2.0,-2.4006668519032712,918.3166666666667,33.31589515616378,37.27770270073074,0.7857211739885512,0.9843754123734807,0.016366666666666665,-0.6110485593278073,-0.44966050631773014,-0.4792607372137452,-0.3199573093823086,-0.6905431523464893,-0.8646749656400863,0.596119547338961,1.2448723275701152,-0.49515282320653636,-0.22261197257883653,-0.3120657977821601,0.2653934189319307,0.680111121525475,0,baseline,1.0,-0.4164148311966597,0.680111121525475,0.0794256290107882,0.03633082753640504
2026-09-06 21:10:00,Berbaring,60,1.0,1.0,1,66.71666666666667,0.0,-1.8855237565989786,903.4,47.199253082283235,45.46744038972527,0.8896799115326527,0.9841939532134687,-0.0034666666666666665,-0.5192243222703495,0.0,-0.38801516247618645,-0.015890059939474753,-0.21256651214656094,-0.5150991314014134,0.34902573792631436,0.8756834407342896,-0.33084396153958406,0.04193908876048881,-0.2986625302644724,0.15662739168214757,0.47428689720716055,0,baseline,1.0,-0.24709380941264664,0.47428689720716055,-0.20582422431831449,-0.2852498533291027
2026-09-06 21:11:00,Berbaring,60,1.0,1.0,1,65.38333333333334,1.0,0.4584606835232756,917.0666666666667,35.95423959191417,37.157475238526295,0.6588053934273789,0.9842388264455486,-0.012749999999999996,-0.6527868488993778,0.22483025315886507,0.02716696723577832,-0.3244210950526512,-0.5997101553294178,-1.2914470765355546,0.6595647839993777,1.6961106166687758,-0.27984016229449044,-0.19526181439268525,-0.2957059528201659,0.3031655624318079,0.5438649293444162,0,baseline,1.0,0.3105390460730633,0.5438649293444162,0.06957803213725566,0.27540225645557015
2026-09-06 21:12:00,Berbaring,60,1.0,1.0,1,65.1,2.0,-0.7435398721866575,919.05,42.48885197758209,42.47830951981278,0.7964963413265345,0.9844690017343557,0.0258,-0.6811688858080477,0.44966050631773014,-0.18573937381851066,-0.12687002490957897,-0.374736334894075,-0.828441954349055,0.5072021511122677,1.344759166053508,-0.2613954771706913,-0.02722209302957206,-0.2862564163686765,0.2401877463171206,0.45683862274039244,0,baseline,1.0,-0.15236263288710994,0.45683862274039244,-0.08702630660402377,-0.15660433874127944
2026-09-06 21:13:00,Berbaring,60,1.0,1.0,1,66.06666666666666,-3.0,-5.568213392608968,921.9166666666666,56.28537807735446,58.02804698840153,0.9392826835167636,0.9847054549823416,0.019616666666666668,-0.5843360540020016,-0.6744907594765952,-1.0403176692569316,0.4504580997733059,0.10025085672715485,-0.3483028542771335,0.6073061932031792,0.9644109810341297,-0.59137616383858,0.3710859467863311,-0.5363481010397019,0.21161372705776216,0.9054723640326712,0,baseline,1.0,0.1001040420909115,0.9054723640326712,0.44863374129227873,0.5356600478963025
2026-09-06 21:14:00,Berbaring,60,1.0,1.0,1,64.65,-1.0,0.0883578771881581,932.5333333333333,38.86546402380024,47.05154043840774,0.6594853844314594,0.9850332654844718,0.012199999999999999,-0.7262462385453438,-0.22483025315886507,-0.03838810587664156,0.04292414912761378,-0.4994824380706876,-1.289160511421916,0.6445561652716956,1.4352144813393344,-0.44033211095406677,0.04395857279884618,-0.48092890756674106,0.29737614072363794,0.7180180410440952,0,baseline,1.0,0.037249972068516324,0.7180180410440952,-0.187454322988576,-0.6360880642808547
2026-09-06 21:15:00,Berbaring,60,1.0,1.0,1,65.81666666666666,2.0,2.815782161711649,910.3666666666667,27.221605742664035,32.13187867396869,0.6854583058632671,0.9844420839355822,-0.004366666666666667,-0.6093790277449446,0.44966050631773014,0.4447114419247653,-0.5110106272482784,-0.9003575210152078,-1.2018229206466535,0.7402093731255003,1.618986773578628,-0.13276517595852244,-0.366409461256837,-0.11139599240052059,0.32500179071337953,0.51953605874436,0,baseline,1.0,0.09565320785380471,0.51953605874436,-0.19848198229973513,-0.011027659311159121
2026-09-06 21:16:00,Berbaring,60,1.0,1.0,1,65.7,2.0,1.427063073075889,909.9,34.87736384067145,41.03884063515886,0.7871618079255509,0.9858885500918809,-0.026699999999999998,-0.6210657488249839,0.44966050631773014,0.19873227119213802,-0.18031439163251342,-0.6367848642169123,-0.8598306319914061,0.5484415358928328,1.1906582712753806,-0.17505636776618658,-0.13335689518747873,-0.19246991021851842,0.2570219102743264,0.38927332568533773,0,baseline,1.0,-0.19176783723266744,0.38927332568533773,-0.1302627330590223,0.06821924924071282
2026-09-06 21:17:00,Berbaring,60,1.0,1.0,1,67.66666666666667,-2.0,-5.148096693525893,893.5,49.464419672723565,51.82810571854697,0.7194112321265749,0.9854574466554645,0.025733333333333334,-0.42406102204716634,-0.44966050631773014,-0.9659038024806769,0.22026768828245444,-0.1345812925654346,-1.0876514445039691,0.6537848933389949,1.4589818816748112,-0.472292784721297,0.1706286658416166,-0.5161938705243634,0.24845594667066584,0.7618143379522516,0,baseline,1.0,0.10534335744616208,0.7618143379522516,0.3725410122669139,0.5028037453259362
2026-09-06 21:18:00,Berbaring,60,1.0,1.0,1,67.08333333333333,2.0,2.67907752153377,889.6166666666667,52.09739629352864,59.28043093235257,0.8326786443958674,0.985078293211042,0.01085,-0.4824946274473673,0.44966050631773014,0.42049740591026025,0.49695640723378764,-0.04393309883344926,-0.7067738860467364,0.47613702836756605,0.8646102935213745,-0.06729741000440297,0.34419334198778645,-0.3519561161731739,0.2159252951655456,0.5417516394678051,0,baseline,1.0,-0.17764786497142887,0.5417516394678051,-0.22006269848444648,-0.5926037107513604
2026-09-06 21:19:00,Berbaring,60,1.0,1.0,1,66.03333333333333,0.0,1.8271742150598034,912.85,49.49227811709963,55.83859912768562,0.7400405447468835,0.9848229341116036,-0.0018500000000000007,-0.5876751171677271,0.0,0.2696026205028628,0.36916863555749685,-0.13362218125281644,-1.0182824877488381,0.5178621454238924,1.077271344972195,-0.2754769282644787,0.27953006000924263,-0.46909575490889144,0.2420700856616853,0.6577791012951095,0,baseline,1.0,0.041725117056326366,0.6577791012951095,0.11602746182730439,0.3360901603117509
2026-09-06 21:20:00,Berbaring,60,1.0,1.0,1,69.03333333333333,13.0,7.7288135593220755,857.45,87.20819138170334,61.66668193617157,1.009966160427728,0.9866660348547188,0.0213,-0.2871594322524125,2.9227932910652457,1.3149402728359716,0.5855527465507951,1.1648623496668606,-0.11061975046339052,1.4181127202970996,2.301170010813219,0.7240668691891552,0.5854411289886666,0.05406742954621881,0.5127264252878058,1.0643429055971845,0,baseline,1.0,0.9002505748732071,1.0643429055971845,0.40656380430207495,0.29053634247477056
2026-09-06 21:21:00,Berbaring,60,1.0,1.0,1,77.83333333333333,-21.0,-33.399277577104684,837.0666666666667,160.4182950243864,90.84872880466588,0.9790185008220631,0.9803898158348273,-0.007983333333333334,0.5943532434991768,-4.721435316336167,-5.969941050061733,1.6690190383148142,3.685341872994905,-0.21468559600903594,3.5284288888459794,6.0489252145014865,-0.962954347604963,0.9379142217512048,-0.7962988501646029,0.7527793216823279,1.7342816175178823,0,baseline,1.0,2.11031616854888,1.7342816175178823,0.6699387119206979,0.2633749076186229
2026-09-06 21:22:00,Berbaring,60,1.0,1.0,1,62.61666666666667,2.0,0.7285357043623999,956.7833333333333,61.898246646032774,67.36933366632083,1.0756083276716386,0.9784442400196202,-0.03654999999999999,-0.929929091654613,0.44966050631773014,0.0750044530205144,0.797279872859988,0.29349085490463606,0.11011124259806336,0.5487113566875241,1.4560073017097184,-0.34988453875327347,0.603009244242175,-0.4637430217282903,0.2592360510576849,0.8765273866056771,0,baseline,1.0,-2.979717532158455,0.8765273866056771,-0.8577542309122053,-1.5276929428329031
2026-09-06 21:23:00,Berbaring,60,1.0,1.0,1,65.15,0.0,-4.376215615448687,931.8833333333333,58.008792923979854,56.364281272715886,0.7605956695219851,0.9775152980639062,-0.011283333333333334,-0.676160291059458,0.0,-0.8291830869354203,0.3886860767736375,0.15958463191643493,-0.9491629980273718,0.6085764603716964,1.5279114029854481,-0.4591752017163794,0.3704163357501401,-0.5690440309254763,0.24195010431521347,0.8546350623347344,0,baseline,1.0,0.059865103684172305,0.8546350623347344,-0.021892324270942676,0.8358619066412626
2026-09-06 21:24:00,Berbaring,60,1.0,1.0,1,65.63333333333334,0.0,2.013892747985581,919.25,46.51831241382805,47.80911905072901,0.7698921457838857,0.9771152854409814,0.022366666666666663,-0.6277438751564349,0.0,0.3026754501811924,0.07105140467998644,-0.2360099567811888,-0.9179022928523473,0.48113899966109225,1.09688836520306,-0.2911824872236256,0.10523350165921166,-0.38132505849355847,0.22484446355855803,0.5402084447370734,0,baseline,1.0,-0.1274374607106042,0.5402084447370734,-0.314426617597661,-0.2925342933267183
2026-09-06 21:25:00,Berbaring,60,1.0,1.0,1,65.16666666666667,0.0,3.6010002778549963,923.4333333333333,61.15730389094208,71.6383336451765,0.7367266432484735,0.9773372435509079,0.008366666666666666,-0.6744907594765952,0.0,0.5837945024470478,0.9557786100279091,0.2679816567305804,-1.029425946281124,0.6880889603719428,1.3159248210509142,-0.2760496146972119,0.6215775551136007,-0.6041012030603086,0.29781062892462473,0.9571789179849675,0,baseline,1.0,0.20694996071085053,0.9571789179849675,0.41697047324789405,0.731397090845555
2026-09-06 21:26:00,Berbaring,60,1.0,1.0,1,64.1,1.0,2.4173381494860138,936.35,45.27012147437959,64.4736183072357,0.43245891163680633,0.9770975908237808,0.006449999999999998,-0.7813407807798192,0.22483025315886507,0.37413638573617075,0.689768223788541,-0.2789827098241065,-2.0525688645465086,0.9632990702279125,2.129841529534116,-0.29694688667910696,0.4348765945189432,-0.6712510522028461,0.40604154149551197,0.9448506836914959,0,baseline,1.0,0.2752101098559697,0.9448506836914959,-0.012328234293471518,-0.42929870754136557
2026-09-06 21:27:00,Berbaring,60,1.0,1.0,1,65.75,3.0,2.61572659071969,909.9,40.48548599524509,45.278610208053884,0.6967799150933768,0.9782527286501514,-0.014966666666666672,-0.6160571540763956,0.6744907594765952,0.4092762672694026,-0.022900916224867923,-0.4437082757187624,-1.1637524218599509,0.6523920664176507,1.4098891320854514,-0.07495193699254142,-0.00031114202804835036,-0.2671599003225286,0.29207118835730794,0.40286211174183284,0,baseline,1.0,-0.3109070038102618,0.40286211174183284,-0.5419885719496631,-0.5296603376561916
2026-09-06 21:28:00,Berbaring,60,1.0,1.0,1,65.6,-3.0,-3.0475131981105568,925.5,65.06671934331479,62.45513644046108,1.2598007661150759,0.9754905730725832,-0.0016333333333333388,-0.6310829383221619,-0.6744907594765952,-0.5938344685994094,0.6148263572004127,0.4025751227360402,0.7294841481415221,0.6161801869990925,1.6167281437518226,-0.5638896410401693,0.5116887710972714,-0.41833431826552203,0.2667557330011511,0.9088229468202853,0,baseline,1.0,-0.03621187941855819,0.9088229468202853,0.5059608350784525,1.0479494070281157
2026-09-06 21:29:00,Berbaring,60,1.0,1.0,1,67.48333333333333,6.0,-3.809391497638179,893.4166666666666,100.39300598008565,63.408281552897535,1.30500163741042,0.9784229487179562,0.02975,-0.44242586945865814,1.3489815189531904,-0.7287834254119002,0.6502145739741803,1.6187895203794598,0.8814784168741687,1.0301197157379642,2.6618806322223714,0.051995779592585514,0.6914874744831131,-0.173647129421091,0.41735301527318525,0.8277652767398976,0,baseline,1.0,0.41393952873887174,0.8277652767398976,-0.08105767008038767,-0.5870185051588401
2026-09-06 21:30:00,Berbaring,60,1.0,1.0,1,65.8,-11.0,-12.686857460405646,947.65,77.80523815750301,87.6043687479615,0.7523855713575921,0.9773665649053704,0.011033333333333332,-0.6110485593278073,-2.4731327847475155,-2.301219300743495,1.5485629655922442,0.8411372095402897,-0.9767706044950969,1.6250649351357604,1.8651738284483421,-0.8902644746683419,0.8287725182491216,-0.8146915299297142,0.5162908609921344,1.5523251154138773,0,baseline,1.0,0.5949452193977962,1.5523251154138773,0.7245598386739797,0.8056175087543673
2026-09-06 21:31:00,Berbaring,60,1.0,1.0,1,63.45,2.0,4.983050847457681,942.8833333333333,48.01486057626526,55.6447570131351,0.42678997669023555,0.978507327376025,0.03411666666666667,-0.8464525125114699,0.44966050631773014,0.8285925006911612,0.36197169704299903,-0.18448675422560565,-2.0716314533197853,1.0051498818094462,2.425951457488119,-0.20348158636398075,0.31154289642871924,-0.6028356711441064,0.4045452894862397,0.8158011215692637,0,baseline,1.0,-0.6199150533263142,0.8158011215692637,-0.7365239938446136,-1.4610838325185933
2026-09-06 21:32:00,Berbaring,60,1.0,1.0,1,65.0,0.0,-3.2975826618504622,926.1666666666666,46.64876573536291,55.05113185615776,0.4315845522784244,0.978632649650182,-0.00028333333333333194,-0.6911860753052242,0.0,-0.6381284369186051,0.33993167872535124,-0.23151870612972764,-2.0555090205098403,0.9380136711500497,2.4789848292157832,-0.4429312345125639,0.26112929755289443,-0.6631049681961027,0.3895500756318464,0.925112992460069,0,baseline,1.0,-0.06713621065939646,0.925112992460069,0.1093118708908053,0.8458358647354189
2026-09-06 21:33:00,Berbaring,60,1.0,1.0,1,67.45,0.0,-2.742428452347808,902.0333333333333,71.56695730943906,58.89778563360742,0.948200122410221,0.9778338227442126,0.03451666666666666,-0.44576493262438366,0.0,-0.5397958272499792,0.4827496147918242,0.6263654996810021,-0.31831671540996676,0.45033179829909603,0.9894120774134365,-0.31504822114601055,0.4709237409519441,-0.4589244489055917,0.19354414349172622,0.7543842102819268,0,baseline,1.0,-0.4876818728509537,0.7543842102819268,-0.17072878217814214,-0.28004065306894743
2026-09-06 21:34:00,Berbaring,60,1.0,1.0,1,64.53333333333333,1.0,1.4470686301750866,928.35,40.41220867719917,55.51194710318168,0.6908086736222737,0.9784641580845647,0.002133333333333333,-0.7379329596253845,0.22483025315886507,0.20227578865767462,0.3570407522982665,-0.44623106930147044,-1.1838315587176478,0.6277030369717759,1.3218636055669128,-0.2986827313278241,0.22830567382883382,-0.48278544585879,0.2888123422706076,0.6766307785467582,0,baseline,1.0,0.17737123867267984,0.6766307785467582,-0.07775343173516858,0.09297535044297356
2026-09-06 21:35:00,Berbaring,60,1.0,1.0,1,64.85,-2.0,-2.5290358432897477,930.4166666666666,43.99548962501307,59.87161405450437,0.47409996557054074,0.9771081785424803,0.011749999999999998,-0.7062118595509905,-0.44966050631773014,-0.5019983076175976,0.5189057580794547,-0.32286577126314275,-1.912544980923571,0.9114334733850681,2.011932020008361,-0.5360628860623606,0.3327558801820458,-0.6964427558863447,0.3851820098795188,1.0156217733834914,0,baseline,1.0,0.2837304364132922,1.0156217733834914,0.3389909948367331,0.4167444265719017
2026-09-06 21:36:00,Berbaring,60,1.0,1.0,1,66.03333333333333,4.0,1.357043623228731,899.9833333333333,48.945314232424074,44.34150980205144,0.948218091876169,0.9795339082921894,-0.03183333333333333,-0.5876751171677271,0.8993210126354603,0.18632996006276598,-0.05769342774667574,-0.15245306937794867,-0.318256290560666,0.46845788099040403,1.0539506748864829,-0.025470006852560956,0.04765424848401791,-0.10349765758511156,0.22367153371502824,0.2523100647371881,0,baseline,1.0,-0.44297559239466405,0.2523100647371881,-0.7633117086463033,-1.1023027034830364
2026-09-06 21:37:00,Berbaring,60,1.0,1.0,1,71.4,-7.0,-19.141983884412266,873.95,111.61152741024314,65.36792869362556,1.0236851221716823,0.9784931292253483,0.026966666666666656,-0.050085947485885775,-1.5738117721120555,-3.4445942696230945,0.7229720344189042,2.0050210941624433,-0.06448781764247875,1.7744284811222444,3.756717842637249,-0.7683879525056679,0.7206072745498665,-0.6814654069763137,0.4471786456309843,1.3319379609065107,0,baseline,1.0,1.3059706001318403,1.3319379609065107,1.0796278961693226,1.842939604815626
2026-09-06 21:38:00,Berbaring,60,1.0,1.0,1,63.9,0.0,-2.494026118366157,943.4166666666666,52.73608473112468,65.23127044652585,0.7299072394638483,0.9767861591985433,-0.00040000000000000436,-0.8013751597741731,0.0,-0.4957971520529094,0.7178982092382606,-0.02194431520046658,-1.0523571478649199,0.6469585150464138,1.3582537743090617,-0.47392942749062134,0.5002450778689013,-0.632916859312492,0.28578038944241113,0.9783191820492411,0,baseline,1.0,-1.1274699660758305,0.9783191820492411,-0.35361877885726967,-1.4332466750265924
2026-09-06 21:39:00,Berbaring,60,1.0,1.0,1,66.31666666666666,10.0,9.987774381772752,886.4166666666666,58.200498473800636,56.392991510695936,0.672132207346162,0.9769242735038015,-0.01348333333333334,-0.5592930802590588,2.2483025315886507,1.7150624533194079,0.38975202582169727,0.16618467601949935,-1.2466337957718687,1.29374985029925,1.987492546050232,0.5540032185894391,0.3520382139614511,-0.13737197051150213,0.4489187425144848,0.8070003506564453,0,baseline,1.0,0.6467913352528362,0.8070003506564453,-0.1713188313927958,0.18229994746447387
2026-09-06 21:40:00,Berbaring,60,1.0,1.0,1,66.56666666666666,-8.0,-4.384551264240021,922.6333333333333,51.054628989377036,60.37004532780604,0.48771812271450365,0.9773075543695829,0.008216666666666664,-0.5342501065161158,-1.7986420252709205,-0.8306595525460609,0.5374114333604582,-0.07983352113769748,-1.8667520177070385,1.1540132248690702,2.315437513892652,-0.743396452822363,0.3648488031495436,-0.7543122135003794,0.4534734114207696,1.2084609987624584,0,baseline,1.0,-0.13973662543017973,1.2084609987624584,0.4014606481060131,0.5727794794988089
2026-09-06 21:41:00,Berbaring,60,1.0,1.0,1,65.61666666666666,2.0,0.3450958599611294,913.55,48.37159307847068,53.00879364209141,0.8765373787028389,0.9753363559460784,0.005416666666666664,-0.6294134067392991,0.44966050631773014,0.007087034931066374,0.2641040775535014,-0.1722051575282048,-0.5592927411597304,0.41041036048546725,0.9523909850460089,-0.20717339751778374,0.22421385459850124,-0.3355962479442049,0.20131242230924118,0.4963307387652129,0,baseline,1.0,-0.743602864383603,0.4963307387652129,-0.7121302599972454,-1.1135909081032587
2026-09-06 21:42:00,Berbaring,60,1.0,1.0,1,66.06666666666666,2.0,0.9402611836621834,911.15,37.28489720144115,44.052741887385515,0.6871433592703398,0.9768963151404841,-0.003566666666666667,-0.5843360540020016,0.44966050631773014,0.11250667953076623,-0.06841475593497708,-0.5538982374315444,-1.196156692252294,0.6189474421099836,1.4505022468504698,-0.1680027351523278,-0.059166278830948764,-0.29048088941287575,0.2868594522651078,0.44541335862016734,0,baseline,1.0,0.2085370816245164,0.44541335862016734,-0.05091738014504554,0.6612128798521999
2026-09-06 21:43:00,Berbaring,60,1.0,1.0,1,65.15,-1.0,1.1019727702140043,924.25,38.176496896051596,49.31771779123192,0.3938318804571718,0.9761183926108097,-0.01986666666666666,-0.676160291059458,-0.22483025315886507,0.14115011237718222,0.1270624134518634,-0.5232022178733783,-2.1824576739701094,0.9644231136225112,2.4802147327509965,-0.395383181185839,0.07417932115347267,-0.6010253999750124,0.4097992422462302,0.8312625229204864,0,baseline,1.0,0.34547567151252756,0.8312625229204864,0.38584916430031907,0.4367665444453646
2026-09-06 21:44:00,Berbaring,60,1.0,1.0,1,66.11666666666666,1.0,1.9155320922478856,910.7666666666667,59.17293433819292,54.31499465219339,1.1282385744215149,0.9788489587402484,-0.003883333333333335,-0.5793274592534133,0.22483025315886507,0.2852531559756422,0.31260049629654446,0.19966372552219072,0.28708782819742457,0.33851203953181125,0.8694108222610845,-0.20542787635383625,0.32543296354526546,-0.23034701616105369,0.15978192072436537,0.4761273319079353,0,baseline,1.0,-0.6259110740906999,0.4761273319079353,-0.3551351910125511,-0.7409843553128701
2026-09-06 21:45:00,Berbaring,60,1.0,1.0,1,66.18333333333334,0.0,1.9655459849958812,909.45,35.1005456522366,46.953095961171535,0.5030277071697472,0.9774788869127049,0.0057666666666666665,-0.5726493329219609,0.0,0.2941119496394839,0.039269118581729955,-0.629101154482328,-1.8152713929493667,0.827340080591835,2.016257167589441,-0.264406600720689,-0.021144254916287377,-0.45963511486617775,0.36132221843918555,0.642009434803332,0,baseline,1.0,0.4888280410600237,0.642009434803332,0.16588210289539662,0.5210172939079477
2026-09-06 21:46:00,Berbaring,60,1.0,1.0,1,69.35,4.0,1.5687691025285337,860.65,46.80316699410378,47.63846900157014,1.022864860890735,0.9780591138452764,0.0159,-0.2554383321780186,0.8993210126354603,0.22383218657302126,0.06471553739882162,-0.2262029752173408,-0.0672460612336845,0.4049703266061718,1.017467193240158,0.1614547744316066,0.03012135357769309,0.05871655157983585,0.19433788054583334,0.2611317394967289,0,baseline,1.0,-0.4223697539856631,0.2611317394967289,-0.38087769530660304,-0.5467597982019996
2026-09-06 21:47:00,Berbaring,60,1.0,1.0,1,69.23333333333333,-7.0,-11.89997221450397,890.05,77.09567575641958,62.06407296127424,0.9968638830703349,0.9780820731035358,-0.010200000000000004,-0.2671250532580579,-1.5738117721120555,-2.1618409470990736,0.6003070159236243,0.8167083750834624,-0.15467799555023662,1.174244575196955,1.6204684534454674,-0.7367523379769645,0.5282905673726972,-0.6210479414700655,0.34573139135020337,1.1520094060634414,0,baseline,1.0,0.7692742485907832,1.1520094060634414,0.8908776665667124,1.2717553618733155
2026-09-06 21:48:00,Berbaring,60,1.0,1.0,1,65.86666666666666,2.0,0.4701305918311375,906.6333333333333,40.52033039279471,48.63213696479635,0.8477270336187103,0.9786688945157537,0.010566666666666669,-0.6043704329963563,0.44966050631773014,0.02923401909067405,0.10160827998857275,-0.44250865181227045,-0.6561715668882152,0.44814657084816184,1.0937177433411442,-0.1907549240184988,0.0660352401311392,-0.26592065620005806,0.2175872989783154,0.39850485824771165,0,baseline,1.0,-0.7260980043487932,0.39850485824771165,-0.7535045478157297,-1.6443822143824423
2026-09-06 21:49:00,Berbaring,60,1.0,1.0,1,65.91666666666667,-1.0,-2.8591275354264236,915.1666666666666,40.041574439772205,54.46317368769096,0.4790761183277862,0.9794921987641084,0.0016833333333333314,-0.5993618382477666,-0.22483025315886507,-0.5604663457989361,0.31810206343579306,-0.4589912753331188,-1.8958119694181628,0.8784333324769765,2.1024750093179567,-0.44717856584937166,0.17815899199474458,-0.618824639711238,0.3715691208170474,0.8675925555479262,0,baseline,1.0,0.4302867616288147,0.8675925555479262,0.4690876973002146,1.2225922451159443
2026-09-06 21:50:00,Berbaring,60,1.0,1.0,1,67.13333333333334,5.0,-0.0766879688802056,889.85,59.50952779433798,52.221821531499614,0.9584081437455221,0.9786022677156354,-0.048749999999999995,-0.4774860326987776,1.1241512657943253,-0.06762212496731537,0.23488550497608737,0.2112519745709903,-0.2839908120899094,0.5286352097861684,1.4028651066802527,0.06439550951203901,0.2705871295314152,-0.16857882133530103,0.251100391069331,0.4108946357782446,0,baseline,1.0,-0.3497981226908081,0.4108946357782446,-0.45669791976968166,-0.9257856170698963
2026-09-06 21:51:00,Berbaring,60,1.0,1.0,1,71.41666666666667,16.0,9.490969713809433,833.3,101.51635085800426,46.40791866970805,1.118599987908019,0.9763173133078914,0.003666666666666668,-0.04841641590302301,3.597284050541841,1.6270651029252652,0.019027864738305936,1.657464069677305,0.25467672932362817,1.7513112695508826,3.4273233135322183,0.8608494484774097,0.4090873309560244,0.29076756351394656,0.5883404562573504,1.157196822391735,0,baseline,1.0,1.2226760597647142,1.157196822391735,0.7463021866134905,1.2030001063831721
2026-09-06 21:52:00,Berbaring,60,1.0,1.0,1,69.18333333333334,-26.0,-24.278410669630414,922.65,117.22610703035194,73.43970200449124,1.493255110717297,0.9802864719838061,-0.036666666666666674,-0.27213364800664624,-5.845586582130491,-4.354392378899462,1.022659521609026,2.1983200004670724,1.5145071216683355,3.19838103171366,4.224271511643869,-0.9880361940926508,0.8231370696601233,-0.6000618781190682,0.7669065430125892,1.6130685229007007,0,baseline,1.0,1.4470697621627775,1.6130685229007007,0.45587170050896564,-0.2904304861045248
2026-09-06 21:53:00,Berbaring,60,1.0,1.0,1,63.46666666666667,-1.0,-3.497638232842401,952.1666666666666,47.90073304228966,56.458774520343454,0.6211508227524896,0.9807504009463393,0.02376666666666667,-0.844782980928607,-0.22483025315886507,-0.6735636115739643,0.39219440670899625,-0.1884159402002272,-1.4180658511334034,0.7547761968253377,1.669327472806874,-0.5601928964441198,0.3252969103357774,-0.64729712466657,0.319546478703723,0.9699163266766949,0,baseline,1.0,-2.4436048348883226,0.9699163266766949,-0.6431521962240058,-1.0990238967329713
2026-09-06 21:54:00,Berbaring,60,1.0,1.0,1,65.1,6.0,5.1214226173937565,911.05,47.64004333345593,47.02541685629671,0.9125064626320258,0.9814139903072038,0.021649999999999996,-0.6811688858080477,1.3489815189531904,0.8531018298277818,0.041954237018124584,-0.19739097288512408,-0.43834165211815507,0.7353447807760799,1.0990486113821887,0.15671465613100188,0.10951980409704852,-0.061632943416297235,0.2986343222500759,0.3599099180012031,0,baseline,1.0,-0.0194314160492578,0.3599099180012031,-0.6100064086754918,0.03314578754851394
2026-09-06 21:55:00,Berbaring,60,1.0,1.0,1,65.2,-3.0,-4.918032786885188,926.2333333333333,48.720359669523006,60.25721702327308,0.7035943540452844,0.9811176643171502,-0.009316666666666664,-0.6711516963108697,-0.6744907594765952,-0.9251533516270182,0.5332223624131995,-0.1601978114457742,-1.1408379152224395,0.7497545913481277,1.3436079063695319,-0.6108358739496637,0.3691625669695027,-0.6452789306687533,0.2986478661875759,1.007460625582342,0,baseline,1.0,0.014409810572047821,1.007460625582342,0.6475507075811389,1.2575571162566308
2026-09-06 21:56:00,Berbaring,60,1.0,1.0,1,65.98333333333333,2.0,0.6518477354821118,909.1166666666667,33.0311058670802,43.21585553349055,0.5808833705898094,0.9809442712511325,0.010866666666666667,-0.5926837119163154,0.44966050631773014,0.06142096940261878,-0.09948653642277519,-0.7003478860633233,-1.5534708061662903,0.7605806298314561,1.8472779070800112,-0.17988587462222436,-0.11081090197712176,-0.33520917088368046,0.3405576404584152,0.5224774431539735,0,baseline,1.0,0.010826038483328415,0.5224774431539735,-0.48498318242836846,-1.1325338900095074
2026-09-06 21:57:00,Berbaring,60,1.0,1.0,1,66.68333333333334,1.0,0.8619060850236901,902.35,34.78594348881139,39.8088653783534,0.6235684921678754,0.9811189956014815,0.04745,-0.5225633854360751,0.22483025315886507,0.09862790279075342,-0.22598071299982156,-0.6399322866820321,-1.4099360986685057,0.6809122574724492,1.701319177066916,-0.2023355431301873,-0.17784826273897678,-0.28714803488212975,0.3108514105742569,0.5016495489539825,0,baseline,1.0,-0.07966837235900692,0.5016495489539825,-0.02082789419999098,0.4641552882283775
2026-09-06 21:58:00,Berbaring,60,1.0,1.0,1,66.03333333333333,0.0,0.3334259516532947,911.6666666666666,44.44217979164353,45.50302653372425,1.0593213889430158,0.9801537494683269,-0.03113333333333333,-0.5876751171677271,0.0,0.005019983076175452,-0.014568823370617557,-0.3074871095450946,0.055344127031301364,0.27178753623490687,0.9080838708736089,-0.31173707863497346,0.032638795841375,-0.1764710083189376,0.13831019864457683,0.38537906665521865,0,baseline,1.0,-0.40912472123754234,0.38537906665521865,-0.11627048229876386,-0.09544258809877287
2026-09-06 21:59:00,Berbaring,60,1.0,1.0,1,69.4,4.0,10.536260072242335,873.8833333333333,86.71580147809684,68.70780677524503,1.2987729580246894,0.9790245967269435,-0.005933333333333335,-0.25042973742942887,0.8993210126354603,1.8122138904995206,0.8469744848413576,1.147910336108856,0.8605336089252618,1.0748018834405264,2.1278319034406037,0.38327420153668024,0.6656546301885946,0.016795906370220416,0.34755536932823916,0.8432508745769436,0,baseline,1.0,0.8030143472056195,0.8432508745769436,0.45787180792172494,0.5741422902204888
2026-09-06 22:00:00,Berbaring,60,1.0,1.0,1,64.31666666666666,-8.0,-5.0997499305362,953.8166666666667,44.850218398526,50.2640485463635,0.7996545510903402,0.9788471037409436,0.031083333333333338,-0.7596368702026018,-1.7986420252709205,-0.9573403019389695,0.16219762787548261,-0.29343914482161676,-0.8178220311086947,0.9582892082705954,1.4251373959615639,-0.8008557593051403,0.16621957048755884,-0.6014754940433351,0.38074580629477706,1.0843150057852262,0,baseline,1.0,-0.11651267516993102,1.0843150057852262,0.24106413120828263,-0.2168076767134423
2026-09-06 22:01:00,Berbaring,60,1.0,1.0,1,63.266666666666666,2.0,3.140872464573546,944.8,41.43273085907659,49.15902937906245,0.898594361174135,0.9785634364083649,0.02588333333333333,-0.8648173599229617,0.44966050631773014,0.5022936007397233,0.12117065588413782,-0.4110965026974087,-0.48512304431322767,0.519844452506594,1.076683532215503,-0.2593462210607444,0.1359855638218389,-0.30448643060911823,0.2302134379230244,0.48110575695147473,0,baseline,1.0,-0.43844475576400144,0.48110575695147473,-0.6032092488337515,-0.8442733800420341
2026-09-06 22:02:00,Berbaring,60,1.0,1.0,1,65.76666666666667,1.0,-2.417338149485928,916.8166666666667,53.37348153412373,46.57579934628887,1.0325807330556624,0.9789007176815852,-0.0041333333333333335,-0.6143876224935328,0.22483025315886507,-0.4822136684350243,0.025260911204632683,0.0,-0.03457507851835473,0.3322610332062572,1.0488297746056603,-0.3299714063242764,0.13592453178333405,-0.2572467328401343,0.13636404434122051,0.46057316625934375,0,baseline,1.0,-0.18758341930033673,0.46057316625934375,-0.02053259069213098,0.5826766581416205
2026-09-06 22:03:00,Berbaring,60,1.0,1.0,1,65.33333333333333,3.0,-0.7168657960544224,912.4833333333333,42.689851795569446,43.993065709364636,0.8821257002861089,0.9780915974657277,0.003949999999999999,-0.6577954436479675,0.6744907594765952,-0.1810146838644669,-0.07063040337048089,-0.3678163074631285,-0.5405012261258269,0.4748364650834192,1.3353781469991317,-0.18445669370937512,0.0007582898647070722,-0.2069363356218062,0.2265619341269307,0.35801927860609634,0,baseline,1.0,0.14257543187716198,0.35801927860609634,-0.10255388765324741,-0.08202129696111643
2026-09-06 22:04:00,Berbaring,60,1.0,1.0,1,65.61666666666666,-2.0,-3.5093081411502345,921.2833333333333,43.82364181490288,47.60786147871243,0.7850201877383954,0.97687494405057,-0.0214,-0.6294134067392991,-0.44966050631773014,-0.675630663428855,0.06357914626628167,-0.32878215254058957,-0.8670321302130409,0.5654964378581204,1.1353433243607172,-0.5244222014784806,0.07849386732192935,-0.4660483330728659,0.2369199641674814,0.7446556592088766,0,baseline,1.0,0.09065997277470123,0.7446556592088766,0.3866363806027802,0.4891902682560276
2026-09-06 22:05:00,Berbaring,60,1.0,1.0,1,64.75,-1.0,-1.6521255904417633,931.3666666666667,42.409211769824886,50.68246111236884,0.7676106339520009,0.9782858583133467,0.03671666666666667,-0.7162290490481671,-0.22483025315886507,-0.3466741253782757,0.17773238160129856,-0.377478190224117,-0.9255741963478872,0.5345530561681561,1.107395535557171,-0.47257157121277454,0.14558718564884576,-0.4816282611774295,0.2459814802860225,0.7327975089696738,0,baseline,1.0,-0.030943381689964355,0.7327975089696738,-0.01185815023920278,-0.398494530841983
2026-09-06 22:06:00,Berbaring,60,1.0,1.0,1,65.41666666666667,-2.0,-0.5151430953042141,923.9666666666667,64.94507892701462,65.47583329567262,0.9053500764482477,0.978629166144191,-0.003233333333333341,-0.6494477857336522,-0.44966050631773014,-0.14528421608697917,0.7269782989407537,0.39838728303579807,-0.4624060042777518,0.5076274368714098,0.7317663550122684,-0.4729682751326362,0.5575868662272927,-0.5778884049240287,0.24128918747173023,0.962692881041259,0,baseline,1.0,-0.026925619296746306,0.962692881041259,0.22989537207158528,0.24175352231078806
2026-09-06 22:07:00,Berbaring,60,1.0,1.0,1,64.2,3.0,3.0875243123090126,931.6,36.96503157474688,46.01768267355569,0.7153214010515501,0.97820874319395,-0.018283333333333335,-0.7713235912826412,0.6744907594765952,0.4928442208316246,0.004539246117090827,-0.5649105802938669,-1.1014040750545329,0.6861740301757264,1.3688158665010215,-0.1468838917465578,0.015532409272333321,-0.30008205827491075,0.30184404690473476,0.4505276947566625,0,baseline,1.0,0.17854659330431666,0.4505276947566625,-0.5121651862845966,-0.7420605583561819
2026-09-06 22:08:00,Berbaring,60,1.0,1.0,1,65.06666666666666,1.0,0.32675743262020746,924.7666666666667,38.23050812391106,47.90297397087406,0.6367230107505271,0.9784641770409603,0.016633333333333337,-0.6845079489737732,0.22483025315886507,0.003838810587659475,0.07453603489635244,-0.5213427177897011,-1.365702185135381,0.6660343859722341,1.543584108914144,-0.29903042242782796,0.04752490080352764,-0.43313226970321106,0.305665223136245,0.6105019258175489,0,baseline,1.0,-0.020139644203492346,0.6105019258175489,0.15997423106088643,0.6721394173454831
2026-09-06 22:09:00,Berbaring,60,1.0,1.0,1,64.23333333333333,-1.0,2.210614059461014,940.5333333333333,64.61449348529773,74.53482862371189,0.9671760694830013,0.9789150498978756,0.0037,-0.7679845281169156,-0.22483025315886507,0.3375200385923003,1.063319204683556,0.3870058780780268,-0.25450743217754984,0.5915324685880471,1.3217995383867192,-0.41299152251162247,0.6832443929402513,-0.5742434825937107,0.27027159460856864,1.019895685991647,0,baseline,1.0,-0.07450191738418699,1.019895685991647,0.4093937601740981,0.2494195291132117
2026-09-06 22:10:00,Berbaring,60,1.0,1.0,1,67.0,0.0,0.22339538760770847,897.8166666666667,40.65626545692502,42.67198501458241,1.0017561233272498,0.9768640338808164,0.009266666666666668,-0.4908422853616812,0.0,-0.014469362984275605,-0.1196792726272173,-0.43782867557135485,-0.13822715159513813,0.27876493516088086,0.7822196755539692,-0.2656090924259336,-0.07695982990202388,-0.13065141926260554,0.141571218888202,0.33702108060283253,0,baseline,1.0,-0.31276753342716623,0.33702108060283253,-0.6828746053888145,-1.0922683655629126
2026-09-06 22:11:00,Berbaring,60,1.0,1.0,1,70.2,2.0,7.925534870797485,865.15,94.73188302264951,59.3018706653237,1.4977259510763519,0.978139291008091,0.0002499999999999984,-0.17029222145201192,0.44966050631773014,1.3497848612470753,0.4977524181539028,1.4238882187380686,1.5295409493694605,1.0541840310810633,2.445030480597038,0.23899236021386303,0.5808829816012665,0.11732551825716488,0.3887412581034494,0.7479488147866371,0,baseline,1.0,0.7754190959201824,0.7479488147866371,0.41092773418380457,1.093802339572619
2026-09-06 22:12:00,Berbaring,60,1.0,1.0,1,67.76666666666667,-2.0,-1.580439010836286,897.85,66.73393287234141,67.3819117708774,1.2048091610601703,0.9770999955196109,-0.013949999999999999,-0.4140438325499897,-0.44966050631773014,-0.3339765211267663,0.7977468706810367,0.45997399737002087,0.5445671640829468,0.5211680354443955,1.449956430314565,-0.3907786894684718,0.5625548264076056,-0.393065028985565,0.2408179985716431,0.8256326921244473,0,baseline,1.0,-0.5330159956366678,0.8256326921244473,0.07768387733781024,-0.33324385684599434
2026-09-06 22:13:00,Berbaring,60,1.0,1.0,1,64.26666666666667,-1.0,0.2934148374548924,938.7833333333333,51.92794605913952,61.16911816389993,0.881968334888839,0.9776886137854427,0.012699999999999996,-0.7646454649511901,-0.22483025315886507,-0.0020670518548989553,0.5670792797069978,-0.0497669363060123,-0.5410303893431814,0.45680140508474804,0.916654746714661,-0.4528773622317329,0.4238541918296788,-0.5301892930253033,0.22135496691134515,0.8454874268542117,0,baseline,1.0,-0.06436663035964746,0.8454874268542117,0.0198547347297644,-0.057829142608045836
2026-09-06 22:14:00,Berbaring,60,1.0,1.0,1,64.0,-2.0,-1.8571825507085098,944.1333333333333,50.15550958013424,62.104477307959975,0.767009408196552,0.977153883190946,0.024433333333333338,-0.7913579702769958,-0.44966050631773014,-0.3829951794000205,0.6018071419384997,-0.11078842964437002,-0.9275959022669081,0.6069057293133353,1.0755395635450442,-0.5563934890661371,0.43136164988982983,-0.6223211603268571,0.27471805262195803,0.9789791737814613,0,baseline,1.0,0.15010432422858727,0.9789791737814613,0.13349174692724952,0.11363701219748512
2026-09-06 22:15:00,Berbaring,60,1.0,1.0,1,65.38333333333334,1.0,1.1519866629620055,918.25,43.393596731408834,51.94912765780364,0.6920882347525396,0.976243562981202,-0.012316666666666668,-0.6527868488993778,0.22483025315886507,0.15000890604102493,0.22476097116762722,-0.3435877568646174,-1.179528854970574,0.5858100296823694,1.2716474246437905,-0.2627707586784567,0.16670832258683574,-0.4399100507537355,0.2731994961592771,0.6041514329139717,0,baseline,1.0,-0.021095699630965914,0.6041514329139717,-0.3748277408674896,-0.5083194877947391
2026-09-06 22:16:00,Berbaring,60,1.0,1.0,1,64.51666666666667,-2.0,-7.260350097249167,939.75,92.79641010736115,81.5968801331131,1.2790711942063009,0.9768324483328207,0.012249999999999999,-0.7396024912082473,-0.44966050631773014,-1.3400401882168533,1.3255179049878236,1.3572537023501396,0.7942836650966851,1.0626175222538539,2.0944700256037883,-0.6307649667113342,0.8385500807230659,-0.5711760006549894,0.39283842268630476,1.257614699013137,0,baseline,1.0,0.47680749257148447,1.257614699013137,0.6534632660991653,1.0282910069666549
2026-09-06 22:17:00,Berbaring,60,1.0,1.0,1,70.0,3.0,6.901917199222031,877.3666666666667,128.97049546530002,91.29501443680783,1.358181061862731,0.9773104180933255,0.0005499999999999984,-0.1903266004463665,0.6744907594765952,1.1684748842604817,1.6855886587085926,2.602656138396524,1.0603016895150346,1.4488940223778104,2.746087429088881,0.2663572978885983,0.9240130087003792,-0.14854307052268617,0.5273250684987567,1.1067443345477619,0,baseline,1.0,0.38627650012395653,1.1067443345477619,-0.15087036446537505,-0.8043336305645403
2026-09-06 22:18:00,Berbaring,60,1.0,1.0,1,63.53333333333333,14.0,12.053348152264567,936.8,137.41534219724682,69.57741694797632,1.287387533001072,0.9850037733791159,-0.011183333333333335,-0.838104854597156,3.147623544224111,2.0809306316359995,0.8792612299547257,2.893395561050558,0.8222485205833175,2.03146731985956,3.732249455956406,0.6614960575812289,0.8797280627643685,0.04439290459226506,0.6360412386986964,1.2720132412495426,13,tau_in,0.0,0.5825732974817495,1.6180289508887558,0.5112846163409939,0.6621549808063689
2026-09-06 22:19:00,Berbaring,60,1.0,1.0,1,67.1,-26.0,-36.95693248124474,982.35,165.43448956908304,143.55315557164278,0.9056104772568898,0.9735630653831355,0.026166666666666664,-0.48082509586450456,-5.845586582130491,-6.600096572682884,3.625820426719654,3.8580395609622045,-0.4615303700398998,4.207283433403982,5.183300424709163,-0.9951344576089686,0.9955676428375901,-0.8297060368328524,0.8296384467352274,1.832528193519546,13,rising,0.0,2.1758161135444225,2.0876205546133164,0.46959160372456066,-0.04169301261643321
2026-09-06 22:20:00,Berbaring,60,1.0,1.0,1,60.31666666666667,6.0,7.17699360933597,981.3166666666667,86.71138405246329,105.19143162889073,0.7575206328711666,0.9718542905131169,-0.009583333333333333,-1.1603244500896874,1.3489815189531904,1.2171982494116045,2.201532576959474,1.1477582528539338,-0.9595032400110566,1.398357173514914,2.1941860249037255,-0.05086033154397779,0.9390378940608111,-0.6269316179805016,0.5112580145013043,1.2404865782516117,13,rising,0.0,-2.808926259889068,1.593363408272699,-0.49425714634061735,-0.963848750065178
2026-09-06 22:21:00,Berbaring,60,1.0,1.0,1,62.88333333333333,7.0,-0.11169769380377474,943.7166666666667,92.59737735910943,102.6387444603975,0.9596555302514292,0.9721100650318274,0.022666666666666665,-0.9032165863288074,1.5738117721120555,-0.07382328053199966,2.1067568227793614,1.3504013972518076,-0.2797963000294337,1.267440188341817,2.690557053699805,-0.03568392539160479,0.9324659234225602,-0.5287739196078922,0.5004308692760098,1.1835535280913483,13,rising,0.0,-0.13091698517309713,1.5494511782749005,-0.043912229997798535,0.4503449163428188
2026-09-06 22:22:00,Berbaring,60,1.0,1.0,1,64.91666666666667,-5.0,-7.207001944984671,944.7,80.11163820738648,103.78097863011183,0.6868963355107294,0.9734685436527124,0.04186666666666667,-0.699533733219538,-1.1241512657943253,-1.3305908083087612,2.1491655073299523,0.9205420158318739,-1.19698734428677,1.3179924187089826,2.0950790338907734,-0.7266428588255768,0.9141285694803543,-0.8150266230931238,0.4819736301678317,1.5033987702370069,13,rising,0.0,0.05055223036716572,1.8056045697633092,0.25615339148840865,0.3000656214862072
2026-09-06 22:23:00,Berbaring,60,1.0,1.0,1,70.03333333333333,11.0,15.76437899416509,849.9166666666666,89.82379958424946,55.945191096104594,1.06757428010244,0.972657056898244,0.027700000000000002,-0.186987537280641,2.4731327847475155,2.738253121492922,0.37312616483140876,1.254912583002724,0.08309563094613867,1.6005370909583088,2.4415619782218534,0.7817420678873265,0.5052605734435283,0.16710202424862414,0.4660146054227424,1.0542777654662638,13,rising,0.0,0.2825446722493261,1.4531006870676713,-0.3525038826956379,-0.6086572741840466
2026-09-06 22:24:00,Berbaring,60,1.0,1.0,1,73.51666666666667,15.0,20.060572381217025,829.2833333333333,128.0478051177771,73.75830892579643,0.8987324531233791,0.9772372458384049,0.024116666666666665,0.16194456353769668,3.372453797382976,3.4992234972167684,1.034488707584653,2.5708897289586323,-0.4846586907677821,2.2934243200847835,4.437738668490151,0.9254452201138496,0.8272314852713033,-0.04288785940602471,0.6257029671956543,1.390720804941673,13,rising,0.0,0.6928872291264747,1.71292275286938,0.25982206580170875,0.6123259484973467
2026-09-06 22:25:00,Berbaring,60,1.0,1.0,1,65.51666666666667,-33.0,-16.436232286746282,975.8666666666667,90.48428399295379,124.86684433251015,0.363132950424225,0.982107750903376,0.035050000000000005,-0.6394305962364757,-7.419398354242547,-2.96533353240936,2.932038101023048,1.277651758946823,-2.28568713144548,3.644702856901093,5.833837985910621,-0.9952700154404984,0.9680252704546086,-0.9116064017925025,0.8478592434452062,1.864812820729791,13,rising,0.0,1.3512785368163094,2.1160167429295544,0.40309399006017443,0.1432719242584657
2026-09-06 22:26:00,Berbaring,60,1.0,1.0,1,54.96666666666667,1.0,1.9838844123368091,1074.5833333333333,134.8767537441681,177.06773577037535,0.7020604275783894,0.9813725271012903,0.0159,-1.6962440881886653,0.22483025315886507,0.2973601739828919,4.870144311592578,2.805996965832459,-1.1459959580863028,2.4468158576154395,4.336894536510417,-0.6755491805862032,0.998824539840852,-0.8177887723728394,0.7377680222479844,1.633125006743133,13,rising,0.0,-1.1978869992856533,1.9149666544485202,-0.20105008848103423,-0.6041440785412087
2026-09-06 22:27:00,Berbaring,60,1.0,1.0,1,61.43333333333333,-3.0,-2.900805779383098,992.95,161.3312651616049,186.47542665392325,0.9773481062282728,0.9810979278991863,-0.0005999999999999977,-1.0484658340378765,-0.6744907594765952,-0.5678486738521394,5.2194315292299525,3.7167736347569202,-0.22030253208797096,2.6765050424059837,4.698915588425982,-0.6984054299399584,0.9993420158392892,-0.7521213461544695,0.7678735298130398,1.6253525421643458,13,rising,0.0,0.22968918479054423,1.908342444720051,-0.006624209728469221,0.194425878752565
2026-09-06 22:28:00,Berbaring,60,1.0,1.0,1,57.95,5.0,1.7288135593220706,1016.0833333333334,95.66223980387343,119.07147831933784,0.8749722594292986,0.980808518543464,-0.010766666666666666,-1.3973979348562133,1.1241512657943253,0.2521803262973061,2.7168686938871116,1.4559185683727212,-0.5645556742104397,1.4776010659476815,2.829856832628787,-0.3743705544879462,0.9725705082362327,-0.693012422917665,0.5539608624611807,1.3686436939596236,13,rising,0.0,-1.1989039764583023,1.6950473624696876,-0.21329508225036342,-0.2066708725218942
2026-09-06 22:29:00,Berbaring,60,1.0,1.0,1,61.13333333333333,7.0,3.0108363434287946,966.9333333333333,72.57862286634501,58.244080225855846,1.1255198966179916,0.98310281300545,0.015749999999999997,-1.0785174025294075,1.5738117721120555,0.4792607372137414,0.45847894669117956,0.6611951501495077,0.2779458928137859,0.8750628573902814,1.6608246974533203,-0.04911238514152761,0.5602281869153769,-0.2724868186344808,0.3732185205762939,0.7278796454218776,13,rising,0.0,-0.6025382085574,1.2368543884465455,-0.4581929740231421,-0.24489789177277865
2026-09-06 22:30:00,Berbaring,60,1.0,1.0,1,61.71666666666667,-12.0,-9.701028063350881,1009.1833333333333,129.75302376107172,137.55436521546858,0.9533095171782033,0.9815745317941129,0.02881666666666667,-1.0200837971292074,-2.697963037906381,-1.772349319012246,3.4030983136491404,2.6295970447438743,-0.3011356589575024,2.237831504338551,3.1036477066672714,-0.9269517744799781,0.9915813954260095,-0.8059700725738018,0.6864740675001684,1.7214260539452217,13,rising,0.0,1.3627686469482694,1.9908057813863755,0.75395139293983,1.2121443669629721
2026-09-06 22:31:00,Berbaring,60,1.0,1.0,1,63.2,41.0,34.59961100305645,939.0666666666667,195.98295210074852,109.57088874795599,1.1418331764367664,0.9867555506650987,0.03481666666666667,-0.8714954862544128,9.218040379513468,6.074474815295044,2.3641323488711556,4.909762894889109,0.332801583990277,5.040447523846002,7.278281740225589,0.9966642033336626,0.9910434161787143,0.06953933249668766,0.9096001123704288,1.6756236660259614,13,rising,0.0,2.8026160195074508,1.9513366368072635,-0.03946914457911199,-0.793420537518942
2026-09-06 22:32:00,Berbaring,60,1.0,1.0,1,66.68333333333334,-42.0,-39.749374826340556,998.35,171.7730888928665,159.7214206153634,0.7860540122639027,0.9954428321463153,-0.012950000000000005,-0.5225633854360751,-9.442870632672333,-7.094712552247273,4.226113142652834,4.076265038147059,-0.8635557502617426,5.400579011638971,6.4108974683734194,-0.9995361923408724,0.997978158565623,-0.8541615108013989,0.9176373710815113,1.8885664500126111,13,peak,0.0,0.36013148779296955,2.13697993348399,0.1856432966767263,0.2251124412558383
2026-09-06 22:33:00,Berbaring,60,1.0,1.0,1,52.13333333333333,0.0,-4.904695748819068,1112.9,155.22391699341844,237.6067110848142,0.2753482725713949,0.9962579814059346,0.023550000000000005,-1.9800644572753516,0.0,-0.9227910066499958,7.1178255447395005,3.506509678911701,-2.580875421710721,3.5211780001621937,6.6568719519116,-0.8418392765304404,0.9999375892328435,-0.9102794278563083,0.8530346822545317,1.806888307499272,13,falling,0.4270803924906248,-1.8794010114767774,1.8955427276762402,-0.24143720580774963,-0.42708050248447593
2026-09-06 22:34:00,Berbaring,60,1.0,1.0,1,66.2,2.0,-20.092247846623994,955.2,184.06629240575256,143.99111319094,0.7465031676944159,0.9845234215073997,0.07634999999999999,-0.5709798013390981,0.44966050631773014,-3.612911349236054,3.6420808460064884,4.499495797135753,-0.9965510117649629,2.8309206440737396,6.31074636215271,-0.6175762510916093,0.9969505908768849,-0.7958905489778506,0.7337904781611984,1.5959953440892116,13,falling,0.5839364230863285,-0.6902573560884542,1.6493362417617095,-0.24620648591453076,-0.004769280106781126
2026-09-06 22:35:00,Berbaring,60,1.0,1.0,1,60.8,14.0,3.037510419561016,968.5833333333334,95.06916156265389,69.07033997604746,0.9390100752790626,0.984319621837719,0.005933333333333334,-1.111908034186665,3.147623544224111,0.4839854271677827,0.8604345585806956,1.4355000538733953,-0.3492195377071746,1.5438629940369537,3.2975896267504687,0.3845049084688979,0.7835480291653598,-0.28150663292462363,0.5677083269039745,1.078577891235614,13,falling,0.8764110375933473,-1.2870576500367858,1.085635527739866,-0.5637007140218435,-0.31749422810731276
2026-09-06 22:36:00,Berbaring,60,1.0,1.0,1,61.666666666666664,-13.0,-9.339260905807125,1011.0,83.1555617961127,121.88706915468369,0.42310499756474657,0.9824614161869476,-0.02738333333333333,-1.0250923918777963,-2.9227932910652457,-1.7082707115104714,2.8214054926676804,1.0253383034236134,-2.0840227124133124,2.0763157320264725,3.0728524983405037,-0.9350178252117729,0.9649433079966899,-0.897998370452306,0.6573944062610285,1.744689771801748,13,falling,0.7554149739887059,0.5324527379895188,1.7617503327028439,0.6761148049629779,1.2398155189848215
2026-09-06 22:37:00,Berbaring,60,1.0,1.0,1,59.983333333333334,13.0,15.2258960822451,981.1166666666667,126.52407711734348,100.74914307580227,0.8665356068969663,0.9834836913511068,0.002049999999999999,-1.1937150817469449,2.9227932910652457,2.6428734430455765,2.036600009780411,2.5184307781701047,-0.592925101512505,2.1522952753946725,3.095576112012915,0.5488441642528049,0.9632046308031312,-0.33325305236136565,0.6394180485498457,1.3224621412934345,13,plateau_persistent,0.7381491680192542,0.07597954336820001,1.3481364817270634,-0.4136138509757805,-1.0897286559387585
2026-09-06 22:38:00,Berbaring,60,1.0,1.0,1,63.8,-1.0,1.3403723256460482,946.3666666666667,95.51501198306104,88.7981905450094,0.8960753071137049,0.9842242521386121,0.010316666666666661,-0.8113923492713504,-0.22483025315886507,0.1833770288414823,1.5928869871834441,1.450849804784665,-0.4935937168653412,0.9685403269189229,1.4904454525541653,-0.4512018415137734,0.8855846031116397,-0.6825919593677714,0.41074973915047575,1.2737701214346087,13,falling,1.0,-1.1837549484757495,1.2737701214346087,-0.07436636029245469,0.3392474906833258
2026-09-06 22:39:00,Berbaring,60,1.0,1.0,1,63.55,-8.0,-2.8091136426784558,964.85,58.52214559825818,69.20407061604475,0.4384277909630616,0.9831163627635922,0.007499999999999999,-0.8364353230142932,-1.7986420252709205,-0.5516075521350993,0.865399688040806,0.17725835233731188,-2.032497670732131,1.2349353560203857,2.556309549229668,-0.7940774961744999,0.5964196115526611,-0.8246798167222308,0.4857578117751712,1.3792508382397326,13,falling,0.9466126263387132,0.26639502910146284,1.3802836978141322,0.10651357637952352,0.18087993667197821
2026-09-06 22:40:00,Berbaring,60,1.0,1.0,1,63.583333333333336,5.0,1.0252848013337579,935.45,67.5931059066063,55.98849760805142,1.0790193192101816,0.9836766511592359,0.010049999999999998,-0.8330962598485671,1.1241512657943253,0.12756662875929398,0.3747340419662686,0.4895536309466863,0.12158118000627179,0.6283455835826394,1.3575320197247094,-0.10147212889862478,0.45826384095198386,-0.27617691371175257,0.2903439840084183,0.6171512436870834,13,falling,1.0,-0.6065897724377464,0.6171512436870834,-0.7631324541270488,-0.8696460305065723
2026-09-06 22:41:00,Berbaring,60,1.0,1.0,1,62.88333333333333,-4.0,-6.7001944984717605,967.6333333333333,64.48832943074554,70.03618919251795,0.9347298303733248,0.9838071052187318,0.0037833333333333317,-0.9032165863288074,-0.8993210126354603,-1.2408216991818515,0.8962944512636265,0.3826622984318228,-0.36361246146728043,0.8412495839413588,1.2683454946411443,-0.7409978545714346,0.6465052568346272,-0.6836042631378715,0.30779283477007435,1.2365670565360969,13,tau_out,1.0,0.21290400035871948,1.2365670565360969,0.6194158128490135,1.3825482669760623
2026-09-06 22:42:00,Berbaring,60,1.0,1.0,1,62.766666666666666,4.0,0.023339816615759037,950.0166666666667,74.41602972630284,63.793097761700665,1.1058223564669447,0.9836005861245841,0.014416666666666664,-0.9149033074088475,0.8993210126354603,-0.04990453763963665,0.6645019676118332,0.7244534456048649,0.21171015165897566,0.6657744433710976,1.421563957172908,-0.23633262372410477,0.622802273888303,-0.4054735340303407,0.30544845592566805,0.8375221354825129,0,baseline,1.0,-0.17547514057026126,0.8375221354825129,-0.399044921053584,-1.0184607339025975
2026-09-06 22:43:00,Berbaring,60,1.0,1.0,1,64.3,-4.0,-7.315365379271961,940.2666666666667,65.59037410429401,79.88211653663717,0.9040097101449565,0.9829453009600224,0.02488333333333333,-0.7613064017854646,-0.8993210126354603,-1.349784861247079,1.2618524409613252,0.4206035236898653,-0.46691317394648385,0.9307229906300588,1.6206444981590966,-0.7118786947104939,0.7404302112558652,-0.712455281522026,0.3368973957779383,1.2946430230660912,0,baseline,1.0,0.2649485472589612,1.2946430230660912,0.4571208875835784,0.8561658086371624
2026-09-06 22:44:00,Berbaring,60,1.0,1.0,1,65.61666666666666,2.0,-0.03500972492354814,913.9333333333333,58.86579584872658,54.22411121713417,1.3003725849279963,0.9829877915363437,0.0006666666666666651,-0.6294134067392991,0.44966050631773014,-0.06023979691411492,0.309226190895346,0.18908955290109805,0.8659125787204358,0.4971862378753054,1.771453892327931,-0.21681845613839834,0.3303574799253547,-0.12707356332702804,0.2381356620720141,0.4785421522833431,0,baseline,1.0,-0.4335367527547534,0.4785421522833431,-0.8161008707827482,-1.2732217583663266
2026-09-06 22:45:00,Berbaring,60,1.0,1.0,1,77.1,3.0,-0.1166990830785692,791.9333333333333,99.7372593565454,36.10296011151384,1.7701631639573798,0.9961067261293747,-0.000416666666666667,0.5208938538532109,0.6744907594765952,-0.07470915989838292,-0.3635729612470256,1.5962134570372806,2.4456492844686872,1.2512082674607723,2.909801823879585,0.4443455354793815,0.0946255125089303,0.5924780277156971,0.4959658991234842,0.8963310375844877,0,baseline,1.0,0.7540220295854669,0.8963310375844877,0.4177888853011446,1.2338897560838928
2026-09-06 22:46:00,Berbaring,60,1.0,1.0,1,64.31666666666666,-8.0,-7.393720477910481,949.6666666666666,52.65772648142047,51.104578719540335,0.9660462194700381,0.996142475060013,0.02273333333333333,-0.7596368702026018,-1.7986420252709205,-1.3636636379870966,0.1934046954931718,-0.02464203524232345,-0.2583067112971007,0.9811961059892582,1.2150761825459537,-0.821671898541232,0.24692871874044417,-0.5644852136262669,0.3575996506912257,1.0874923298894246,0,baseline,1.0,-0.2700121614715141,1.0874923298894246,0.19116129230493684,-0.22662759299620777
2026-09-06 22:47:00,Berbaring,60,1.0,1.0,1,62.5,3.0,4.054459572103421,961.5166666666667,55.56626572845839,39.706550712590555,0.9887449381553931,0.9961010694088508,0.01783333333333333,-0.9416158127346531,0.6744907594765952,0.6641142316658671,-0.22977943527611358,0.07549323639634381,-0.1819790864332862,0.5589036949882179,1.2018988487174842,-0.21263005393161155,0.08064228657410763,-0.195159693348447,0.23485746219732329,0.3807361969612129,0,baseline,1.0,-0.4222924110010403,0.3807361969612129,-0.7067561329282117,-0.8979174252331485
2026-09-06 22:48:00,Berbaring,60,1.0,1.0,1,63.233333333333334,2.0,2.347318699638849,939.1166666666667,37.992903738241395,31.732462125438246,1.0342183229409851,0.9966495006494764,0.0055999999999999965,-0.8681564230886872,0.44966050631773014,0.3617340746067975,-0.5258400999256277,-0.5295229683143591,-0.029068452872197333,0.5235279435774058,1.195960901601863,-0.2805949668534231,-0.24300149929504442,-0.02648390321321856,0.24050640499576648,0.4430891468502787,0,baseline,1.0,-0.03537575141081206,0.4430891468502787,0.06235294988906581,0.7691090828172775
2026-09-06 22:49:00,Berbaring,60,1.0,1.0,1,64.4,-3.0,-2.6140594609613244,956.1333333333333,117.34007748979347,124.87811006289836,0.7427165708441924,0.996838210133988,-0.005466666666666667,-0.7512892122882866,-0.6744907594765952,-0.5170582568461256,2.9324563732293374,2.202243778675183,-1.009283974708851,1.6204194256068307,2.4711443870209733,-0.5999794252469981,0.9806279820478161,-0.7899094603792619,0.5852077254092908,1.5126240733805154,0,baseline,1.0,1.0968914820294249,1.5126240733805154,1.0695349265302367,1.007181976641171
2026-09-06 22:50:00,Berbaring,60,1.0,1.0,1,64.18333333333334,0.0,2.942484023339882,934.45,29.992894638790023,27.826337968654133,0.9747386169851526,0.9966683929021057,0.029416666666666664,-0.7729931228655039,0.0,0.4671537192064936,-0.6708660425674333,-0.8049475083480554,-0.2290773056245735,0.5724551096787517,1.305683532869011,-0.34086698047837205,-0.3932295295512019,-0.017014417012903908,0.25594075396271476,0.5801852473277774,0,baseline,1.0,-1.0479643159280791,0.5801852473277774,-0.932438826052738,-2.0019737525829746
2026-09-06 22:51:00,Berbaring,60,1.0,1.0,1,63.75,0.0,4.846346207279842,946.35,48.45085750758535,30.014685671054483,1.165236758611878,0.9970054639085705,-0.001683333333333332,-0.8164009440199387,0.0,0.8043784646766632,-0.5896174248507025,-0.16947623951591936,0.41149941118895045,0.5566623579707177,1.6104401613320583,-0.31704976765236914,-0.20061998448534651,0.01826147113644431,0.21822814003333446,0.4344259842295322,0,baseline,1.0,-0.01579275170803396,0.4344259842295322,-0.14575926309824522,0.7866795629544927
2026-09-06 22:52:00,Berbaring,60,1.0,1.0,1,63.4,-1.0,0.9202556265629915,950.6,33.72380339247395,31.07072304450726,0.7738983280279402,0.9968173356076853,-0.0031833333333333297,-0.8514611072600589,-0.22483025315886507,0.10896316206523068,-0.5504090409379762,-0.6764996760247702,-0.904430943226892,0.6279603073540855,1.5472640356284364,-0.47724313843270283,-0.29273744620936565,-0.27509189700032977,0.290421359034744,0.6880961729097939,0,baseline,1.0,0.07129794938336775,0.6880961729097939,0.25367018868026164,0.39942945177850686
2026-09-06 22:53:00,Berbaring,60,1.0,1.0,1,62.43333333333333,2.0,3.1242011669908645,957.1666666666666,36.15886166399819,30.619590494222784,0.8367567401435176,0.9972967888240599,-0.010583333333333333,-0.9482939390661049,0.44966050631773014,0.4993406695184398,-0.5671586169205463,-0.5926654208317598,-0.6930607171802402,0.6460200494233717,1.4617099956827655,-0.3020395813259223,-0.26403868041753203,-0.15817337309424953,0.2852061501081534,0.517016148161445,0,baseline,1.0,0.018059742069286178,0.517016148161445,-0.17108002474834882,-0.42475021342861047
2026-09-06 22:54:00,Berbaring,96,1.0,1.0,1,67.40625,-1.0,4.096337579617865,895.25,61.37237506445902,98.49376149092681,0.3586197422048651,0.9912675818652592,0.03002708333333333,-0.45014745302939896,-0.22483025315886507,0.6715319431703999,1.9528625689734034,0.27538613318854754,-2.3008634270185797,1.2837197752588745,2.857797277332858,-0.21107899025380036,0.8434330049000834,-0.7779489840003121,0.49686720786544325,1.2680753991149216,0,baseline,1.0,0.6376997258355028,1.2680753991149216,0.7510592509534766,0.9221392757018254
2026-09-06 22:55:00,Berbaring,120,1.0,1.0,1,67.875,-6.0,0.029174770769679503,884.8833333333333,60.1854533547618,99.63943399439144,0.3170016841868287,0.9886305827921281,0.03392,-0.40319187726138106,-1.3489815189531904,-0.048871011712190625,1.9953989114204767,0.2345227589241626,-2.440809983650019,1.412968171414913,3.0528704987938746,-0.5606499868646387,0.8445228217910885,-0.8513415029812851,0.538760286040719,1.4291928508113987,0,baseline,1.0,0.12924839615603845,1.4291928508113987,0.16111745169647707,-0.5899417992569995
2026-09-06 22:56:00,Berbaring,120,1.0,1.0,1,69.875,-1.0,1.116143373159238,859.65,46.27623489401862,65.39620681313419,0.5659808275505225,0.9895971533740181,0.02457666666666667,-0.20284808731783796,-0.22483025315886507,0.1436601039152651,0.7240219398426101,-0.24434420849480024,-1.603582697079033,0.7379841396997863,1.7432161527622285,-0.15617779123552578,0.36070458437649533,-0.540599204607334,0.33164251133200007,0.7461458001021688,0,baseline,1.0,-0.6749840317151267,0.7461458001021688,-0.6830470507092299,-0.844164502405707
2026-09-06 22:57:00,Berbaring,120,1.0,1.0,1,67.95,-14.0,-1.7988330091691982,896.6,75.52120298856697,133.52530997290867,0.2878225629621433,0.989009761030212,0.028804166666666665,-0.3956789851384979,-3.147623544224111,-0.37265992012554144,3.253508205640586,0.7625023820038889,-2.5389288708685522,2.1531316955218296,4.58230602409823,-0.8390068284273524,0.967979357365501,-0.9054420426938462,0.6916041641608472,1.7143681363685228,0,baseline,1.0,1.4151475558220432,1.7143681363685228,0.968222336266354,1.651269386975584
2026-09-06 22:58:00,Berbaring,84,1.0,1.0,1,67.19047619047619,-6.0,-2.703027849272716,891.2738095238095,48.10714727613371,57.66448448641796,0.677484076398457,0.9922761452411903,0.024361904761904765,-0.4717619244146771,-1.3489815189531904,-0.5328169301136999,0.43695981030705683,-0.1813095051066966,-1.2286373855336383,0.8225530550686921,1.5018852257712123,-0.6316075147209071,0.2815391171265251,-0.6339292183431154,0.35240648842692157,1.0021222051620309,0,baseline,1.0,-1.3305786404531375,1.0021222051620309,-0.7122459312064919,-1.680468267472846
2026-09-06 22:59:00,Berbaring,60,1.0,1.0,1,63.15,-2.0,2.6624062239511623,961.8666666666667,49.12884018428592,41.373659023791326,1.0071938573349488,0.9973703849553385,0.02821666666666667,-0.8765040810030017,-0.44966050631773014,0.4175444746889899,-0.16788330893359318,-0.1461346327052627,-0.11994200840260011,0.44883619598805796,1.312489960145815,-0.5037686613346475,0.046398000229413074,-0.3154444744689405,0.20341237151080538,0.6299344790728852,0,baseline,1.0,-0.3737168590806342,0.6299344790728852,-0.37218772608914563,0.3400582051173463
2026-09-06 23:00:00,Berbaring,60,1.0,1.0,1,65.2,5.0,8.965823839955602,913.3333333333334,47.394724252870695,27.728709957951587,1.0300036040807414,0.9971872916177754,0.012233333333333334,-0.6711516963108697,1.1241512657943253,1.534047769454949,-0.6744907594765952,-0.20583682514500598,-0.04324103611491066,0.8724142362076848,1.5632559006949638,0.1956632104851801,-0.2804761331122788,0.24795102795603258,0.2829905632911073,0.5084430394441998,0,baseline,1.0,0.4235780402196268,0.5084430394441998,-0.12149143962868547,0.25069628646046016
2026-09-06 23:01:00,Berbaring,60,1.0,1.0,1,64.36666666666666,-2.0,-4.257849402611781,937.2833333333333,37.12511675113373,31.1630485225746,1.0359696696702763,0.997051303299165,0.01641666666666667,-0.7546282754540136,-0.44966050631773014,-0.8082172752643312,-0.5469811955984173,-0.5593991633036556,-0.023179303884856155,0.5827416096155605,1.3498826605733452,-0.5857531153782862,-0.2819173935632383,-0.17007656464873563,0.2313261596891446,0.7106489702856826,0,baseline,1.0,-0.2896726265921242,0.7106489702856826,0.20220593084148286,0.32369737047016833
2026-09-06 23:02:00,Berbaring,60,1.0,1.0,1,64.7,-1.0,-4.074465129202489,933.3833333333333,38.15094537188248,33.00539247158545,0.9228418443318911,0.9976794424682346,-0.0006833333333333313,-0.7212376437967555,-0.22483025315886507,-0.7757350318302494,-0.4785789489848074,-0.5240819064717226,-0.40358748171114334,0.5536364227646807,1.381079734554906,-0.5230215059742979,-0.24491054987062394,-0.2295160275741207,0.22020815050454068,0.6593192774457522,0,baseline,1.0,-0.029105186850879816,0.6593192774457522,-0.051329692839930385,-0.25353562368141325
2026-09-06 23:03:00,Berbaring,60,1.0,1.0,1,64.98333333333333,0.0,1.4520700194498803,927.2833333333333,39.76971493471761,43.70315894411885,0.5384786085300934,0.9973290896351961,0.034716666666666667,-0.692855606888087,0.0,0.20316166802405777,-0.08139401461795893,-0.4683508620789119,-1.696062765465807,0.7771668606092887,2.0389871424959707,-0.3369042975401177,-0.023279095707054984,-0.47127368742436243,0.3450790837270171,0.6747035530382004,0,baseline,1.0,0.22353043784460802,0.6747035530382004,0.015384275592448149,0.06671396843237853
2026-09-06 23:04:00,Berbaring,60,1.0,1.0,1,64.78333333333333,1.0,2.565712697971719,922.0333333333333,38.42225990877131,43.67386838443576,0.5836235271222988,0.9976878888929716,0.014166666666666668,-0.7128899858824416,0.22483025315886507,0.40041747360556523,-0.08248150975586145,-0.5147410819053874,-1.5442566455443112,0.750065007853332,1.8248711122487238,-0.2585722906642865,-0.031461716811438334,-0.4084605862797153,0.33031782909326335,0.5863440865950252,0,baseline,1.0,-0.02710185275595678,0.5863440865950252,-0.08835946644317516,-0.10374374203562331
2026-09-06 23:05:00,Berbaring,60,1.0,1.0,1,65.91666666666667,-1.0,-1.2686857460404979,914.0666666666667,37.77761271704274,24.9045636005852,1.4562855237822678,0.9976335301725353,-0.001683333333333332,-0.5993618382477666,-0.22483025315886507,-0.27875670728882856,-0.7793452062878,-0.5369350136945438,1.3901917009583686,0.7433930860868277,2.2642383466308953,-0.41274185756653836,-0.416129080485542,0.27281374084543975,0.3312693092382889,0.7264199508896456,0,baseline,1.0,-0.0066719217665042185,0.7264199508896456,0.14007586429462038,0.22843533073779554
2026-09-06 23:06:00,Berbaring,60,1.0,1.0,1,65.76666666666667,1.0,0.7768824673520627,917.4666666666667,49.48941563493153,34.76141441603592,1.2112850133057471,0.9978741017787142,0.004716666666666669,-0.6143876224935328,0.22483025315886507,0.08356795356221632,-0.41338165172242536,-0.1337207308700359,0.5663431254367824,0.3967607498745292,1.134944376997371,-0.2523573667132405,-0.1370448079595986,0.04980547412885304,0.19467545801080444,0.35049199581165974,0,baseline,1.0,-0.34663233621229855,0.35049199581165974,-0.3759279550779859,-0.5160038193726062
2026-09-06 23:07:00,Berbaring,60,1.0,1.0,1,64.33333333333333,3.0,2.9508196721311974,925.8833333333333,45.82172220670782,31.10942960212372,1.2178277116874625,0.9987748720601805,0.019133333333333332,-0.7579673386197391,0.6744907594765952,0.4686301848171309,-0.5489719501596412,-0.25999218417655817,0.5883438662979333,0.5721569079749482,1.3595954884933188,-0.14324821713498498,-0.21207125800982055,0.15427959736022956,0.2557248242311537,0.3933085939512493,0,baseline,1.0,0.17539615810041903,0.3933085939512493,0.042816598139589546,0.4187445532175754
2026-09-06 23:08:00,Berbaring,60,1.0,1.0,1,65.8,-2.0,-1.1327957024201423,918.5833333333334,28.93375933712263,28.140988863884797,1.0196461476658945,0.9991332656228893,0.01933333333333333,-0.6110485593278073,-0.44966050631773014,-0.2546869580399776,-0.6591837352847371,-0.841411448534723,-0.07806943584682201,0.5460512214674926,1.204358081483028,-0.4693044135776478,-0.4224694751727629,-0.041349512866068035,0.2544346686883958,0.6820365627303602,0,baseline,1.0,-0.026105686507455594,0.6820365627303602,0.2887279687791109,0.24591137063952134
2026-09-06 23:09:00,Berbaring,60,1.0,1.0,1,65.68333333333334,2.0,2.2889691580995284,909.6666666666666,26.01021094582525,28.79677477232712,0.7648001871843038,0.9987402871858989,0.013716666666666665,-0.6227352804078466,0.44966050631773014,0.35139881533231687,-0.6348358226926907,-0.9420634554173846,-0.9350247177433046,0.6926093447272793,1.4723129272859306,-0.1536693996337694,-0.43018894501273314,-0.03490500760208755,0.31004648154398007,0.5531943537930181,0,baseline,1.0,0.14655812325978668,0.5531943537930181,-0.1288422089373421,-0.417570177716453
2026-09-06 23:10:00,Berbaring,60,1.0,1.0,1,65.08333333333333,0.0,3.0525145873854207,924.3,37.99210444289708,30.61211679899406,0.9474839912752123,0.9985945571804883,-0.016683333333333335,-0.6828384173909104,0.0,0.4866430652669363,-0.5674360990619373,-0.529550486477129,-0.3207248067821686,0.4844862611002805,1.1893665162488445,-0.2936578792182809,-0.2985343649112296,-0.06138561513137215,0.2149649193940586,0.47469551016949874,0,baseline,1.0,-0.20812308362699883,0.47469551016949874,-0.07849884362351933,0.050343365313822774
2026-09-06 23:11:00,Berbaring,60,1.0,1.0,1,65.96666666666667,-1.0,1.6171158655182531,913.1166666666667,34.24987525236056,28.239892447099173,1.1068055472788287,0.9986071523950676,0.012966666666666666,-0.5943532434991782,-0.22483025315886507,0.23239568711473318,-0.6555116591267365,-0.6583880591212496,0.2150162686473082,0.47735635598759724,1.2246905844500728,-0.3447594523244533,-0.38529059016534095,0.06520274219696252,0.226045920011958,0.5680282337886645,0,baseline,1.0,-0.0071299051126832436,0.5680282337886645,0.09333272361916578,0.1718315672426851
2026-09-06 23:12:00,Berbaring,60,1.0,1.0,1,63.9,-1.0,-0.8469019171991858,944.7166666666667,38.759183347760455,36.0247090344523,0.8957508746141589,0.998398131899397,-0.010450000000000006,-0.8013751597741731,-0.22483025315886507,-0.2040475473904509,-0.3664782545142342,-0.5031414721978783,-0.49468466664370686,0.47724151162771916,1.100598616542321,-0.4920885819647183,-0.1655360042269344,-0.27155406792167514,0.22692801868788803,0.628324182779787,0,baseline,1.0,-0.00011484435987807462,0.628324182779787,0.06029594899112245,-0.03303677462804333
2026-09-06 23:13:00,Berbaring,60,1.0,1.0,1,64.96666666666667,1.0,4.2878577382606835,921.85,34.581676837327535,28.539297913994464,1.0044470282157631,0.9983294383351492,0.011716666666666665,-0.6945251384709498,0.22483025315886507,0.7054552687637863,-0.644395381628699,-0.6469647847491933,-0.12917860653311378,0.5599221523101762,1.2268929670385411,-0.20574240281297596,-0.36032002737526914,0.05911297380031741,0.2312602776333781,0.47868164590420187,0,baseline,1.0,0.08268064068245701,0.47868164590420187,-0.1496425368755851,-0.20993848586670755
2026-09-06 23:14:00,Berbaring,60,1.0,1.0,1,64.75,-2.0,-0.7885523756598549,932.3166666666667,28.285165104198196,32.09598950605638,0.8617222137146869,0.9990756581904575,0.03146666666666667,-0.7162290490481671,-0.44966050631773014,-0.1937122881159684,-0.5123431144397246,-0.8637412691700485,-0.6091108111215721,0.5961352614152744,1.250516295910658,-0.5064035093771205,-0.34034106078746973,-0.20998581667844587,0.276482748867547,0.7020066278852874,0,baseline,1.0,0.03621310910509823,0.7020066278852874,0.22332498198108558,0.3729675188566707
2026-09-06 23:15:00,Berbaring,60,1.0,1.0,1,65.31666666666666,1.0,-1.9888858016115238,917.7166666666667,35.88356484504711,32.38277424490697,1.03525553207544,0.9990025287896024,0.004100000000000003,-0.6594649752308303,0.22483025315886507,-0.40632333604812976,-0.5016954172806735,-0.6021433475178106,-0.025580691698652878,0.4592513153995181,1.3367862743267152,-0.3418670677467779,-0.28634047992520273,-0.03564065920215254,0.20908156817633838,0.4938110176909951,0,baseline,1.0,-0.13688394601575632,0.4938110176909951,-0.20819561019429234,-0.4315205921753779
2026-09-06 23:16:00,Berbaring,60,1.0,1.0,1,65.53333333333333,0.0,-4.59127535426501,917.7333333333333,46.328914962277295,30.790709582764887,1.1343209102302085,0.9984408369120039,0.031183333333333337,-0.6377610646536129,0.0,-0.8672758996899295,-0.5608053352214166,-0.24253053761159035,0.30754053534521814,0.5207064957565638,1.552843714326343,-0.4469320675746906,-0.23693410562220113,-0.05393837200668378,0.1887041194664144,0.5425906708670049,0,baseline,1.0,0.061455180357045724,0.5425906708670049,0.04877965317600974,0.2569752633703021
2026-09-06 23:17:00,Berbaring,60,1.0,1.0,1,64.91666666666667,-1.0,-2.552375659905458,931.0166666666667,37.71053517621881,34.43441321642235,1.0599549165829698,0.9987660097018346,-0.017000000000000005,-0.699533733219538,-0.22483025315886507,-0.5061324113273866,-0.4255224990983579,-0.5392443611713222,0.057474452567009664,0.4602939813198146,1.201673197123707,-0.48393694750066235,-0.22502389690583152,-0.13016460401031363,0.20171014357945471,0.5852012726361342,0,baseline,1.0,-0.06041251443674922,0.5852012726361342,0.04261060176912934,-0.006169051406880399
2026-09-06 23:18:00,Berbaring,60,1.0,1.0,1,64.61666666666666,0.0,-0.23173103639895412,928.85,36.32565745902624,35.07038926772599,1.0808528860966602,0.9995332976001882,-0.010533333333333334,-0.7295853017110707,0.0,-0.095084385325218,-0.40191008366150216,-0.5869229704727588,0.12774680580276876,0.42104340390187833,1.2080322053879335,-0.3931618959325883,-0.2182941756616788,-0.07051068119282466,0.20517457308000187,0.4992964902159402,0,baseline,1.0,-0.03925057741793625,0.4992964902159402,-0.085904782420194,-0.12851538418932335
2026-09-06 23:19:00,Berbaring,60,1.0,1.0,1,65.58333333333333,3.0,3.796054459572145,914.25,41.14695655693511,30.776394211765062,1.0926155160782267,0.9991076741991758,0.004283333333333334,-0.6327524699050247,0.6744907594765952,0.6183437977360244,-0.5613368339885285,-0.42093514847172,0.16730029871530605,0.5412850997626293,1.0465350398517441,-0.0528657287407541,-0.2797571214801768,0.15694239636128457,0.23068771420498047,0.3986308687933069,0,baseline,1.0,0.12024169586075095,0.3986308687933069,-0.1006656214226333,-0.014760839002439297
2026-09-06 23:20:00,Berbaring,60,1.0,1.0,1,65.15,1.0,-1.8988607946651461,924.0,44.50023804925854,28.296852553009842,1.452993757252957,0.999097344016413,0.0027,-0.676160291059458,0.22483025315886507,-0.3903775074532172,-0.653396853574966,-0.3054882782062817,1.3791226743639025,0.716747964488939,2.2701600111335494,-0.3478500035186872,-0.2917776901006147,0.24019850636446285,0.3180175179362299,0.6041227603413402,0,baseline,1.0,0.17546286472630968,0.6041227603413402,0.20549189154803327,0.30615751297066657
2026-09-06 23:21:00,Berbaring,60,1.0,1.0,1,65.76666666666667,-1.0,2.3173103639900363,916.65,39.088263876531485,32.80114714819114,1.1848170404588567,0.9990725415672155,0.020166666666666663,-0.6143876224935328,-0.22483025315886507,0.3564187984084898,-0.48616213614592085,-0.49181187842566343,0.4773408548519446,0.45846519158328997,1.390163387702788,-0.33805899549731544,-0.2612640865963538,0.05318075069864733,0.2118989158500416,0.4798668046082951,0,baseline,1.0,-0.258282772905649,0.4798668046082951,-0.12425595573304504,-0.3297478472810783
2026-09-06 23:22:00,Berbaring,60,1.0,1.0,1,64.7,-1.0,-2.11058627396489,931.1166666666667,32.05085559907517,32.44160333766881,0.9242758166393038,0.9990875929904856,0.02246666666666667,-0.7212376437967555,-0.22483025315886507,-0.427879733963462,-0.4995112202889495,-0.7340959700750912,-0.3987655487261809,0.5324840785769335,1.2191933972676945,-0.48408951883671214,-0.304078589116711,-0.1768790759964147,0.24081788053509023,0.6450472151071791,0,baseline,1.0,0.0740188869936435,0.6450472151071791,0.165180410498884,0.28943636623192903
2026-09-06 23:23:00,Berbaring,60,1.0,1.0,1,65.71666666666667,2.0,3.372603500972544,913.1666666666666,31.01075082397501,28.367144996531415,1.1413585225077023,0.9995180327251507,-0.01625,-0.6193962172421211,0.44966050631773014,0.5433393447155147,-0.6507870471599274,-0.7699047267536878,0.3312054935879974,0.5783652301103125,1.373689731963389,-0.12363310834465517,-0.4024171504478169,0.21611039522318606,0.2536491113573286,0.5369043518815864,0,baseline,1.0,0.045881151533379017,0.5369043518815864,-0.10814286322559274,-0.27332327372447673
2026-09-06 23:24:00,Berbaring,60,1.0,1.0,1,65.41666666666667,0.0,3.5426507363156583,918.0333333333333,37.873548153262774,30.174352112741854,0.9881381202772976,0.9993922458270899,-0.01788333333333333,-0.6494477857336522,0.0,0.573459243172564,-0.5836893551620427,-0.5336321457771002,-0.18401959664894918,0.48476070939887256,1.190669322695893,-0.26472006398670683,-0.3136131004240203,-0.009912424617860923,0.20744830494638022,0.4599597204338918,0,baseline,1.0,-0.09360452071143993,0.4599597204338918,-0.07694463144769453,0.03119823177789821
2026-09-06 23:25:00,Berbaring,60,1.0,1.0,1,65.33333333333333,-1.0,1.3803834398444674,926.0333333333333,40.517820589349746,33.14043052818144,1.2348714343560667,0.9993553266483558,0.016683333333333335,-0.6577954436479675,-0.22483025315886507,0.19046406377255967,-0.4735652779737779,-0.4425950593964133,0.6456557739947958,0.47549025324843736,1.4913688148216317,-0.38051949476835273,-0.23507120774106627,0.0490950946910902,0.22657831292582142,0.5037872753639621,0,baseline,1.0,-0.009270456150435202,0.5037872753639621,0.043827554930070234,0.12077218637776477
2026-09-06 23:26:00,Berbaring,60,1.0,1.0,1,64.0,-1.0,-2.077243678799617,938.6166666666667,30.5969377368072,33.04414099711609,0.9731566943364056,1.0004629433966734,0.02006666666666667,-0.7913579702769958,-0.22483025315886507,-0.42197387152091104,-0.4771403000285779,-0.7841514954481053,-0.23439674238093267,0.5404251867228258,1.315908665883782,-0.5124097365277727,-0.2914896309808743,-0.16681180437583837,0.24464046089300406,0.6597007474930524,0,baseline,1.0,0.06493493347438845,0.6597007474930524,0.15591347212909035,0.11208591719902011
2026-09-06 23:27:00,Berbaring,60,1.0,1.0,1,66.4,-1.0,1.893859405390428,907.7166666666667,37.77322685006758,30.64366000178642,1.0301524069975148,0.9994946812184744,-0.013083333333333336,-0.5509454223447435,-0.22483025315886507,0.2814143453879787,-0.5662649681569049,-0.5370860104470807,-0.04274066543903441,0.4171785581319118,1.0512636296782025,-0.3169536612425332,-0.32347928472213633,-0.004958999523388376,0.1972104327080938,0.4939787621594455,0,baseline,1.0,-0.12324662859091401,0.4939787621594455,-0.16572198533360694,-0.3216354574626973
2026-09-06 23:28:00,Berbaring,60,1.0,1.0,1,64.71666666666667,1.0,3.48596832453463,926.8333333333334,43.37857264793012,35.91680594307548,0.8619581212514784,0.9970316160437509,-0.010866666666666665,-0.7195681122138926,0.22483025315886507,0.563419277020216,-0.37048446294816473,-0.34410500643647557,-0.6083175389452715,0.5019105852469469,1.2292176419897651,-0.23908224782016027,-0.14485301375120693,-0.1717696901691587,0.21677898030097753,0.39324377881498424,0,baseline,1.0,0.08473202711503508,0.39324377881498424,-0.10073498334446124,0.0649870019891457
2026-09-06 23:29:00,Berbaring,60,1.0,1.0,1,64.4,-2.0,-3.6076687968879875,939.5166666666667,46.467590917215816,38.48023926068187,0.8651830890872091,0.9971103157478169,0.010416666666666664,-0.7512892122882866,-0.44966050631773014,-0.6930529576344154,-0.2753097274908697,-0.2377561979042399,-0.5974731323258646,0.5379358780054149,1.2777371613974826,-0.5730585784600313,-0.06052747856882109,-0.3811348778276421,0.2216601803768874,0.7255733875149618,0,baseline,1.0,0.036025292758468,0.7255733875149618,0.3323296086999776,0.4330645920444388
2026-09-06 23:30:00,Berbaring,60,1.0,1.0,1,64.35,3.0,5.69324812447907,929.2666666666667,36.703053337478416,28.948229652260256,0.8319038226808266,0.9973104369798486,-0.02021666666666666,-0.7562978070368763,0.6744907594765952,0.9543873707176873,-0.6292126305338197,-0.5739299744722378,-0.7093793327251043,0.7264413945910146,1.5245723427260633,-0.07034209694933742,-0.3259498156633264,-0.0012916205340630634,0.28524537164816444,0.43881417851351373,0,baseline,1.0,0.18850551658559977,0.43881417851351373,-0.2867592090014481,-0.6190888177014257
2026-09-06 23:31:00,Berbaring,60,1.0,1.0,1,64.96666666666667,0.0,3.0608502361767806,923.3833333333333,42.20574772756595,31.91195514781149,1.1652592576962915,0.9971156403207683,-0.02231666666666667,-0.6945251384709498,0.0,0.4881195308775814,-0.5191759121726359,-0.38448305603813304,0.41157506751557843,0.4667959455610495,1.296371619347755,-0.2993185230743243,-0.23810333179681714,0.04860832052769779,0.2064245220191816,0.4373312554386103,0,baseline,1.0,-0.25964544902996517,0.4373312554386103,-0.0014829230749034417,0.28527628592654464
2026-09-06 23:32:00,Berbaring,60,1.0,1.0,1,65.31666666666666,-1.0,1.528757988330147,925.45,45.75077104101588,33.187449128563905,1.2035476344060168,0.996665200957797,0.0015666666666666613,-0.6594649752308303,-0.22483025315886507,0.21674515164194955,-0.4718195790229849,-0.26243489292008904,0.5403251037909682,0.4312497657989889,1.2898387454586695,-0.3779304516128952,-0.1908474419044281,0.005169319373184153,0.2064030384212766,0.47104469901497453,0,baseline,1.0,-0.03554617976206059,0.47104469901497453,0.033713443576364244,0.035196366651267685
2026-09-06 23:33:00,Berbaring,60,1.0,1.0,1,65.0,0.0,0.21339260905811086,925.5166666666667,25.788245690996686,24.981688208820316,0.9484973584639391,0.997071968399209,-0.017066666666666667,-0.6911860753052242,0.0,-0.01624112171704368,-0.7764817363720393,-0.9497052815021588,-0.3173172174947459,0.58928716682128,1.3027782370998875,-0.3649533278535546,-0.4825124725184469,0.0011940854992160963,0.2758418293537015,0.6649055258520755,0,baseline,1.0,0.15803740102229114,0.6649055258520755,0.19386082683710099,0.16014738326073674
2026-09-06 23:34:00,Berbaring,60,1.0,1.0,1,65.43333333333334,2.0,4.731314253959479,913.5666666666667,35.427829081758986,28.97017753553951,1.2726107243478613,0.9973454592430318,-0.0005666666666666616,-0.6477782541507895,0.44966050631773014,0.784003239249832,-0.6283977530916786,-0.6178334312939835,0.7725594291768351,0.6595354770811545,1.7319799231352289,-0.10340842636948507,-0.354447753821456,0.28451094335187926,0.2708333033734106,0.5390952308603915,0,baseline,1.0,0.07024831025987444,0.5390952308603915,-0.12581029499168406,-0.31967112182878504
2026-09-06 23:35:00,Berbaring,60,1.0,1.0,1,66.08333333333333,0.0,-0.9119199777715513,910.0166666666667,33.29146664555993,27.66322897436479,1.1245528345637896,0.9968942081062928,-0.024983333333333333,-0.5826665224191389,0.0,-0.21556397915344006,-0.6769219267894145,-0.6913841778019775,0.27469401103506774,0.48264208295558264,1.2746230981492008,-0.33885743367851834,-0.4041672101996085,0.09060997616821138,0.22888853168677614,0.5820443470034377,0,baseline,1.0,-0.1768933941255718,0.5820443470034377,0.042949116143046195,0.16875941113473025
2026-09-06 23:36:00,Berbaring,60,1.0,1.0,1,69.26666666666667,2.0,5.974993053626042,869.3333333333334,59.996233403430175,43.67813710561554,1.1006561147501837,0.9966849986307054,0.006783333333333332,-0.2637859900923324,0.44966050631773014,1.0042919083573165,-0.08232302136990013,0.2280082890763365,0.1943379393689867,0.47904626622697966,1.0157153935500223,0.13954317003788835,0.06439238803462433,0.0800290060354497,0.12689867858454673,0.21477102312591148,0,baseline,1.0,-0.003595816728602985,0.21477102312591148,-0.3672733238775262,-0.4102224400205724
2026-09-06 23:37:00,Berbaring,60,1.0,1.0,1,65.48333333333333,-3.0,-3.6460127813280963,925.0166666666667,34.34594277801578,30.591623978257818,0.7251021144101597,0.997030385321865,0.01935,-0.6427696594022012,-0.6744907594765952,-0.6998446994433569,-0.5681969531785431,-0.6550806436249873,-1.0685150547320723,0.7361585056277948,1.7357363478796146,-0.5789269749993029,-0.33435601874097587,-0.334793373615898,0.31037284963792444,0.8095482063840542,0,baseline,1.0,0.2571122394008152,0.8095482063840542,0.5947771832581428,0.962050507135669
2026-09-06 23:38:00,Berbaring,60,1.0,1.0,1,66.96666666666667,10.0,6.5218116143373726,882.6166666666667,55.6295530733552,26.516064845961857,1.3641187989894825,0.9970370788792785,0.011133333333333332,-0.4941813485274067,2.2483025315886507,1.1011480524153037,-0.7195136500446915,0.07767209490031131,1.0802681633161766,1.1692104646384003,2.0133488629871823,0.513788293048356,-0.2705695077581785,0.5699511060781868,0.44632446381684765,0.9280280485649082,0,baseline,1.0,0.43305195901060545,0.9280280485649082,0.11847984218085394,-0.4762973410772888
2026-09-06 23:39:00,Berbaring,60,1.0,1.0,1,75.45,-6.0,-7.056960266740724,823.5333333333333,123.60070575557745,48.25181124202068,1.3530906656196733,0.9934565631509772,0.013833333333333336,0.3556102271497887,-1.3489815189531904,-1.3040144273172432,0.08748760838609135,2.4177848660651664,1.0431845182669957,1.3284223147609546,3.8010345833139256,-0.38397264027189554,0.5237129734410586,-0.2826779273919579,0.4865615582108065,0.8592783178871596,0,baseline,1.0,0.15921185012255434,0.8592783178871596,-0.06874973067774859,-0.18722957285860253
2026-09-06 23:40:00,Berbaring,60,1.0,1.0,1,63.85,-5.0,-5.079744373437027,957.1,54.515337602351,38.825555099876674,1.15276927683454,0.994894548183432,0.008766666666666673,-0.8063837545227613,-1.1241512657943253,-0.9537967844734373,-0.2624888971541292,0.0393118530824859,0.36957575526421876,0.7107192619473792,1.333823888718157,-0.7277023525590525,0.026729452269757682,-0.3283897932386473,0.27794460101464813,0.8457885285785888,0,baseline,1.0,-0.6177030528135754,0.8457885285785888,-0.01348978930857081,0.05525994136917778
2026-09-06 23:41:00,Berbaring,60,1.0,1.0,1,61.86666666666667,-1.0,0.4734648513476529,971.8,50.854994921586375,49.01573597204632,0.9398805519154355,0.9950976846266357,0.03041666666666667,-1.0050580128834417,-0.22483025315886507,0.02982460533492705,0.1158504815648506,-0.0867065284821603,-0.3462924379411135,0.4476675790166016,0.9522069092264882,-0.548167104064412,0.23837710512787694,-0.46357696697873524,0.21737914533835168,0.7870629678550163,0,baseline,1.0,-0.26305168293077763,0.7870629678550163,-0.05872556072357249,-0.04523577141500168
2026-09-06 23:42:00,Berbaring,60,1.0,1.0,1,59.06666666666667,-3.0,-8.055570991942139,1019.65,95.82077638195527,111.27428320009487,0.8474869274175167,0.9945078030514729,0.009899999999999997,-1.2855393188044018,-0.6744907594765952,-1.4808950074719087,2.4273757011550847,1.461376670176593,-0.6569789576623913,1.4583092416375179,2.355075148973908,-0.8115416046130197,0.9608992704810073,-0.8027286544638623,0.5165826842992804,1.5789737636971741,0,baseline,1.0,1.0106416626209163,1.5789737636971741,0.7919107958421578,0.8506363565657303
2026-09-06 23:43:00,Berbaring,60,1.0,1.0,1,52.15,-3.0,-0.11836621283685897,1114.6,157.37757684916633,227.70107523026093,0.49686684697249,0.9945378193845155,0.030066666666666672,-1.9783949256924889,-0.6744907594765952,-0.0750044530205151,6.750050707173718,3.580655941470212,-1.8359881493660208,3.319883128962344,6.126328914876743,-0.8621640322388212,0.9999098142956857,-0.8834649674575635,0.8376981704118092,1.7959384813092072,0,baseline,1.0,1.861573887324826,1.7959384813092072,0.21696471761203306,-0.5749460782301248
2026-09-06 23:44:00,Berbaring,60,1.0,1.0,1,57.583333333333336,2.0,2.362322867463237,1021.7,82.57021665204775,109.81996052090695,0.6345312611793794,0.9942228300464067,0.0235,-1.4341276296791963,0.44966050631773014,0.36439171270594817,2.3733798451635972,1.005186024212318,-1.3730722504408697,1.3490957580957244,2.268139347120057,-0.5364895233884888,0.95112817083645,-0.797899344523941,0.5202183092947857,1.4490466726029079,0,baseline,1.0,-1.9707873708666195,1.4490466726029079,-0.3468918087062993,-0.5638565263183324
2026-09-06 23:45:00,Berbaring,60,1.0,1.0,1,59.7,3.0,1.9338705195888068,990.0666666666667,64.10025692501635,99.56617763484525,0.6727361000070641,0.9948090503616773,0.02486666666666666,-1.222097118655613,0.6744907594765952,0.288501380319049,1.9926790612131449,0.36930172720478327,-1.244603122009253,1.1319513193685038,2.4473216986648016,-0.4024181277865624,0.8922223217691093,-0.7447105045292503,0.46023959984006424,1.3131699226876372,0,baseline,1.0,-0.21714443872722056,1.3131699226876372,-0.13587674991527066,0.21101505879102866
2026-09-06 23:46:00,Berbaring,60,1.0,1.0,1,62.983333333333334,15.0,12.121700472353492,936.4833333333333,105.38589164680485,55.8869925134945,0.9548954040369845,0.9949313565442208,0.004550000000000002,-0.8931993968316301,3.372453797382976,2.0930376496432492,0.3709653773180914,1.790684729635069,-0.29580289198895987,1.8249987599919706,3.3937562559756995,0.6828486713731188,0.6806596114596927,-0.05789179108464382,0.5865665135988452,1.1300405076894304,14,tau_in,0.0,0.6930474406234668,1.508970360550195,0.19580043786255774,0.3316771877778284
2026-09-06 23:47:00,Berbaring,60,1.0,1.0,1,76.58333333333333,-15.0,-30.673520422339497,841.75,163.70794841082505,80.14721624103011,1.2209116215699176,1.0066608001088868,0.042466666666666666,0.46913837478446235,-3.372453797382976,-5.487136795382462,1.27169501968655,3.7985981530274233,0.5987139457673842,3.111998826626644,6.019882083003107,-0.9180976203245476,0.9146482498212308,-0.7105369321289989,0.6936984849172644,1.6326558061154335,14,peak,0.0,1.2870000666346733,1.9145665256768791,0.40559616512668417,0.20979572726412643
2026-09-06 23:48:00,Berbaring,60,1.0,1.0,1,62.31666666666667,6.0,6.583495415393215,952.9833333333333,85.20533357752024,74.72219736906173,1.224682933321523,1.01368574352885,0.011666666666666664,-0.9599806601461442,1.3489815189531904,1.1120738979340385,1.070275800998801,1.0959079044140594,0.6113955104235758,1.0565928935439164,1.738327260001386,0.0434887298380584,0.7835978909647656,-0.277324147002545,0.4070063954922778,0.9265418570305726,14,falling,0.9732041074879249,-2.0554059330827275,0.9269292490180578,-0.9876372766588213,-1.3932334417855055
2026-09-06 23:49:00,Berbaring,60,1.0,1.0,1,66.35,1.0,2.7090858571825933,904.4666666666667,62.95235396755627,72.12042659471302,0.9934320129375628,1.014193786355593,-0.011883333333333338,-0.5559540170933333,0.22483025315886507,0.42581268210856993,0.9736776786804181,0.3297816916483931,-0.1662181401595694,0.5204777626257209,1.2164841958868202,-0.17270523263431378,0.6225505340556587,-0.43871167469755207,0.23563261355160214,0.8157125271303289,14,falling,1.0,-0.5361151309181955,0.8157125271303289,-0.11121672188772891,0.8764205547710924
2026-09-06 23:50:00,Berbaring,60,1.0,1.0,1,64.53333333333333,-7.0,-3.6276743539871643,951.1,61.27728033085152,50.65235450548328,1.0334754410349323,1.0146834322035028,0.018916666666666675,-0.7379329596253845,-1.5738117721120555,-0.6965964750999483,0.17661458839553437,0.2721122090044776,-0.03156649746358227,0.7759842574592154,1.321831475531481,-0.7541444296377228,0.3029392268143674,-0.5282461199779633,0.32662512206423344,1.022855771617749,14,tau_out,1.0,0.2555064948334945,1.022855771617749,0.20714324448742016,0.3183599663751491
2026-09-06 23:51:00,Berbaring,60,1.0,1.0,1,62.083333333333336,4.0,1.3820505696027305,960.1166666666667,73.22523684314352,67.6250881136053,0.7373883725216568,1.0153225347746717,0.011633333333333329,-0.9833541023062243,0.8993210126354603,0.19075935689468712,0.8067754823986264,0.6834567944707999,-1.0272007887986654,0.8149942776843552,1.6207313798077982,-0.2377939604984247,0.6702855959347372,-0.6074586427371406,0.3587578425156981,1.0017694045885408,0,baseline,1.0,0.039010020225139774,1.0017694045885408,-0.021086367029208297,-0.22822961151662846
2026-09-06 23:52:00,Berbaring,60,1.0,1.0,1,66.55,-2.0,-2.095582106140517,913.1,75.33444076982119,48.64886293025542,1.2885997911778906,1.013766026539151,-0.0027500000000000024,-0.5359196380989786,-0.44966050631773014,-0.42522209586431403,0.10222927891485686,0.7560725270431917,0.8263249087108113,0.567909559499597,1.3136527837515637,-0.4569402851056639,0.3385272024784031,-0.26570991183604104,0.25633777460003615,0.6780161523924889,0,baseline,1.0,-0.2470847181847582,0.6780161523924889,-0.3237532521960519,-0.3026668851668436
2026-09-06 23:53:00,Berbaring,60,1.0,1.0,1,64.25,-2.0,-5.953320366768523,939.8166666666667,76.33234462636526,64.69707771149157,0.960704656914829,1.0106447308752418,-0.0037999999999999987,-0.7663149965340529,-0.44966050631773014,-1.108530380468511,0.6980647882200888,0.7904283893015672,-0.2762684644934893,0.7310572938008782,1.2639470202698286,-0.6185486815381397,0.625996645458845,-0.6289962830265207,0.26982431512966254,1.1148613172294874,0,baseline,1.0,0.16314773430128127,1.1148613172294874,0.43684516483699853,0.7605984170330504
2026-09-06 23:54:00,Berbaring,60,1.0,1.0,1,67.16666666666667,16.0,6.875243123089794,879.8666666666667,86.00107738124251,63.58778797584499,1.2702656380683273,1.0107008758165352,0.002966666666666664,-0.4741469695330521,3.597284050541841,1.1637501943064374,0.6568792592615128,1.1233037946437219,0.7646737476853491,1.6732010299849636,2.99370213454577,0.7586245819175239,0.6272921755913018,0.22143782993220146,0.5846895935693983,1.1661489455472818,0,baseline,1.0,0.9421437361840853,1.1661489455472818,0.05128762831779432,-0.3855575365192042
2026-09-06 23:55:00,Berbaring,60,1.0,1.0,1,74.43333333333334,-17.0,-33.82272853570434,861.8333333333334,131.54030981925132,45.428282089017216,1.3597755777265057,0.9977402136397093,-0.011750000000000005,0.2537688005951544,-3.822114303700706,-6.044945503082253,-0.01734392296187087,2.6911297798149527,1.0656634727230057,3.151519248196284,5.939324605870025,-0.9574036881720178,0.5458771667441393,-0.5467065909138924,0.6582140339629579,1.3952553581163814,0,baseline,1.0,1.4783182182113204,1.3952553581163814,0.22910641256909958,0.17781878425130526
2026-09-06 23:56:00,Berbaring,60,1.0,1.0,1,63.13333333333333,1.0,4.104473464851396,942.1,68.663932258649,82.67846644416744,0.752003716648488,0.9975001437258051,-0.00566666666666667,-0.8781736125858645,0.22483025315886507,0.6729730253297053,1.365674865702116,0.5264200709470543,-0.9780546445060331,0.8537570933766057,1.469548746702125,-0.3046164997525572,0.7850357204513069,-0.6611869850092092,0.3577309079789932,1.1288099600796608,0,baseline,1.0,-2.2977621548196785,1.1288099600796608,-0.2664453980367205,-0.4955518106058201
2026-09-06 23:57:00,Berbaring,60,1.0,1.0,1,65.06666666666666,-3.0,-6.91858849680461,939.4,102.5470871587573,91.57621628911356,1.1151830561457003,0.9979078760344919,-0.003033333333333337,-0.6845079489737732,-0.6744907594765952,-1.2795050981806155,1.6960290753636627,1.6929502882555323,0.2431868170799126,1.1805618255787265,1.7740735648094663,-0.647366724159204,0.9038670545391924,-0.6665679097717427,0.44003462893215206,1.3689421393276273,0,baseline,1.0,0.3268047322021208,1.3689421393276273,0.24013217924796648,0.506577577284687
2026-09-06 23:58:00,Berbaring,60,1.0,1.0,1,55.266666666666666,-9.0,-3.7810502917476594,1088.85,122.41383341015627,170.64553409065456,0.5587384780905378,0.9975435291780227,-0.0005500000000000009,-1.6661925196971341,-2.0234722784297854,-0.7237634423357252,4.631701851738947,2.3769231913154765,-1.6279361128104248,2.4882079556358705,4.193209000346409,-0.9263475891187387,0.9980842035024633,-0.8818493114222135,0.7415891025885859,1.7837893760983168,15,tau_in,0.0,1.307646130057144,2.0449705470449255,0.6760284077172982,0.43589622846933174
2026-09-06 23:59:00,Berbaring,60,1.0,1.0,1,56.81666666666667,6.0,6.983606557377094,1032.65,99.84832989615224,136.8160957921129,0.6692365916192649,0.9980211157064329,0.015133333333333332,-1.5109260824908877,1.3489815189531904,1.182944247244757,3.375687966525425,1.6000373967231252,-1.256370709736751,1.8724254384736518,3.320492779582424,-0.24385921119496962,0.988091120161967,-0.7300557948753159,0.6287467951743564,1.4014618698703925,15,tau_out,0.4137745096914978,-0.6157825171622187,1.5191299148486481,-0.5258406321962774,-1.2018690399135756
